<?xml version="1.0" encoding="UTF-8" standalone="yes"?>
<addon id="repository.DEvmIb" name="DEvmIb Add-ons" version="1.0" provider-name="DEvmIb">
	<extension point="xbmc.addon.repository" name="DEvmIb">
		<info compressed="true">https://raw.githubusercontent.com/DEvmIb/kodi_repo/master/addons.xml</info>
		<checksum>https://raw.githubusercontent.com/DEvmIb/kodi_repo/master/addons.xml.md5</checksum>
		<datadir zip="true">https://raw.githubusercontent.com/DEvmIb/kodi_repo/master/</datadir>
	</extension>
	<extension point="xbmc.addon.metadata">
		<summary lang="en">DEvmIb Repository</summary>
	    <description lang="en">This is the official Repository of DEvmIb!</description>
		<disclaimer></disclaimer>
		<platform>all</platform>
	</extension>
</addon>
