{
  "categories": {
    "DE": {
   	"Movie": "Movie / Drama",
	"Spielfilm": "Movie / Drama",
	"Spielfilme": "Movie / Drama",
	"Familienfilm": "Movie / Drama",
	"Spielfilm/Sonstige": "Movie / Drama",
	"Drama (film)": "Movie / Drama",
	"Drama (Film)": "Movie / Drama",
	"Drama (Filme)": "Movie / Drama",
	"Drama (filme)": "Movie / Drama",
	"Drama": "Movie / Drama",
	"TV Drama": "Movie / Drama",
	"Spielfilm/Drama": "Movie / Drama",
	"Melodrama": "Movie / Drama",
	"Melodram": "Movie / Drama",
	"Thriller": "Detective / Thriller",
	"Agentenfilmparodie": "Detective / Thriller",
	"Spielfilm/Thriller": "Detective / Thriller",
	"Krimi": "Detective / Thriller",
	"Serie/Krimi": "Detective / Thriller",
	"Spielfilm/Krimi": "Detective / Thriller",
	"Abenteuer": "Adventure / Western / War",
	"Abenteuerfilm": "Adventure / Western / War",
	"Spielfilm/Abenteuer": "Adventure / Western / War",
	"Action": "Adventure / Western / War",
	"Spielfilm/Action": "Adventure / Western / War",
	"Actionfilm": "Adventure / Western / War",
	"Serie/Action": "Adventure / Western / War",
	"Western": "Adventure / Western / War",
	"Spielfilm/Western": "Adventure / Western / War",
	"Kriegsfilme": "Adventure / Western / War",
	"Spielfilm/Kriegsfilme": "Adventure / Western / War",
	"Sci Fi": "Science fiction / Fantasy / Horror",
	"Sci-Fi": "Science fiction / Fantasy / Horror",
	"Sci-Fi/Horror": "Science fiction / Fantasy / Horror",
	"Spielfilm/Science fiction": "Science fiction / Fantasy / Horror",
	"Serie/Science fiction": "Science fiction / Fantasy / Horror",
	"Fantasyabenteuer": "Science fiction / Fantasy / Horror",
	"Horror": "Science fiction / Fantasy / Horror",
	"Spielfilm/Horror": "Science fiction / Fantasy / Horror",
	"Spielfilm/Fantasy": "Science fiction / Fantasy / Horror",
	"Fantasyfilm": "Science fiction / Fantasy / Horror",
	"Komödie": "Comedy",
	"Teenagerkomödie": "Comedy",
	"Fantasykomödie": "Comedy",
	"Familienkomödie": "Comedy",
	"Spielfilm/Comedy": "Comedy",
	"Serie/Comedy": "Comedy",
	"Unterhaltung/Comedy": "Comedy",
	"Drama (Serie)": "Soap / Melodrama / Folkloric",
	"Drama (serie)": "Soap / Melodrama / Folkloric",
	"Serie/Drama": "Soap / Melodrama / Folkloric",
	"Serie/Soap": "Soap / Melodrama / Folkloric",
	"Theater": "Soap / Melodrama / Folkloric",
	"Romance": "Romance",
	"Serie/Romantik": "Romance",
	"Spielfilm/Romantik": "Romance",
	"Romanze": "Romance",
	"Liebesfilm": "Romance",
	"Heimatfilm": "Serious / Classical / Religious / Historical movie / Drama",
	"Historienfilm": "Serious / Classical / Religious / Historical movie / Drama",
	"Erotik": "Adult movie / Drama",
	"Erotik/Spielfilm-Erotik": "Adult movie / Drama",
	"Erotik/Serie-Erotik": "Adult movie / Drama",
	"Nachrichten": "News / Current affairs",
	"Nachrichten/Info/Sonstige": "News / Current affairs",
	"Nachrichten/Info/Politik": "News / Current affairs",
	"Nachrichten/Info/Finanzen": "News / Current affairs",
	"Wetter": "News / Weather report",
	"Nachrichten/Info/Wetter": "News / Weather report",
	"Info": "News magazine",
	"Nachrichten/Info/Magazin": "News magazine",
	"Dokumentation": "Documentary",
	"Dokufilm": "Documentary",
	"Dokumentarfilm": "Documentary",
	"Dokureihe": "Documentary",
	"Doku-Reihe": "Documentary",
	"Dokuserie": "Documentary",
	"Doku": "Documentary",
	"Studio-Doku": "Documentary",
	"Berühmte leute": "Documentary",
	"Nachrichten/Info/Dokumentation": "Documentary",
	"Musikdokureihe": "Documentary",
	"Talk": "Discussion / Interview / Debate",
	"Talk-Show": "Discussion / Interview / Debate",
	"Series": "Show / Game show",
	"Reality": "Show / Game show",
	"Unterhaltung/Reality": "Soap / Melodrama / Folkloric",
	"Unterhaltung/Shows": "Show / Game show",
	"Unterhaltungsshow": "Show / Game show",
	"Unterhaltung/Game": "Show / Game show",
	"Unterhaltung/Sonstige": "Show / Game show",
	"Game Show": "Show / Game show",
	"Serie/Sonstige": "Soap / Melodrama / Folkloric",
	"Show": "Game show / Quiz / Contest",
	"Unterhaltung": "Game show / Quiz / Contest",
	"Talk Show": "Talk show",
	"Unterhaltung/Talkshow": "Talk show",
	"Sport": "Sports",
	"Snooker": "Sports",
	"Langlauf": "Winter sports",
	"Autosport": "Sports",
	"Sport/Golf": "Sports",
	"Radsport": "Sports",
	"Sport/Radsport": "Sports",
	"Sport/Sonstige": "Sports",
	"Extremsport": "Sports",
	"Special Event": "Special events (Olympic Games, World Cup, etc.)",
	"Sport/Besondere Ereignisse": "Special events (Olympic Games, World Cup, etc.)",
	"Sport Magazin": "Sports magazines",
	"Sport-Magazin": "Sports magazines",
	"Sport/Reportage": "Sports magazines",
	"Fußball": "Football / Soccer",
	"Fussball": "Football / Soccer",
	"Sport/Fußball": "Football / Soccer",
	"Squash": "Football / Soccer",
	"Sport/Squash": "Football / Soccer",
	"Tennis": "Tennis / Squash",
	"Tennis/Squash": "Tennis / Squash",
	"Tischtennis": "Tennis / Squash",
	"Sport/Tennis": "Tennis / Squash",
	"Team Sport": "Team sports (excluding football)",
	"Teamsport": "Team sports (excluding football)",
	"Sport/Mannschaftssport": "Sports",
	"Leichtathletik": "Athletics",
	"Sport/Leichtathletik": "Athletics",
	"Rund ums Auto": "Motor sport",
	"Motorsport": "Motor sport",
	"Motorradsport": "Motor sport",
	"Sport/Motorsport": "Motor sport",
	"Wassersport": "Water sport",
	"Sport/Wassersport": "Water sport",
	"Wintersport": "Winter sports",
	"Sport/Wintersport": "Winter sports",
	"Reitsport": "Equestrian",
	"Sport/Reiten": "Equestrian",
	"Kampfsport": "Martial Sports",
	"Judo": "Martial Sports",
	"Sport/Kampfsport": "Martial Sports",
	"Bogenschießen": "Special events (Olympic Games, World Cup, etc.)",
	"Specials": "Special events (Olympic Games, World Cup, etc.)",
	"Kinder": "Children's / Youth programs",
	"Kids/Jugend": "Children's / Youth programs",
	"Jugend": "Children's / Youth programs",
	"Kinderfilm": "Children's / Youth programs",
	"Jugendfilm": "Children's / Youth programs",
	"Märchenfilm": "Children's / Youth programs",
	"Kinder/Jugend/Serien": "Children's / Youth programs",
	"Kinderabenteuer": "Children's / Youth programs",
	"Kinder/Jugend/Show": "Children's / Youth programs",
	"Kinder/Jugend": "Children's / Youth programs",
	"Kinder, 0-6": "Pre-school children's programs",
	"Kinder, 6-14": "Entertainment programs for 6 to 14",
	"Kids, 6-14": "Entertainment programs for 6 to 14",
	"Kinder, 10-16": "Entertainment programs for 10 to 16",
	"Zeichentrick": "Cartoons / Puppets",
	"Zeichentrickserie": "Cartoons / Puppets",
	"Animationsfilm": "Cartoons / Puppets",
	"Trickfilm": "Cartoons / Puppets",
	"Spielfilm/Zeichentrick": "Cartoons / Puppets",
	"Musik": "Music / Ballet / Dance",
	"Musik/Tanz": "Music / Ballet / Dance",
	"Musik/Tanz": "Music / Ballet / Dance",
	"Easy Listening": "Music / Ballet / Dance",
	"Musik/Sonstige": "Music / Ballet / Dance",
	"Clipcharts": "Music / Ballet / Dance",
	"Ballett": "Music / Ballet / Dance",
	"Tanz": "Music / Ballet / Dance",
	"Ballet": "Music / Ballet / Dance",
	"Tanzdoku": "Music / Ballet / Dance",
	"Musikdoku": "Music / Ballet / Dance",
	"Rock": "Rock / Pop",
	"Pop": "Rock / Pop",
	"Rock/Pop": "Rock / Pop",
	"Klassik": "Serious music / Classical music",
	"Volksmusik": "Folk / Traditional music",
	"Jazz": "Jazz",
	"Musical": "Musical / Opera",
	"Musik/Musical": "Musical / Opera",
	"Musik/Oper": "Musical / Opera",
	"Musical/Oper": "Musical / Opera",
	"Spielfilm/Musical": "Musical / Opera",
	"Konzert": "Musical / Opera",
	"Oper": "Musical / Opera",
	"Kunst": "Arts / Culture (without music)",
	"Kunst Magazin": "Arts / Culture (without music)",
	"Kunst/Kultur": "Arts / Culture (without music)",
	"Kunstmagazin": "Arts / Culture (without music)",
	"Kunstdoku": "Arts / Culture (without music)",
	"Kunstreportage": "Arts / Culture (without music)",
	"Lifestyle": "Arts / Culture (without music)",
	"Unterhaltung/Lifestyle": "Arts / Culture (without music)",
	"Kultur": "Arts / Culture (without music)",
	"Darstellende Kunst": "Performing arts",
	"Darst. Kunst": "Performing arts",
	"Porträt": "Performing arts",
	"Portrait": "Performing arts",
	"Bildende Kunst": "Fine arts",
	"Religion": "Religion",
	"Themen/Religion": "Religion",
	"Populäre Kunst": "Popular culture / Traditional arts",
	"Literatur": "Literature",
	"Literaturmagazin": "Literature",
	"Film": "Film / Cinema",
	"Kino": "Film / Cinema",
	"Film/Kino": "Film / Cinema",
	"Politik": "Social / Political issues / Economics",
	"Themen/Politik": "Social / Political issues / Economics",
	"Soziales/Politik": "Social / Political issues / Economics",
	"Magazin": "Magazines / Reports / Documentary",
	"Wissen": "Magazines / Reports / Documentary",
	"Reportage": "Magazines / Reports / Documentary",
	"Report": "Magazines / Reports / Documentary",
	"Reportagereihe": "Magazines / Reports / Documentary",
	"Wissenschaft": "Economics / Social advisory",
	"Themen/Wissenschaft": "Economics / Social advisory",
	"Wirtschaft": "Economics / Social advisory",
	"Themen/Wirtschaft": "Economics / Social advisory",
	"Berühmte Leute": "Remarkable people",
	"Weiterbildung": "Education / Science / Factual topics",
	"Fortbildung": "Education / Science / Factual topics",
	"Bildung": "Education / Science / Factual topics",
	"Themen/Bildung": "Education / Science / Factual topics",
	"Geschichte": "Education / Science / Factual topics",
	"Themen/Geschichte": "Education / Science / Factual topics",
	"Natur": "Nature / Animals / Environment",
	"Themen/Natur": "Nature / Animals / Environment",
	"Technologie": "Technology / Natural sciences",
	"Medizin": "Medicine / Physiology / Psychology",
	"Expeditionen": "Foreign countries / Expeditions",
	"Soziales": "Social / Spiritual sciences",
	"Sprachen": "Languages",
	"Freizeit": "Leisure hobbies",
	"Garten": "Gardening",
	"Unterhaltung/Haus&amp;Garten": "Gardening",
	"Special Interest/Sonstige": "Leisure hobbies",
	"Reisen": "Tourism / Travel",
	"Themen/Reise": "Tourism / Travel",
	"Reisedoku": "Tourism / Travel",
	"Unterhaltung/Kunst und Handwerk": "Handicraft",
	"Heimwerken": "Handicraft",
	"Rund Ums Auto": "Motoring",
	"Gesundheit": "Fitness and health",
	"Themen/Gesundheit": "Fitness and health",
	"Kochen": "Cooking",
	"Unterhaltung/Kochen": "Cooking",
	"Shopping": "Advertisement / Shopping",
	"Mode": "Fashion",
	"Liveübertragung": "undefined content",
	"Undefiniert": "undefined content",
	"FILM": "Movie / Drama"
    },
    "AT": {
   	"Movie": "Movie / Drama",
	"Spielfilm": "Movie / Drama",
	"Spielfilme": "Movie / Drama",
	"Familienfilm": "Movie / Drama",
	"Spielfilm/Sonstige": "Movie / Drama",
	"Drama (film)": "Movie / Drama",
	"Drama (Film)": "Movie / Drama",
	"Drama (Filme)": "Movie / Drama",
	"Drama (filme)": "Movie / Drama",
	"Drama": "Movie / Drama",
	"TV Drama": "Movie / Drama",
	"Spielfilm/Drama": "Movie / Drama",
	"Melodrama": "Movie / Drama",
	"Melodram": "Movie / Drama",
	"Thriller": "Detective / Thriller",
	"Agentenfilmparodie": "Detective / Thriller",
	"Spielfilm/Thriller": "Detective / Thriller",
	"Krimi": "Detective / Thriller",
	"Serie/Krimi": "Detective / Thriller",
	"Spielfilm/Krimi": "Detective / Thriller",
	"Abenteuer": "Adventure / Western / War",
	"Abenteuerfilm": "Adventure / Western / War",
	"Spielfilm/Abenteuer": "Adventure / Western / War",
	"Action": "Adventure / Western / War",
	"Spielfilm/Action": "Adventure / Western / War",
	"Actionfilm": "Adventure / Western / War",
	"Serie/Action": "Adventure / Western / War",
	"Western": "Adventure / Western / War",
	"Spielfilm/Western": "Adventure / Western / War",
	"Kriegsfilme": "Adventure / Western / War",
	"Spielfilm/Kriegsfilme": "Adventure / Western / War",
	"Sci Fi": "Science fiction / Fantasy / Horror",
	"Sci-Fi": "Science fiction / Fantasy / Horror",
	"Sci-Fi/Horror": "Science fiction / Fantasy / Horror",
	"Spielfilm/Science fiction": "Science fiction / Fantasy / Horror",
	"Serie/Science fiction": "Science fiction / Fantasy / Horror",
	"Fantasyabenteuer": "Science fiction / Fantasy / Horror",
	"Horror": "Science fiction / Fantasy / Horror",
	"Spielfilm/Horror": "Science fiction / Fantasy / Horror",
	"Spielfilm/Fantasy": "Science fiction / Fantasy / Horror",
	"Fantasyfilm": "Science fiction / Fantasy / Horror",
	"Komödie": "Comedy",
	"Teenagerkomödie": "Comedy",
	"Fantasykomödie": "Comedy",
	"Familienkomödie": "Comedy",
	"Spielfilm/Comedy": "Comedy",
	"Serie/Comedy": "Comedy",
	"Unterhaltung/Comedy": "Comedy",
	"Drama (Serie)": "Soap / Melodrama / Folkloric",
	"Drama (serie)": "Soap / Melodrama / Folkloric",
	"Serie/Drama": "Soap / Melodrama / Folkloric",
	"Serie/Soap": "Soap / Melodrama / Folkloric",
	"Theater": "Soap / Melodrama / Folkloric",
	"Romance": "Romance",
	"Serie/Romantik": "Romance",
	"Spielfilm/Romantik": "Romance",
	"Romanze": "Romance",
	"Liebesfilm": "Romance",
	"Heimatfilm": "Serious / Classical / Religious / Historical movie / Drama",
	"Historienfilm": "Serious / Classical / Religious / Historical movie / Drama",
	"Erotik": "Adult movie / Drama",
	"Erotik/Spielfilm-Erotik": "Adult movie / Drama",
	"Erotik/Serie-Erotik": "Adult movie / Drama",
	"Nachrichten": "News / Current affairs",
	"Nachrichten/Info/Sonstige": "News / Current affairs",
	"Nachrichten/Info/Politik": "News / Current affairs",
	"Nachrichten/Info/Finanzen": "News / Current affairs",
	"Wetter": "News / Weather report",
	"Nachrichten/Info/Wetter": "News / Weather report",
	"Info": "News magazine",
	"Nachrichten/Info/Magazin": "News magazine",
	"Dokumentation": "Documentary",
	"Dokufilm": "Documentary",
	"Dokumentarfilm": "Documentary",
	"Dokureihe": "Documentary",
	"Doku-Reihe": "Documentary",
	"Dokuserie": "Documentary",
	"Doku": "Documentary",
	"Studio-Doku": "Documentary",
	"Nachrichten/Info/Dokumentation": "Documentary",
	"Musikdokureihe": "Documentary",
	"Talk": "Discussion / Interview / Debate",
	"Talk-Show": "Discussion / Interview / Debate",
	"Series": "Show / Game show",
	"Reality": "Show / Game show",
	"Unterhaltung/Reality": "Soap / Melodrama / Folkloric",
	"Unterhaltung/Shows": "Show / Game show",
	"Unterhaltungsshow": "Show / Game show",
	"Unterhaltung/Game": "Show / Game show",
	"Unterhaltung/Sonstige": "Show / Game show",
	"Serie/Sonstige": "Soap / Melodrama / Folkloric",
	"Show": "Game show / Quiz / Contest",
	"Unterhaltung": "Game show / Quiz / Contest",
	"Talk Show": "Talk show",
	"Unterhaltung/Talkshow": "Talk show",
	"Sport": "Sports",
	"Snooker": "Sports",
	"Langlauf": "Winter sports",
	"Autosport": "Sports",
	"Sport/Golf": "Sports",
	"Radsport": "Sports",
	"Sport/Radsport": "Sports",
	"Sport/Sonstige": "Sports",
	"Extremsport": "Sports",
	"Special Event": "Special events (Olympic Games, World Cup, etc.)",
	"Sport/Besondere Ereignisse": "Special events (Olympic Games, World Cup, etc.)",
	"Sport Magazin": "Sports magazines",
	"Sport-Magazin": "Sports magazines",
	"Sport/Reportage": "Sports magazines",
	"Fußball": "Football / Soccer",
	"Fussball": "Football / Soccer",
	"Sport/Fußball": "Football / Soccer",
	"Squash": "Football / Soccer",
	"Sport/Squash": "Football / Soccer",
	"Tennis": "Tennis / Squash",
	"Tennis/Squash": "Tennis / Squash",
	"Tischtennis": "Tennis / Squash",
	"Sport/Tennis": "Tennis / Squash",
	"Team Sport": "Team sports (excluding football)",
	"Teamsport": "Team sports (excluding football)",
	"Sport/Mannschaftssport": "Sports",
	"Leichtathletik": "Athletics",
	"Sport/Leichtathletik": "Athletics",
	"Rund ums Auto": "Motor sport",
	"Motorsport": "Motor sport",
	"Motorradsport": "Motor sport",
	"Sport/Motorsport": "Motor sport",
	"Wassersport": "Water sport",
	"Sport/Wassersport": "Water sport",
	"Wintersport": "Winter sports",
	"Sport/Wintersport": "Winter sports",
	"Reitsport": "Equestrian",
	"Sport/Reiten": "Equestrian",
	"Kampfsport": "Martial Sports",
	"Judo": "Martial Sports",
	"Sport/Kampfsport": "Martial Sports",
	"Bogenschießen": "Special events (Olympic Games, World Cup, etc.)",
	"Kinder": "Children's / Youth programs",
	"Kids/Jugend": "Children's / Youth programs",
	"Jugend": "Children's / Youth programs",
	"Kinderfilm": "Children's / Youth programs",
	"Jugendfilm": "Children's / Youth programs",
	"Märchenfilm": "Children's / Youth programs",
	"Kinder/Jugend/Serien": "Children's / Youth programs",
	"Kinderabenteuer": "Children's / Youth programs",
	"Kinder/Jugend/Show": "Children's / Youth programs",
	"Kinder/Jugend": "Children's / Youth programs",
	"Kinder, 0-6": "Pre-school children's programs",
	"Kinder, 6-14": "Entertainment programs for 6 to 14",
	"Kids, 6-14": "Entertainment programs for 6 to 14",
	"Kinder, 10-16": "Entertainment programs for 10 to 16",
	"Zeichentrick": "Cartoons / Puppets",
	"Zeichentrickserie": "Cartoons / Puppets",
	"Animationsfilm": "Cartoons / Puppets",
	"Trickfilm": "Cartoons / Puppets",
	"Spielfilm/Zeichentrick": "Cartoons / Puppets",
	"Musik": "Music / Ballet / Dance",
	"Musik/Tanz": "Music / Ballet / Dance",
	"Musik/Tanz": "Music / Ballet / Dance",
	"Easy Listening": "Music / Ballet / Dance",
	"Musik/Sonstige": "Music / Ballet / Dance",
	"Clipcharts": "Music / Ballet / Dance",
	"Ballett": "Music / Ballet / Dance",
	"Tanz": "Music / Ballet / Dance",
	"Ballet": "Music / Ballet / Dance",
	"Tanzdoku": "Music / Ballet / Dance",
	"Musikdoku": "Music / Ballet / Dance",
	"Rock": "Rock / Pop",
	"Pop": "Rock / Pop",
	"Rock/Pop": "Rock / Pop",
	"Klassik": "Serious music / Classical music",
	"Volksmusik": "Folk / Traditional music",
	"Jazz": "Jazz",
	"Musical": "Musical / Opera",
	"Musik/Musical": "Musical / Opera",
	"Musik/Oper": "Musical / Opera",
	"Musical/Oper": "Musical / Opera",
	"Spielfilm/Musical": "Musical / Opera",
	"Konzert": "Musical / Opera",
	"Oper": "Musical / Opera",
	"Kunst": "Arts / Culture (without music)",
	"Kunst Magazin": "Arts / Culture (without music)",
	"Kunst/Kultur": "Arts / Culture (without music)",
	"Kunstmagazin": "Arts / Culture (without music)",
	"Kunstdoku": "Arts / Culture (without music)",
	"Kunstreportage": "Arts / Culture (without music)",
	"Lifestyle": "Arts / Culture (without music)",
	"Unterhaltung/Lifestyle": "Arts / Culture (without music)",
	"Kultur": "Arts / Culture (without music)",
	"Darstellende Kunst": "Performing arts",
	"Darst. Kunst": "Performing arts",
	"Porträt": "Performing arts",
	"Portrait": "Performing arts",
	"Bildende Kunst": "Fine arts",
	"Religion": "Religion",
	"Themen/Religion": "Religion",
	"Populäre Kunst": "Popular culture / Traditional arts",
	"Literatur": "Literature",
	"Literaturmagazin": "Literature",
	"Film": "Film / Cinema",
	"Kino": "Film / Cinema",
	"Film/Kino": "Film / Cinema",
	"Politik": "Social / Political issues / Economics",
	"Themen/Politik": "Social / Political issues / Economics",
	"Soziales/Politik": "Social / Political issues / Economics",
	"Magazin": "Magazines / Reports / Documentary",
	"Wissen": "Magazines / Reports / Documentary",
	"Reportage": "Magazines / Reports / Documentary",
	"Report": "Magazines / Reports / Documentary",
	"Reportagereihe": "Magazines / Reports / Documentary",
	"Wissenschaft": "Economics / Social advisory",
	"Themen/Wissenschaft": "Economics / Social advisory",
	"Wirtschaft": "Economics / Social advisory",
	"Themen/Wirtschaft": "Economics / Social advisory",
	"Berühmte Leute": "Remarkable people",
	"Weiterbildung": "Education / Science / Factual topics",
	"Fortbildung": "Education / Science / Factual topics",
	"Bildung": "Education / Science / Factual topics",
	"Themen/Bildung": "Education / Science / Factual topics",
	"Geschichte": "Education / Science / Factual topics",
	"Themen/Geschichte": "Education / Science / Factual topics",
	"Natur": "Nature / Animals / Environment",
	"Themen/Natur": "Nature / Animals / Environment",
	"Technologie": "Technology / Natural sciences",
	"Medizin": "Medicine / Physiology / Psychology",
	"Expeditionen": "Foreign countries / Expeditions",
	"Soziales": "Social / Spiritual sciences",
	"Sprachen": "Languages",
	"Freizeit": "Leisure hobbies",
	"Garten": "Gardening",
	"Unterhaltung/Haus&amp;Garten": "Gardening",
	"Special Interest/Sonstige": "Leisure hobbies",
	"Reisen": "Tourism / Travel",
	"Themen/Reise": "Tourism / Travel",
	"Reisedoku": "Tourism / Travel",
	"Unterhaltung/Kunst und Handwerk": "Handicraft",
	"Heimwerken": "Handicraft",
	"Rund Ums Auto": "Motoring",
	"Gesundheit": "Fitness and health",
	"Themen/Gesundheit": "Fitness and health",
	"Kochen": "Cooking",
	"Unterhaltung/Kochen": "Cooking",
	"Shopping": "Advertisement / Shopping",
	"Mode": "Fashion",
	"Liveübertragung": "undefined content",
	"Undefiniert": "undefined content",
	"FILM": "Movie / Drama"
	},
	"CH": {
   	"Movie": "Movie / Drama",
	"Spielfilm": "Movie / Drama",
	"Spielfilme": "Movie / Drama",
	"Familienfilm": "Movie / Drama",
	"Spielfilm/Sonstige": "Movie / Drama",
	"Drama (film)": "Movie / Drama",
	"Drama (Film)": "Movie / Drama",
	"Drama (Filme)": "Movie / Drama",
	"Drama (filme)": "Movie / Drama",
	"Drama": "Movie / Drama",
	"TV Drama": "Movie / Drama",
	"Spielfilm/Drama": "Movie / Drama",
	"Melodrama": "Movie / Drama",
	"Melodram": "Movie / Drama",
	"Thriller": "Detective / Thriller",
	"Agentenfilmparodie": "Detective / Thriller",
	"Spielfilm/Thriller": "Detective / Thriller",
	"Krimi": "Detective / Thriller",
	"Serie/Krimi": "Detective / Thriller",
	"Spielfilm/Krimi": "Detective / Thriller",
	"Abenteuer": "Adventure / Western / War",
	"Abenteuerfilm": "Adventure / Western / War",
	"Spielfilm/Abenteuer": "Adventure / Western / War",
	"Action": "Adventure / Western / War",
	"Spielfilm/Action": "Adventure / Western / War",
	"Actionfilm": "Adventure / Western / War",
	"Serie/Action": "Adventure / Western / War",
	"Western": "Adventure / Western / War",
	"Spielfilm/Western": "Adventure / Western / War",
	"Kriegsfilme": "Adventure / Western / War",
	"Spielfilm/Kriegsfilme": "Adventure / Western / War",
	"Sci Fi": "Science fiction / Fantasy / Horror",
	"Sci-Fi": "Science fiction / Fantasy / Horror",
	"Sci-Fi/Horror": "Science fiction / Fantasy / Horror",
	"Spielfilm/Science fiction": "Science fiction / Fantasy / Horror",
	"Serie/Science fiction": "Science fiction / Fantasy / Horror",
	"Fantasyabenteuer": "Science fiction / Fantasy / Horror",
	"Horror": "Science fiction / Fantasy / Horror",
	"Spielfilm/Horror": "Science fiction / Fantasy / Horror",
	"Spielfilm/Fantasy": "Science fiction / Fantasy / Horror",
	"Fantasyfilm": "Science fiction / Fantasy / Horror",
	"Komödie": "Comedy",
	"Teenagerkomödie": "Comedy",
	"Fantasykomödie": "Comedy",
	"Familienkomödie": "Comedy",
	"Spielfilm/Comedy": "Comedy",
	"Serie/Comedy": "Comedy",
	"Unterhaltung/Comedy": "Comedy",
	"Drama (Serie)": "Soap / Melodrama / Folkloric",
	"Drama (serie)": "Soap / Melodrama / Folkloric",
	"Serie/Drama": "Soap / Melodrama / Folkloric",
	"Serie/Soap": "Soap / Melodrama / Folkloric",
	"Theater": "Soap / Melodrama / Folkloric",
	"Romance": "Romance",
	"Serie/Romantik": "Romance",
	"Spielfilm/Romantik": "Romance",
	"Romanze": "Romance",
	"Liebesfilm": "Romance",
	"Heimatfilm": "Serious / Classical / Religious / Historical movie / Drama",
	"Historienfilm": "Serious / Classical / Religious / Historical movie / Drama",
	"Erotik": "Adult movie / Drama",
	"Erotik/Spielfilm-Erotik": "Adult movie / Drama",
	"Erotik/Serie-Erotik": "Adult movie / Drama",
	"Nachrichten": "News / Current affairs",
	"Nachrichten/Info/Sonstige": "News / Current affairs",
	"Nachrichten/Info/Politik": "News / Current affairs",
	"Nachrichten/Info/Finanzen": "News / Current affairs",
	"Wetter": "News / Weather report",
	"Nachrichten/Info/Wetter": "News / Weather report",
	"Info": "News magazine",
	"Nachrichten/Info/Magazin": "News magazine",
	"Dokumentation": "Documentary",
	"Dokufilm": "Documentary",
	"Dokumentarfilm": "Documentary",
	"Dokureihe": "Documentary",
	"Doku-Reihe": "Documentary",
	"Dokuserie": "Documentary",
	"Doku": "Documentary",
	"Studio-Doku": "Documentary",
	"Nachrichten/Info/Dokumentation": "Documentary",
	"Musikdokureihe": "Documentary",
	"Talk": "Discussion / Interview / Debate",
	"Talk-Show": "Discussion / Interview / Debate",
	"Series": "Show / Game show",
	"Reality": "Show / Game show",
	"Unterhaltung/Reality": "Soap / Melodrama / Folkloric",
	"Unterhaltung/Shows": "Show / Game show",
	"Unterhaltungsshow": "Show / Game show",
	"Unterhaltung/Game": "Show / Game show",
	"Unterhaltung/Sonstige": "Show / Game show",
	"Serie/Sonstige": "Soap / Melodrama / Folkloric",
	"Show": "Game show / Quiz / Contest",
	"Unterhaltung": "Game show / Quiz / Contest",
	"Talk Show": "Talk show",
	"Unterhaltung/Talkshow": "Talk show",
	"Sport": "Sports",
	"Snooker": "Sports",
	"Langlauf": "Winter sports",
	"Autosport": "Sports",
	"Sport/Golf": "Sports",
	"Radsport": "Sports",
	"Sport/Radsport": "Sports",
	"Sport/Sonstige": "Sports",
	"Extremsport": "Sports",
	"Special Event": "Special events (Olympic Games, World Cup, etc.)",
	"Sport/Besondere Ereignisse": "Special events (Olympic Games, World Cup, etc.)",
	"Sport Magazin": "Sports magazines",
	"Sport-Magazin": "Sports magazines",
	"Sport/Reportage": "Sports magazines",
	"Fußball": "Football / Soccer",
	"Fussball": "Football / Soccer",
	"Sport/Fußball": "Football / Soccer",
	"Squash": "Football / Soccer",
	"Sport/Squash": "Football / Soccer",
	"Tennis": "Tennis / Squash",
	"Tennis/Squash": "Tennis / Squash",
	"Tischtennis": "Tennis / Squash",
	"Sport/Tennis": "Tennis / Squash",
	"Team Sport": "Team sports (excluding football)",
	"Teamsport": "Team sports (excluding football)",
	"Sport/Mannschaftssport": "Sports",
	"Leichtathletik": "Athletics",
	"Sport/Leichtathletik": "Athletics",
	"Rund ums Auto": "Motor sport",
	"Motorsport": "Motor sport",
	"Motorradsport": "Motor sport",
	"Sport/Motorsport": "Motor sport",
	"Wassersport": "Water sport",
	"Sport/Wassersport": "Water sport",
	"Wintersport": "Winter sports",
	"Sport/Wintersport": "Winter sports",
	"Reitsport": "Equestrian",
	"Sport/Reiten": "Equestrian",
	"Kampfsport": "Martial Sports",
	"Judo": "Martial Sports",
	"Sport/Kampfsport": "Martial Sports",
	"Bogenschießen": "Special events (Olympic Games, World Cup, etc.)",
	"Kinder": "Children's / Youth programs",
	"Kids/Jugend": "Children's / Youth programs",
	"Jugend": "Children's / Youth programs",
	"Kinderfilm": "Children's / Youth programs",
	"Jugendfilm": "Children's / Youth programs",
	"Märchenfilm": "Children's / Youth programs",
	"Kinder/Jugend/Serien": "Children's / Youth programs",
	"Kinderabenteuer": "Children's / Youth programs",
	"Kinder/Jugend/Show": "Children's / Youth programs",
	"Kinder/Jugend": "Children's / Youth programs",
	"Kinder, 0-6": "Pre-school children's programs",
	"Kids, 0-6": "Pre-school children's programs",
	"Kinder, 6-14": "Entertainment programs for 6 to 14",
	"Kids, 6-14": "Entertainment programs for 6 to 14",
	"Kinder, 10-16": "Entertainment programs for 10 to 16",
	"Kids, 10-16": "Entertainment programs for 10 to 16",
	"Zeichentrick": "Cartoons / Puppets",
	"Zeichentrickserie": "Cartoons / Puppets",
	"Animationsfilm": "Cartoons / Puppets",
	"Trickfilm": "Cartoons / Puppets",
	"Spielfilm/Zeichentrick": "Cartoons / Puppets",
	"Musik": "Music / Ballet / Dance",
	"Musik/Tanz": "Music / Ballet / Dance",
	"Musik/Tanz": "Music / Ballet / Dance",
	"Easy Listening": "Music / Ballet / Dance",
	"Musik/Sonstige": "Music / Ballet / Dance",
	"Clipcharts": "Music / Ballet / Dance",
	"Ballett": "Music / Ballet / Dance",
	"Tanz": "Music / Ballet / Dance",
	"Ballet": "Music / Ballet / Dance",
	"Tanzdoku": "Music / Ballet / Dance",
	"Musikdoku": "Music / Ballet / Dance",
	"Rock": "Rock / Pop",
	"Pop": "Rock / Pop",
	"Rock/Pop": "Rock / Pop",
	"Klassik": "Serious music / Classical music",
	"Volksmusik": "Folk / Traditional music",
	"Jazz": "Jazz",
	"Musical": "Musical / Opera",
	"Musik/Musical": "Musical / Opera",
	"Musik/Oper": "Musical / Opera",
	"Musical/Oper": "Musical / Opera",
	"Spielfilm/Musical": "Musical / Opera",
	"Konzert": "Musical / Opera",
	"Oper": "Musical / Opera",
	"Kunst": "Arts / Culture (without music)",
	"Kunst Magazin": "Arts / Culture (without music)",
	"Kunst/Kultur": "Arts / Culture (without music)",
	"Kunstmagazin": "Arts / Culture (without music)",
	"Kunstdoku": "Arts / Culture (without music)",
	"Kunstreportage": "Arts / Culture (without music)",
	"Lifestyle": "Arts / Culture (without music)",
	"Unterhaltung/Lifestyle": "Arts / Culture (without music)",
	"Kultur": "Arts / Culture (without music)",
	"Darstellende Kunst": "Performing arts",
	"Darst. Kunst": "Performing arts",
	"Porträt": "Performing arts",
	"Portrait": "Performing arts",
	"Bildende Kunst": "Fine arts",
	"Religion": "Religion",
	"Themen/Religion": "Religion",
	"Populäre Kunst": "Popular culture / Traditional arts",
	"Literatur": "Literature",
	"Literaturmagazin": "Literature",
	"Film": "Film / Cinema",
	"Kino": "Film / Cinema",
	"Film/Kino": "Film / Cinema",
	"Politik": "Social / Political issues / Economics",
	"Themen/Politik": "Social / Political issues / Economics",
	"Soziales/Politik": "Social / Political issues / Economics",
	"Magazin": "Magazines / Reports / Documentary",
	"Wissen": "Magazines / Reports / Documentary",
	"Reportage": "Magazines / Reports / Documentary",
	"Report": "Magazines / Reports / Documentary",
	"Reportagereihe": "Magazines / Reports / Documentary",
	"Wissenschaft": "Economics / Social advisory",
	"Themen/Wissenschaft": "Economics / Social advisory",
	"Wirtschaft": "Economics / Social advisory",
	"Themen/Wirtschaft": "Economics / Social advisory",
	"Berühmte Leute": "Remarkable people",
	"Berühmte leute": "Remarkable people",
	"Weiterbildung": "Education / Science / Factual topics",
	"Fortbildung": "Education / Science / Factual topics",
	"Bildung": "Education / Science / Factual topics",
	"Themen/Bildung": "Education / Science / Factual topics",
	"Geschichte": "Education / Science / Factual topics",
	"Themen/Geschichte": "Education / Science / Factual topics",
	"Natur": "Nature / Animals / Environment",
	"Themen/Natur": "Nature / Animals / Environment",
	"Technologie": "Technology / Natural sciences",
	"Medizin": "Medicine / Physiology / Psychology",
	"Expeditionen": "Foreign countries / Expeditions",
	"Soziales": "Social / Spiritual sciences",
	"Sprachen": "Languages",
	"Freizeit": "Leisure hobbies",
	"Garten": "Gardening",
	"Unterhaltung/Haus&amp;Garten": "Gardening",
	"Special Interest/Sonstige": "Leisure hobbies",
	"Reisen": "Tourism / Travel",
	"Themen/Reise": "Tourism / Travel",
	"Reisedoku": "Tourism / Travel",
	"Unterhaltung/Kunst und Handwerk": "Handicraft",
	"Heimwerken": "Handicraft",
	"Rund Ums Auto": "Motoring",
	"Gesundheit": "Fitness and health",
	"Themen/Gesundheit": "Fitness and health",
	"Kochen": "Cooking",
	"Unterhaltung/Kochen": "Cooking",
	"Shopping": "Advertisement / Shopping",
	"Mode": "Fashion",
	"Liveübertragung": "undefined content",
	"Undefiniert": "undefined content",
	"FILM": "Movie / Drama"
	},
	"NL": {
	"Muziek": "Music / Ballet / Dance",
    "Rock/Pop": "Rock / Pop"
	},
	"PL": {
	"MUZYKA": "Music / Ballet / Dance",
    "ROCK/POP": "Rock / Pop"
	},
	"IE": {

	},
	"GB": {
        },  
	"SK": {

	},
	"CZ": {
	"Akční": "Adventure / Western / War",
	"Balet": "Music / Ballet / Dance",
	"Bojová umění": "Martial sports",
	"Cestování": "Tourism / Travel",
	"Další vzdělávání": "Further education",
	"Dětský/Mládežnický": "Children's / Youth programs",
	"Diskuse": "Discussion",
	"Dobrodružný": "Adventure",
	"Ekonomika": "Economics",
	"Expedice": "Expeditions",
	"Extrémní sporty": "Sports",
	"FILM": "Film",
	"Fotbal": "Football",
	"Herní": "Game show",
	"Historický": "Historical movie",
	"Horor": "Horror",
	"Hudební": "Music",
	"Jezdectví": "Equestrian",
	"Kolektivní hry": "Team sports (excluding football)",
	"Komedie": "Comedy",
	"KOMEDIE": "Comedy",
	"Krimi": "Detective",
	"Magazín": "Magazines",
	"Melodrama": "Melodrama",
	"Móda": "Fashion",
	"Motorismus": "Motor sport",
	"Movie Drama": "Drama",
	"Muzikál": "Musical",
	"Muzikál/Opera": "Opera",
	"Náboženství": "Religion",
	"nedefinováno": "",
	"Příroda": "Nature",
	"Pro děti do 14 let": "Entertainment programs for 6 to 14",
	"Pro děti do 6 let": "Pre-school children's programs",
	"Rock/Pop": "Pop",
	"ROMANTIKA": "Romance",
	"Sci-fi": "Science fiction",
	"Sci-fi/Horor": "Science fiction",
	"Show": "Show",
	"Společenské vědy": "Social",
	"Společnost/Politika": "Political issues",
	"Sport": "Sports",
	"Thriller": "Thriller",
	"THRILLER": "Thriller",
	"TV Drama": "Drama",
	"Umění/Kultura": "Arts",
	"Vaření": "Cooking",
	"Varieté": "Variety show",
	"Volný čas": "Leisure hobbies",
	"Výtvarné umění": "Arts",
	"Vzdělávací": "Educational",
	"Western": "Western",
	"Zdraví": "Fitness and health",
	"Zimní sporty": "Winter sports",
	"Životní styl": "Leisure hobbies",
	"Známé osobnosti": "Remarkable people",
	"Zpravodajství": "News",
	"Zprávy": "News",
	"Zprávy/Počasí": "Weather report",
	"Zvláštní události": "News / Current Affairs"
	},
	"HU": {

	},
	"RO": {

	}
  }
}
