{
  "channels": {
    "DE": {
      "123.tv" : "123TV.de",
      "13th Street Universal" : "13thStreet.de",
      "3+" : "3plus.ch",
      "3sat" : "3sat.de",
      "A&amp;E" : "AandE.de",
      "Adult Channel" : "Adult.ero",
      "Al Jazeera" : "AlJazeera.nws",
      "Animal Planet" : "AnimalPlanet.de",
      "ANIXE" : "Anixe.de",
      "ARD alpha" : "ARD-alpha.de",
      "ARTE" : "ARTE.de",
      "ATV" : "ATV.tr",
      "ATV II" : "ATV2.tr",
      "Auto Motor Sport" : "AutoMotorSport.de",
      "AXN" : "AXN.de",
      "BBC Entertainment" : "BBCEntertainment.de",
      "BBC World News" : "BBCWorldNews.nws",
      "Beate-Uhse.TV" : "BeateUhse.de",
      "Belgien 1" : "Belgien1.bl",
      "Bibel TV" : "BibelTV.de",
      "Bloomberg Europe TV" : "Bloomberg.nws",
      "Blue Movie" : "BlueMovie1.de",
      "Blue Movie 2" : "BlueMovie2.de",
      "Blue Movie 3" : "BlueMovie3.de",
      "Bon Gusto" : "BonGusto.de",
      "Boomerang" : "Boomerang.de",
      "BR" : "BR.de",
      "BR Nord" : "BRNord.de",
      "BR Süd" : "BR.de",
      "Cartoon Network" : "CartoonNetwork.de",
      "Channel21" : "Channel21.uk",
      "Classica" : "Classica.eu",
      "CNBC" : "CNBC.nws",
      "CNN International" : "CNN.nws",
      "Comedy Central" : "ComedyCentral/VIVA.de",
      "Das Erste" : "ARD.de",
      "DAZN" : "DAZN.de",
      "DELUXE MUSIC" : "DeLuxeMusic.de",
      "Der Aktionär TV" : "AktionaerTV.de",
      "Deutsches Musik Fernsehen" : "DeutschesMusikFernsehen.de",
      "Discovery HD" : "DiscoveryHD.de",
      "Disney Channel" : "disneychannel.de",
      "Disney Cinemagic (HD)" : "DisneyCinemagic.de",
      "Disney Junior" : "DisneyJunior.de",
      "Disney XD" : "DisneyXD.de",
      "DMAX" : "DMax.de",
      "DR1" : "DR1.de",
      "DW (Europe)" : "DeutscheWelleDE.de",
      "E! Entertainment" : "EEntertainment.de",
      "eoTV" : "eoTV.de",
      "eSports1" : "Sport1US.de",
      "euronews (en)" : "EuronewsEN.nws",
      "euronews (ger)" : "EuronewsDE.nws",
      "Eurosport 1" : "Eurosport1.de",
      "Eurosport 2" : "Eurosport2.de",
      "EXTREME SPORTS" : "ExtremeSports.de",
      "Fashion TV" : "FashionTV.eu",
      "Fine Living Network" : "FineLivingNetwork.de",
      "Fix &amp; Foxi" : "FixFoxi.de",
      "Food Network" : "FoodNetwork.uk",
      "FOX" : "FOX.de",
      "France 24 (engl.)" : "France24.fr",
      "France 24 (franz.)" : "France24fr.fr",
      "freenet SHOPPING" : "FreenetShopping.de",
      "GEO Television" : "GEOTV.de",
      "Goldstar TV" : "GoldstarTV.de",
      "Gute Laune TV" : "GuteLauneTV.de",
      "Hamburg 1" : "Hamburg1.de",
      "Health TV" : "HealthTV.de",
      "Heimatkanal" : "Heimatkanal.de",
      "History HD" : "History.de",
      "HR" : "HR.de",
      "HSE24" : "HSE24.de",
      "Jukebox" : "Jukebox.de",
      "Junior" : "Junior.de",
      "kabel eins" : "Kabel.de",
      "kabel eins classics" : "KabelEinsClassic.de",
      "kabel eins Doku" : "KabelEinsDoku.de",
      "KiKA" : "Kika.de",
      "KinoweltTV" : "Kinowelt.de",
      "Köln.tv" : "KoelnTV.de",
      "K-TV" : "KTV.de",
      "Leipzig Fernsehen" : "LeipzigTV.de",
      "LUST PUR" : "LustPur.de",
      "Marco Polo TV" : "Marcopolo.it",
      "MDR" : "MDR.de",
      "MDR Sachsen" : "MDRSachsen.de",
      "MDR Sachsen-Anhalt" : "MDRS-Anhalt.de",
      "MDR Thüringen" : "MDRThuringen.de",
      "Melodie TV" : "MelodieTV.at",
      "Mezzo" : "Mezzo.be",
      "münchen2" : "MunchenTV2.de",
      "münchen.tv" : "MunchenTV.de",
      "Motors TV" : "MotorsTV.de",
      "Motorvision TV" : "MotorVision.de",
      "MTV" : "MTVGermany.de",
      "MTV Base" : "MTVBase.eu",
      "MTV Dance" : "MTVDance.eu",
      "MTV Hits" : "MTVHits.eu",
      "MTV Live HD" : "MTVLiveHD.eu",
      "N24 Doku" : "N24Doku.de",
      "Nat Geo HD" : "NatGeo.de",
      "NAT GEO WILD" : "NatGeoWild.de",
      "Nautical Channel" : "NauticalChannel.de",
      "NDR" : "ndr.de",
      "N3" : "ndr.de",
      "NDR HH" : "ndr.de",
      "NDR MV" : "ndrmv.de",
      "NDR NI" : "ndrni.de",
      "NDR SH" : "ndrsh.de",
      "NHK World TV" : "NHKworld.jp",
      "nick" : "Nickelodeon.de",
      "Nick Jr." : "NickJr.de",
      "Nicktoons" : "Nicktoons.de",
      "NITRO" : "RTLNitro.de",
      "NOW US" : "NowUS.uk",
      "NPO 1" : "NPO1.nl",
      "NPO 2" : "NPO2.nl",
      "NPO 3" : "NPO3.nl",
      "n-tv" : "ntv.de",
      "oe24.TV" : "oe24.TV",
      "ONE" : "One.de",
      "ORF 1" : "ORF1.at",
      "ORF 2" : "ORF2.at",
      "ORF III" : "ORF3.at",
      "ORF SPORT +" : "ORFSport.at",
      "PHOENIX" : "phoenix.de",
      "Planet" : "PLANET.de",
      "Playboy TV" : "PlayboyEurope.ero",
      "ProSieben" : "Pro7.de",
      "ProSieben Fun" : "ProSiebenFun.de",
      "ProSieben MAXX" : "ProSiebenMaxx.de",
      "PULS 4" : "Puls4.at",
      "PULS acht" : "Puls8.ch",
      "QVC" : "QVC.de",
      "QVC2" : "QVCPlus.de",
      "QVC Style " : "QVCStyle.de",
      "Radio Bremen TV" : "RadioBremen.de",
      "RBB" : "rbbBerlin.de",
      "RBB Berlin" : "rbbBerlin.de",
      "RBB Brandenburg" : "rbbBrandenburg.de",
      "RCK TV" : "RCKTV.de",
      "Regio TV" : "regioTV.de",
      "Regio TV Bodensee" : "regioTVBodensee.de",
      "rheinmaintv" : "rheinmaintv.de",
      "Rhein-Neckar Fernsehen" : "rheinneckartv.de",
      "RiC" : "RiC.de",
      "Romance TV" : "Romance.de",
      "RTL" : "RTL.de",
      "RTL Crime" : "RTLCrime.de",
      "RTL II" : "RTL2.de",
      "RTL Living" : "RTLLiving.de",
      "RTL Passion" : "RTLPassion.de",
      "RTLplus" : "RTLPlus.de",
      "Sachsen Fernsehen" : "SachsenTV.de",
      "SAT.1" : "Sat1.de",
      "SAT.1 emotions" : "Sat1Emotions.de",
      "SAT.1 Gold" : "Sat1Gold.de",
      "ServusTV" : "ServusHD.de",
      "Silverline" : "Silverline.de",
      "sixx" : "Sixx.de",
      "Sky 1" : "Sky1.de",
      "Sky Action" : "SkyAction.de",
      "Sky Arts HD" : "SkyArts.de",
      "Sky Atlantic HD" : "SkyAtlanticHD.de",
      "Sky Cinema" : "SkyCinema.de",
      "Sky Cinema+1" : "SkyCinemaPlus1.de",
      "Sky Cinema+24" : "SkyCinemaPlus24.de",
      "Sky Comedy" : "SkyComedy.de",
      "Sky Emotion" : "SkyEmotion.de",
      "Sky Family" : "SkyCinemaFamily.de",
      "Sky Hits HD" : "SkyCinemaHits.de",
      "Sky Krimi" : "SkyKrimi.de",
      "Sky Nostalgie" : "SkyNostalgie.de",
      "Sky select" : "SkySelect1.de",
      "Sky Sport Austria" : "SkySportAustria.de",
      "Sky Sport Bundesliga" : "SkyBundesliga.de",
      "Sky Sport HD 1" : "SkySport1.de",
      "Sky Sport HD 2" : "SkySport2.de",
      "Sky Sport News HD" : "SkySportNewsHD.de",
      "SKY Sport UHD" : "SkySportUHD.de",
      "Sonnenklar.TV" : "SonnenKlar.de",
      "Sony Entertainment Television" : "SonyEntertainmentTV.de",
      "Spiegel Geschichte" : "SpiegelGeschichte.de",
      "Spiegel TV Wissen" : "SpiegelTV.de",
      "SPORT1" : "Sport1HD.de",
      "SPORT1+" : "SPORT1Plus.de",
      "sportdigital" : "sportdigital.de",
      "SR" : "SRFernsehen.de",
      "SRF 1" : "SRF1.ch",
      "SRF zwei" : "SRF2.ch",
      "STAR TV" : "StarTV.ch",
      "SUPER RTL" : "SuperRTL.de",
      "SWR" : "SWR.de",
      "SWR BW" : "SWR.de",
      "SWR RP" : "SWR-rp.de",
      "Syfy" : "SciFi.de",
      "tagesschau24" : "tagesschau24.de",
      "Tele 5" : "Tele5.de",
      "TLC" : "TLC.de",
      "TNT Comedy" : "TNTComedy.de",
      "TNT Film" : "TNTFilm.de",
      "TNT Serie" : "TNTSerie.de",
      "TOGGO plus" : "TOGGOplus.de",
      "Trace TV" : "TraceTV.fr",
      "Travel Channel" : "TravelChannel.uk",
      "travelxp 4K" : "TravelXP.eu",
      "TV2" : "TV2.fr",
      "TV5 Monde" : "TV5MondeEurope.fr",
      "tv.berlin" : "TVBerlin.de",
      "Universal Channel HD" : "Universal.de",
      "VH1 Classic" : "VH1Classic.eu",
      "VOX" : "Vox.de",
      "WDR" : "WDR.de",
      "WDR Aachen" : "WDRAachen.de",
      "WDR Bielefeld" : "WDRBielefeld.de",
      "WDR Bonn" : "WDRBonn.de",
      "WDR Dortmund" : "WDRDortmund.de",
      "WDR Düsseldorf" : "WDRDuesseldorf.de",
      "WDR Duisburg" : "WDRDuisburg.de",
      "WDR Essen" : "WDREssen.de",
      "WDR Köln" : "WDR.de",
      "WDR Münster" : "WDRMuenster.de",
      "WDR Siegen" : "WDRSiegen.de",
      "WDR Wuppertal" : "WDRWuppertal.de",
      "WELT" : "WELT.de",
      "Welt der Wunder TV" : "WeltDerWunder.de",
      "Wetter.com TV" : "Wetterfernsehen.de",
      "ZDF" : "ZDF.de",
      "ZDFinfo" : "ZDFinfo.de",
      "ZDFneo" : "ZDFneo.de",
      "Zee.One" : "ZeeOne.de"
          }
  }
}
