 {
  "channels": {
    "CH": {
		"SRF 1 HD": "SRF1.ch",
		"SRF zwei HD": "SRF2.ch",
    "SRF info HD": "SRFinfo.ch",
    "Das Erste HD": "ARD.de",
		"ZDF HD": "ZDF.de",
    "ORF 1 HD": "ORF1.at",
		"ORF 2 HD": "ORF2.at",
    "RTL HD CH": "RTL.ch",
		"RTL ZWEI HD CH": "RTL2.ch",
    "Super RTL HD CH": "SuperRTL.ch",
    "RTL Nitro HD CH": "RTLNitro.ch",
    "VOX HD CH": "Vox.ch",
    "KiKA HD": "Kika.de",      
		"ProSieben CH HD": "Pro7.ch",
		"Sat.1 CH HD": "Sat1.ch",
    "Kabel eins CH HD": "Kabel.ch",
    "Puls 8": "Puls8.ch",
    "ProSieben MAXX HD CH": "ProSiebenMaxx.ch",
    "3+ HD": "3plus.ch",
    "4+ HD": "4plus.ch",
		"5+ HD": "5plus.ch",
		"6+ HD": "6plus.ch",
    "7+ HD": "Nickelodeon.ch",
		"TV24 HD": "TV24.ch",
    "TV25 HD": "TV25.ch",
    "RTL UP": "RTLPlus.de",
    "VOXup": "VOXup.de",
    "SAT.1 Gold HD CH": "Sat1Gold.de",
    "3Sat HD": "3sat.de",
    "DMAX HD": "DMax.ch",
    "Arte HD": "ARTE.de",
    "Phoenix HD": "phoenix.de",
    "Anixe HD": "AnixeHD.de",
		"ZDF Info HD": "ZDFinfo.de",
    "ZDF Neo HD": "ZDFneo.de",
    "SWR HD": "SWR.de",
    "WDR HD": "WDR.de",
    "BR HD": "BR.de",
    "HR HD": "HR.de",
    "MDR HD": "MDRS-Anhalt.de",
    "NDR HD": "ndr.de",
    "rbb HD": "rbbBerlin.de",
    "SR Fernsehen HD": "SRFernsehen.de",
    "tagesschau24 HD": "tagesschau24.de",
    "Welt HD": "WELT.de",
    "n-tv CH HD": "ntv.ch",
    "One HD": "One.de",
    "ARD-alpha HD": "ARD-alpha.de",
    "Star TV HD": "StarTV.ch",
    "SIXX CH HD": "Sixx.ch",
    "TLC HD": "TLC.de",
    "Tele 5": "Tele5.de",
    "Euronews DE": "Euronews.nws",
    "ServusTV HD AT": "ServusHD.de",
    "Welt der Wunder": "WeltDerWunder.de",
    "Disney Channel": "disneychannel.de",
    "Comedy Central HD": "ComedyCentral/VIVA.ch",
    "Sport 1 HD CH": "Sport1HD.de",
    "Eurosport CH": "Eurosport1.de",
    "Swiss Sport HD": "SwissSport.ch",
    "blue Zoom HD": "TCZoom.ch",
    "S1TV HD": "S1.ch",
    "SWISS 1 HD": "Swiss1.ch",
    "Tele Züri HD": "TeleZuri.ch",
    "Tele Top HD": "TeleTop.ch",
    "TeleBärn": "TeleBaern.ch",
    "Telebasel": "TeleBasel.ch",
    "Tele M1 HD": "TeleM1.ch",
    "Tele 1 HD": "Tele1.ch",
    "TVO HD": "TVO.ch",
    "Tele Südostschweiz HD": "TSO.ch",
    "Tele Z HD": "TeleZ.ch",
    "Kanal 9": "Kanal9.ch",
    "Tele D HD": "TeleD.ch",
    "MTV HD": "MTV.ch",
    "Deluxe Music": "DeLuxeMusic.de",
    "Melodie TV": "MelodieTV.at",
    "GoTV": "go.tv",
    "Channel 21": "Channel21.de",
    "Game TV": "GameTV.ch",
    "HSE 24": "HSE24.de",
    "HSE Trend": "HSE24Trend.de",
    "Sonnenklar TV": "SonnenKlar.de",
    "K-TV": "KTV.de",
    "QS24": "QS24.ch",
    "premiumshopping.tv": "premiumshopping.tv",
    "Bibel TV": "BibelTV.de",
    "wetter.tv": "Wetterfernsehen.ch",
    "RTS un HD": "RTSUn.ch",
		"RTS deux HD": "RTSDeux.ch",
    "TF1 Suisse HD": "TF1.fr",
    "M6 Suisse HD": "M6.fr",
    "W9 Suisse HD": "W9.fr",
    "France 2 HD": "France2.fr",
		"France 3": "France3.fr",
		"France 4": "France4.fr",
		"France 5": "France5.fr",
    "AB1": "AB1.fr",
    "RTL 9 HD CH": "RTL9.fr",
    "TMC CH": "TMC.fr",
    "NRJ12": "NRJ12.fr",
    "TF1 Séries Films": "TF1SeriesFilms.fr",
    "TFX CH": "TFX.fr",
    "ARTE HD": "ARTE.fr",
    "BFM TV": "BFMTV.fr",
    "Gulli": "Gulli.fr",
    "L´Equipe": "EquipeTV.fr",
    "6ter": "6ter.fr",
    "RMC Story": "Numero23.fr",
		"RMC Découverte": "RMCdecouverte.fr",
    "Cherie 25": "Cherie25.fr",
    "TV5 Monde FBS": "TV5MondeFBS.fr",
    "France24": "France24fr.fr",
    "Rouge TV": "RougeTV.ch",
    "Canal 8": "C8.fr",
    "lemanbleu": "LemanBleu.ch",
    "La Tele": "LaTele.ch",
    "Canal Alpha NE HD": "CanalAlpha.ch",  
		"TeleBielingue": "TeleBielingue.ch",
    "CNEWS": "CNews.fr",
    "TVM3": "TVM3.ch",
    "RSI LA1 HD": "RSILa1.ch",
		"RSI LA2 HD": "RSILa2.ch",
    "Canale 5 HD": "Canale5.it",
    "Italia1 HD": "Italia1.it",
    "Italia Due": "Italia2.it",
    "Rete4 HD": "Rete4.it",
    "La 7 HD": "La7.it",
    "Rai 1 HD": "Rai1.it",
		"Rai 2 HD": "Rai2.it",
		"Rai 3 HD": "Rai3.it",
    "Rai 5": "Rai5.it",
    "Rai Sport 1 HD": "RaiSport.it",
		"Rai Sport 2": "RaiSportPlus.it",
    "Rai Gulp": "RaiGulp.it",
    "Rai Premium": "RaiPremium.it",
    "Rai YoYo": "RaiYoyo.it",
    "Rai Movie": "RaiMovie.it",
    "Rai News": "RaiNews.it",
    "TV8": "Tv8.it",
    "Nove": "Nove.it",
    "Cielo": "Cielo.it",
    "IRIS": "Iris.it",
    "Cartoonito": "Cartoonito.it",
    "Focus": "Focus.it",
    "Frisbee": "Frisbee.it",
		"Giallo": "Giallo.it",
    "K2": "K2.it",
    "Mediaset Extra": "CineSonyItalia.it",
    "Real Time": "RealTime.it",
    "Sky TG24": "SkyTG24.it",
    "Super": "Super!.it",
    "TOP Crime": "TopCrime.it",
    "TeleTicino": "TeleTicino.ch",
    "BBC One HD": "BBC1London.uk",
		"BBC Two HD": "BBC2.uk",
    "CBBC HD": "CBBC.uk",
    "BBC Four / CBeebies HD": "BBC4.uk",
    "BBC NEWS": "BBCNews.nws",
    "BBC World": "BBCWorldNews.nws",
    "ITV HD": "ITV1London.uk",
		"ITV 2": "ITV2.uk",
		"ITV 3": "ITV3.uk",
    "ITV Granada HD": "ITV1Granada.uk",
    "Channel 4 HD": "Channel4.uk",
    "Channel 5": "Channel5.uk",
    "More4": "More4.uk",
    "CNN International": "CNN.nws",
    "CNBC Europe": "CNBC.nws",
    "Bloomberg Europe TV": "Bloomberg.nws",
    "Sky News International": "SkyNews.uk",
    "E4": "E4.uk",
    "Film Four": "Film4.uk",
    "Fashion TV": "FashionTV.eu",
    "Andalucia TV": "AndaluciaTVsat.sp",
    "DW-TV": "DeutscheWelleEN.de",
    "Al Jazeera English": "AlJazeera.nws",
    "TravelXP": "TravelXP.eu",
    "TV Galicia": "TVGalicia.pt",
    "TVE Internacional": "TVE.es",
    "RTP International": "RTPi.pt",
		"RedeRecord": "tvrecord.pt",	
    "TV Montenegro": "RTVMONTENEGROSat.rs",
    "Duna HD": "DunaTV.svn",
    "Arirang TV": "ArirangTv.kr",
    "BVN": "BVN.be",
    "TV Polonia": "TVPolonia.pl",
    "Boyah": "ERTWorld.gr",
    "RTK SAT": "RTK.svn",
    "RTS Sat": "RTSSAT.rs",
    "CCTV4": "CCTV4.nws",
    "Phoenix CNE": "PCNEChinese.uk",
    "Euro D": "EuroD.bg",
		"Euro Star": "EUROSTAR.il",
    "Kanal 7 Avrupa": "Kanal7.tr",
    "Show Türk": "15.Show TV.digiturk.com.tr",
    "ATV Avrupa": "ATV.tr",
    "TRT 1": "TRT1.tr",
    "TRT 3 SPOR": "TRT3.tr",
    "TRT Cocuk": "TRTCocuk.tr",
    "TRT Haber": "TRTHABER.tr",
    "TRT Turk": "TRTturk.tr",
    "TV Slovenija 1": "TVSlovenija1.svn",
    "TV Slovenija 2": "TVSlovenija2.svn",
    "Thai Global Network": "ThaiTVGlobalNetwork.nws"
		}
	}
}
