 {
  "channels": {
    "CH": {
		"SRF 1": "SRF1.ch",
		"SRF zwei": "SRF2.ch",
		"ProSieben Schweiz": "Pro7.ch",
		"RTL": "RTL.ch",
		"RTLZWEI": "RTL2.ch",
		"Sat.1": "Sat1.ch",
		"TV24": "TV24.ch",
		"ORF 1": "ORF1.at",
		"ORF 2": "ORF2.at",
	    	"ORF 3": "ORF3.at",
		"3+": "3plus.ch",
		"VOX": "Vox.ch",
		"TeleZüri": "TeleZuri.ch",
	    	"Tele Z": "TeleZ.ch",
	    	"1 FL TV": "1FLTV.de",
		"Teleclub Zoom de": "TCZoom.ch",
		"Kabel Eins": "Kabel.ch",
		"NITRO": "RTLNitro.ch",
		"sixx": "Sixx.ch",
		"Das Erste": "ARD.de",
		"ZDF": "ZDF.de",
		"Arte de": "ARTE.de",
		"3sat": "3sat.de",
		"Super RTL": "SuperRTL.ch",
		"Puls 8": "Puls8.ch",
		"TV25": "TV25.ch",
		"4+": "4plus.ch",
		"5+": "5plus.ch",
		"6+": "6plus.ch",
		"SWISS1": "Swiss1.ch",
		"MTV Schweiz": "MTV.ch",
		"KiKa": "Kika.de",
		"Nick Schweiz": "Nickelodeon.ch",
		"TLC Deutschland": "TLC.de",
		"DMAX": "DMax.ch",
		"Eurosport 1 de": "Eurosport1.de",
		"Sport1": "Sport1HD.de",
		"WELT": "WELT.de",
		"QS24": "QS24.ch",
		"n-tv": "ntv.ch",
		"SRF info": "SRFinfo.ch",
		"euronews de": "Euronews.nws",
		"S1": "S1.ch",
		"Star TV": "StarTV.ch",
		"Tele Top": "TeleTop.ch",
		"TeleBärn": "TeleBaern.ch",
		"Telebasel": "TeleBasel.ch",
		"wetter.tv": "Wetterfernsehen.ch",
		"Kanal9": "Kanal9.ch",
		"Phoenix": "phoenix.de",
		"ServusTV": "ServusHD.de",
		"ZDFneo": "ZDFneo.de",
		"SWR Fernsehen BW": "SWR.de",
		"Disney Channel": "disneychannel.de",
		"Sat.1 Gold ": "Sat1Gold.de",
		"BR Fernsehen Süd": "BR.de",
		"TeleBielingue": "TeleBielingue.ch",
		"WDR Fernsehen": "WDR.de",
		"RiC": "RiC.de",
		"Deluxe Music": "DeLuxeMusic.de",
		"Tele 5": "Tele5.de",
		"Anixe": "AnixeHD.de",
		"ZDFinfo": "ZDFinfo.de",
		"NDR Fernsehen": "ndr.de",
		"ARD-alpha": "ARD-alpha.de",
		"Tele 1": "Tele1.ch",
		"Tele M1": "TeleM1.ch",
		"TVO - das Ostschweizer Fernsehen": "TVO.ch",
		"Tele Südostschweiz": "TSO.ch",
		"Comedy Central": "ComedyCentral/VIVA.ch",
		"MDR Sachsen": "MDRSachsen.de",
		"ProSieben Maxx": "ProSiebenMaxx.ch",
		"RTS Un": "RTSUn.ch",
		"RTS Deux": "RTSDeux.ch",
		"M6 Suisse ": "M6.fr",
		"TF1": "TF1.fr",
		"France 2": "France2.fr",
		"France 3": "France3.fr",
		"France 4": "France4.fr",
		"France 5": "France5.fr",
		"6ter": "6ter.fr",
		"Rouge TV": "RougeTV.ch",
		"TV5 Monde FBS": "TV5MondeFBS.fr",
		"Léman Bleu": "LemanBleu.ch",
		"Arte fr": "ARTE.fr",
		"L'Équipe 21": "EquipeTV.fr",
		"TVM3": "TVM3.ch",
		"Chérie 25": "Cherie25.fr",
		"RMC Story": "Numero23.fr",
		"RMC Découverte": "RMCdecouverte.fr",
		"TF1 Séries Films": "TF1SeriesFilms.fr",
		"RSI LA 1": "RSILa1.ch",
		"RSI LA 2": "RSILa2.ch",
		"TeleTicino": "TeleTicino.ch",
		"CNN": "CNN.nws",
		"BBC News": "BBCNews.nws",
		"BBC World News": "BBCWorldNews.nws",
		"E4": "E4.uk",
		"Channel 4": "Channel4.uk",
		"BFM TV": "BFMTV.fr",
		"NRJ12": "NRJ12.fr",
		"TFX": "TFX.fr",
		"TMC": "TMC.fr",
		"W9": "W9.fr",
		"Gulli": "Gulli.fr",
		"euronews fr": "EuronewsFR.nws",
		"France 24 fr": "France24fr.fr",
		"Rai 1": "Rai1.it",
		"Rai 2": "Rai2.it",
		"Rai 3": "Rai3.it",
		"Rai Sport 1": "RaiSport.it",
		"Rai Sport +": "RaiSportPlus.it",
		"Rai News 24": "RaiNews.it",
		"Rai Gulp": "RaiGulp.it",
		"La7": "La7.it",
		"ITV": "ITV1London.uk",
		"ITV 2": "ITV2.uk",
		"ITV 3": "ITV3.uk",
		"ITV 4": "ITV4.uk",
		"ITVBe": "ITVBe.uk",
		"More 4": "More4.uk",
		"Channel 5 ": "Channel5.uk",
		"Al Jazeera en": "AlJazeera.nws",
		"Bloomberg": "Bloomberg.nws",
		"CNBC Europe": "CNBC.nws",
		"BBC One": "BBC1London.uk",
		"BBC Two": "BBC2.uk",
		"TVEi": "TVE.es",
		"Film 4": "Film4.uk",
		"Cielo": "Cielo.it",
		"Canale 5": "Canale5.it",
		"euronews it": "EuronewsIT.nws",
		"Rete 4": "Rete4.it",
		"RTL 102.5": "RTL102.5TV.it",
		"TV8": "Tv8.it",
	    	"TV8 Mont Blanc": "TV8MontBlanc.ch",
		"euronews en": "Euronews.nws",
		"Canal Alpha Neuchâtel": "CanalAlpha.ch",
    "Canal Alpha Jura": "CanalAlphaJU.ch",
		"Italia 1": "Italia1.it",
		"La Télé": "LaTele.ch",
		"CBBC": "CBBC.uk",
		"C8": "C8.ch",
		"24H": "Canal24Horas.es",
		"4Seven": "4Seven.uk",
		"5SELECT": "5Select.uk",
		"5USA": "FiveUSA.uk",
		"BBC Arabic": "BBCArabic.uk",
		"BBC Four": "BBC4.uk",
		"BBC Parliament": "BBCParliament.uk",
		"beCuriousTV": "BeCuriousTV.ch",
		"Bibel TV": "BibelTV.de",
		"Boing": "Boing.ir",
		"BVN": "BVN.be",
		"Canal9": "Canal9.ch",
		"Canale Italia": "CanaleItalia.it",
		"Cartoonito": "Cartoonito.it",
		"CBeebies": "CBeebies.uk",
		"Challenge": "Challenge.uk",
		"Chart Show TV": "ChartShowTV.uk",
		"Class TV Moda": "ClassTVModa.it",
		"Clubland TV": "ClublandTV.uk",
		"CNEWS": "CNews.fr",
		"CSTAR": "CStar.fr",
		"Dave": "Dave.uk",
		"Der Aktionär TV": "DAF.de",
		"Deutsche Welle de": "DeutscheWelleDE.de",
		"Deutsche Welle en": "DeutscheWelleEN.de",
		"Deutsche Welle ar": "DeutscheWelleAR.de",
		"Deutsche Welle es": "DeutscheWelleES.de",
		"Deutsches Musik Fernsehen": "DeutschesMusikFernsehen.de",
		"DMAX Italia": "DMAX.it",
		"Drama": "Drama.uk",
    "Helvetia One TV": "HelvetiaOne.ch",
		"eoTV": "eoTV.de",
		"Fashion TV": "FashionTV.eu",
		"Focus": "Focus.it",
		"Food Network": "FoodNetwork.uk",
		"France 24 en": "France24.fr",
		"franceinfo": "Franceinfo.fr",
		"FreeSports": "FreeSports.uk",
		"Frisbee": "Frisbee.it",
		"Giallo": "Giallo.it",
		"GOD Channel": "GODChannel.eu",
		"GoTV": "go.tv",
		"Health.tv": "HealthTV.de",
		"hr-fernsehen": "HR.de",
		"HSE24": "HSE24.de",
		"HSE24 Extra": "HSE24Extra.de",
		"HSE24 Trend": "HSE24Trend.de",
		"i24NEWS en": "i24News.en.nws",
		"i24NEWS fr": "i24News.fr",
		"Iris": "Iris.it",
		"Italia 2": "Italia2.it",
		"K-TV": "KTV.de",
		"K2": "K2.it",
		"Kabel Eins Doku": "KabelEinsDoku.de",
		"Kanal 7 Avrupa": "Kanal7.tr",
		"Kiss TV": "KissTV.uk",
		"KTO": "KTO.fr",
		"KuriakosTV": "KURIAKOSTV.pt",
		"La7d": "La7d.it",
		"La5": "LA5.it",
		"LCI": "LCI.fr",
		"N24 Doku": "N24Doku.de",
		"NASA TV": "NASA.us",
		"NETVIET": "NetViet.vn",
		"NOVE": "Nove.it",
		"Now 90s": "ChilledTV.uk",
		"ARD ONE": "One.de",
		"Paramount Channel Italy": "ParamountChannel.it",
		"Paramount Network": "ParamountNetwork.uk",
		"PBS America": "PBS.uk",
		"Pick": "PickTV.uk",
		"Power Turk TV": "PowerTurk.tr",
		"R9 Österreich": "R9Osterreich.at",
		"Radio Bremen TV": "RadioBremen.de",
		"Rai 4": "Rai4.it",
		"Rai 5": "Rai5.it",
		"Rai Movie": "RaiMovie.it",
		"Rai Premium": "RaiPremium.it",
		"Rai Scuola": "RaiScuola.it",
		"Rai Storia": "RaiStoria.it",
		"Rai Yoyo": "RaiYoyo.it",
		"rbb Berlin": "rbbBerlin.de",
		"Real Time": "RealTime.it",
		"Record News": "RecordNews.pt",
		"Rocket Beans TV": "RocketBeansTV.de",
		"RT Doc": "RTDocumentary.pl",
		"RTLplus": "RTLPlus.de",
		"RTP 3": "RTP3.pt",
		"S4C": "S4C.uk",
		"Show Turk": "15.Show TV.digiturk.com.tr",
		"Sky News": "SkyNews.uk",
		"Sky TG24": "SkyTG24.it",
		"Sky Sport News": "SkySportNewsHD.de",
		"SONLife": "Sonlife.uk",
		"Spike Italia": "Spike.it",
		"SR Fernsehen": "SRFernsehen.de",
		"Super!": "Super!.it",
		"tagesschau24": "tagesschau24.de",
		"Telepace": "Telepace.it",
		"TOGGO plus": "TOGGOplus.de",
		"Travel Channel": "TravelChannel.uk",
		"TV 8 int": "TV8.tr",
		"TV5": "TV5MondeEurope.fr",
	    	"TV Suisse Plus": "TVSuissePlus.ch",
		"UniNettuno University TV": "UNINETTUNOUniversityTV.it",
		"VISIT-X.tv": "VisitX.de",
		"Welt der Wunder TV": "WeltDerWunder.de",
		"Yesterday": "Yesterday.uk",
		"Zee.One": "ZeeOne.de",
		"Teleclub Zoom fr": "TCZoomFR.ch",
		"Mediaset Extra 2": "CineSonyItalia.it",
		"VOXup": "VOXup.de",
		"Home &amp; Garden": "HGTV.de",
	    	"Home & Garden": "HGTV.de",
	    	"One TV": "OneTV.ch",
      		"LFM TV": "LFMTV.ch",
	     	"RTPi": "RTPi.pt",
	    	"Cem TV": "cem.hr"
		}
	}
}
