{
  "channels": {
    "UK": {
      "4Seven": "4Seven.uk",
      "5STAR": "5star.uk",
      "Aaj Tak": "AAJTAK.uk",
      "Al Jazeera": "AlJazeera.nws",
      "Animal Planet": "AnimalPlanet.uk",
      "Arcade Cloud": "ArcadeCloud.uk",
      "BabyTV": "BabyTV.uk",
      "BBC Alba": "BBCAlba.uk",
      "BBC Four": "BBC4.uk",
      "BBC News": "BBCNews.uk",
      "BBC One": "BBCOne.uk",
      "BBC Parliament": "BBCParliament.uk",
      "BBC Red Button": "BBCRedButton.uk",
      "BBC Two": "BBC2.uk",
      "BET:BlackEntTV": "BET.uk",
      "BoxNation": "BoxNation.uk",
      "CBBC": "CBBC.uk",
      "CBeebies": "CBeebies.uk",
      "Channel 4": "Channel4.uk",
      "Cheddar": "Cheddar.uk",
      "CITV": "CITV.uk",
      "Clubland": "ClublandTV.uk",
      "Colors": "Colors.uk",
      "Comedy Central": "ComedyCentral.uk",
      "Comedy Central Extra": "ComedyCentralExtra.uk",
      "Crime + Investigation HD": "CrimeAndInvestigationNetwork.uk",
      "Discovery": "Discovery.uk",
      "Discovery Turbo": "DiscoveryTurbo.uk",
      "E!": "Eentertainment.uk",
      "Euronews": "Euronews.nws",
      "Eurosport 1": "Eurosport1.uk",
      "Eurosport 2": "Eurosport2.uk",
      "Fascination TV": "FascinationTV.uk",
      "Fashion TV": "FashionTV.uk",
      "Five": "Five.uk",
      "Food Network": "FoodNetwork.uk",
      "Food Network +1": "FoodNetworkPlus1.uk",
      "Fox HD": "FOX.uk",
      "France 24": "France24.fr",
      "H2": "H2.uk",
      "History HD": "History.uk",
      "ITV": "ITV1.uk",
      "ITV 2": "ITV2.uk",
      "ITV 3": "ITV3.uk",
      "ITV 4": "ITV4.uk",
      "ITVBe": "ITVBe.uk",
      "Law and Crime": "LawAndCrime.uk",
      "Lifetime HD": "Lifetime.uk",
      "More4": "More4.uk",
      "Movies24": "Movies24.uk",
      "MTV": "MTV.uk",
      "Nat Geo Wild": "NatGeoWild.uk",
      "National Geographic": "NationalGeographic.uk",
      "News 18 India": "News18India.uk",
      "Newsy": "Newsy.uk",
      "NHK World": "NHKworld.jp",
      "Nickelodeon": "Nickelodeon.uk",
      "Nick Jr": "NickJr.uk",
      "Nick Jr Too": "NickJrToo.uk",
      "Notts TV": "NottsTV.uk",
      "NOW 80s": "Now80s.uk",
      "NOW 90s": "Now90s.uk",
      "Quest": "Quest.uk",
      "Quest Red": "QuestRed.uk",
      "Rishtey": "Rishtey.uk",
      "Russia Today": "RussiaToday.uk",
      "S4C": "S4C.uk",
      "Showcase": "Showcase.uk",
      "Spike": "Spike.uk",
      "Syfy": "SCIFI.uk",
      "TLC": "TLC.uk",
      "Together": "Together.uk",
      "Total Country": "TotalCountry.uk",
      "Travel Channel": "TravelChannel.uk",
      "Travel Channel +1": "TravelChannelPlus1.uk",
      "TRT World": "TRTworld.nws",
      "TVP One": "TVP1.pl",
      "Universal TV": "Universal.uk",
      "Vice": "Vice.uk",
      "World Poker Tour": "WorldPokerTour.uk"
    }
  }
}
