{
  "channels": {
    "DE": {
      "123TV": "123.tv.de",
      "3sat": "3sat.de",
      "ADAC TV": "ADACTV.de",
      "Al Jazeera": "AlJazeera.nws",
      "ARD-alpha": "ARD-alpha.de",
      "Arte": "ARTE.de",
      "BBC": "BBCOne.uk",
      "Bibel TV": "BibelTV.de",
      "BILD": "BILD.de",
      "BR Fernsehen Süd": "BR.de",
      "BRONCO": "BRONCO.de",
      "CNBC Europe": "CNBC.nws",
      "CNN Europe": "CNN.nws",
      "Comedy Central": "ComedyCentral/VIVA.de",
      "Cosmo & Wanda": "CosmoandWanda.de",
      "Das Erste": "ARD.de",
      "Deluxe Music": "DeLuxeMusic.de",
      "Deutsches Musik Fernsehen": "DeutschesMusikFernsehen.de",
      "DMAX": "DMax.de",
      "DW-TV": "DeutscheWelle.pt",
      "eoTV": "eoTV.de",
      "euronews": "Euronews.nws",
      "FILMTASTIC": "FILMTASTIC.de",
      "Fix & Foxi": "FixFoxi.de",
      "France 24 EN": "France24en.fr",
      "France 24 FR": "France24fr.fr",
      "Freenet Shopping": "FreenetShopping.de",
      "Goldstar": "GoldstarTV.de",
      "Good1": "Good1.de",
      "gotv": "go.tv",
      "Gronkh": "Gronkh.de",
      "Gute Laune TV": "GuteLauneTV.de",
      "Health TV": "HealthTV.de",
      "Heimatkanal": "Heimatkanal.de",
      "HOPPIPOLLA": "HOPPIPOLLA.de",
      "hr-fernsehen": "HR.de",
      "HSE24": "HSE24.de",
      "Insight TV": "Insight.eur",
      "JP Performance": "JPPerformance.de",
      "Jukebox": "Jukebox.de",
      "Just Cooking": "JustCooking.de",
      "kabel eins": "Kabel.de",
      "kabel eins Doku": "KabelEinsDoku.de",
      "Kaminfeuer": "Kaminfeuer.de",
      "KiKA": "Kika.de",
      "MDR Fernsehen Sachsen": "MDRSachsen.de",
      "Melodie TV": "MelodieTV.at",
      "münchen.tv": "MunchenTV.de",
      "Motorvision": "MotorVision.de",
      "MTV": "MTVGermany.de",
      "My Animation Kids": "MyAnimationKids.de",
      "MySpass TV": "MySpassTV.de",
      "N24 Doku": "N24Doku.de",
      "NDR HH": "ndr.de",
      "Netzkino": "Netzkino.de",
      "Nickelodeon": "Nickelodeon.de",
      "n-tv": "ntv.de",
      "ONE": "One.de",
      "Phoenix": "phoenix.de",
      "PLANET": "PLANET.de",
      "ProSieben": "Pro7.de",
      "ProSieben MAXX": "ProSiebenMaxx.de",
      "QVC": "QVC.de",
      "QS24": "QS24.ch",
      "ranFIGHTING": "ranFIGHTING.de",
      "rbb Fernsehen Berlin": "rbbBerlin.de",
      "Rck.tv": "RCKTV.de",
      "RiC": "RiC.de",
      "Rocket Beans TV": "RocketBeansTV.de",
      "Romance TV": "Romance.de",
      "RTL": "RTL.de",
      "RTL II": "RTL2.de",
      "RTL Nitro": "RTLNitro.de",
      "RTL Plus": "RTLPlus.de",
      "Sarazar": "Sarazar.de",
      "SAT.1": "Sat1.de",
      "Sat.1 Gold": "Sat1Gold.de",
      "Servus TV": "ServusHD.de",
      "sixx": "Sixx.de",
      "Sky Sport News": "SkySportNewsHD.de",
      "sonnenklar.TV": "SonnenKlar.de",
      "Sophia Thiel": "SophiaThiel.de",
      "Sport1": "Sport1HD.de",
      "SPORT1+": "SPORT1Plus.de",
      "Sportdigital": "sportdigital.de",
      "Super RTL": "SuperRTL.de",
      "SWR Fernsehen BW": "SWR.de",
      "SWR Fernsehen SR": "SWR-SR.de",
      "tagesschau24": "tagesschau24.de",
      "Tele 5": "Tele5.de",
      "TLC": "TLC.de",
      "TOGGO plus": "TOGGOplus.de",
      "VOX": "Vox.de",
      "Waidwerk": "Waidwerk.de",
      "Watch Dokus": "WatchDokus.de",
      "WatchMoviesNow": "WatchMoviesNow.de",
      "WDR Köln": "WDR.de",
      "WELT": "WELT.de",
      "XITE": "XITE.nl",
      "XPLORE": "XPLORE.de",
      "ZDF": "ZDF.de",
      "ZDFinfo": "ZDFinfo.de",
      "ZDFneo": "ZDFneo.de",
      "Zee.One": "ZeeOne.de"
    }
  }
}
