﻿<?xml version="1.0" encoding="utf-8" standalone="yes"?>
<addon id="plugin.video.rakuten.de" name="RakutenTV German [COLOR FF00EE00](light)[/COLOR]" version="1.0.2+matrix.1" provider-name="realvito">
	<requires>
		<import addon="xbmc.python" version="3.0.0"/>
		<import addon="script.module.requests" version="2.27.0"/>
		<import addon="inputstream.adaptive" version="19.0.5"/>
		<import addon="service.rakuten.epgrefresh" version="1.0.1+matrix.1" optional="true"/>
	</requires>
	<extension point="xbmc.python.pluginsource" library="default.py">
		<provides>video</provides>
	</extension>
	<extension point="xbmc.addon.metadata">
		<summary lang="de_DE">Free-Mediaportal von Rakuten TV</summary>
		<summary lang="en_GB">Free-Mediaportal of Rakuten TV</summary>
		<description lang="de_DE">[COLOR yellow]ACHTUNG: Dieser Provider setzt folgende Technologien ein:[/COLOR] ►[COLOR orange]Geoblocking und Blockierung von VoD-DRM-Streams auf diversen Systemen[/COLOR]◄ [COLOR yellow]!!![/COLOR][CR]Rakuten TV umfasst einen AVOD-Dienst (Advertising VOD) mit mehr als 10.000 Titeln, die auf Abruf verfügbar sind, darunter Filme, Dokus und Serien aus Hollywood und von lokalen Studios, sowie der Rakuten Originals Katalog mit exklusiven Inhalten.[CR]Der FAST-Dienst (Free Ad-supported Streaming TV) besteht aus einem umfangreichen Angebot von mehr als 250 kostenlosen linearen Kanälen von globalen Netzwerken, europäischen Top-Sendern und Mediengruppen.[CR][CR][COLOR FF00EE00]Dieses Addon stellt nur den FREI verfügbaren Inhalt von 'rakuten.tv' zur Verfügung ![/COLOR]</description>
		<description lang="en_GB">[COLOR yellow]ATTENTION: This provider uses the following technologies:[/COLOR] ►[COLOR orange]Geoblocking and blocking of VoD-DRM-Streams on various Systems[/COLOR]◄ [COLOR yellow]!!![/COLOR][CR]Rakuten TV includes an AVOD-Service (Advertising VOD) with more than 10,000 titles available on-demand, including movies, documentaries and series from Hollywood and local studios, as well as the Rakuten Originals catalogue of exclusive content.[CR]The FAST-Service (Free Ad-supported Streaming TV) consists of an extensive range of more than 250 free linear channels from global networks, top European broadcasters and media groups.[CR][CR][COLOR FF00EE00]This Addon provides only the FREE available content of 'rakuten.tv' ![/COLOR]</description>
		<disclaimer lang="de_DE">Die von diesem Addon dargestellten Inhalte werden von den Erstellern des Addons weder gehostet oder verbreitet, noch stehen die Ersteller in irgendeiner Beziehung zu den Anbietern des Inhalts.</disclaimer>
		<disclaimer lang="en_GB">The content displayed by this Addon is not hosted or distributed by the creators of the Addon, nor do the creators have any affiliation with the providers of the content.</disclaimer>
		<language></language>
		<platform>all</platform>
		<license>GNU GENERAL PUBLIC LICENSE. Version 3, June 2007</license>
		<forum>https://www.kodinerds.net/thread/55451-l0res-blog-realvitos-fixing-thread/</forum>
		<website>https://www.rakuten.tv/</website>
		<email></email>
		<mainsource>https://github.com/Collabsvito/REpo-AiO/</mainsource>
		<source>https://github.com/Collabsvito/REpo-AiO/tree/master/MATRIX/plugin.video.rakuten.de</source>
		<assets>
			<icon>resources/media/icon.png</icon>
			<fanart>resources/media/fanart.jpg</fanart>
		</assets>
		<news>
[B][COLOR orangered]Version 1.0.2+matrix.1  (20.04.2025)[/COLOR][/B]
- optimized: Diverse Anpassungen für 'M3U-Listen-Erstellung' (bitte 'm3u' neu erstellen)
		</news>
	</extension>
</addon>
