{
    "gntms":

    {

        "module": "gntms",
        
        "login_req": true,
        "auth_req": true,
        "auth_type": "api_key",

        "main_loader": true,
        "main_threads": 1,
        "adv_loader": false,

        "menu_visibility": false

    },

    "tvtms":

    {

        "module": "tvtms",

        "main_loader": true,
        "main_threads": 1,
        "adv_loader": false,

        "menu_visibility": false

    },

    "xmltv":

    {

        "module": "xmltv",

        "login_req": false,
        "auth_req": false,

        "main_loader": true,
        "main_threads": 1,

        "adv_loader": false,

        "menu_visibility": false

    },

    "tkmde":

    {

        "module": "tkmde",
        
        "name": "Telekom Magenta TV",
        "country": "DE",

        "login_req": true,
        "auth_req": false,
        "exp": 1800,

        "main_loader": true,
        "main_threads": 4,
        "max_dl_num": 7,
        "max_dl_threads": 7,

        "adv_loader": false

    },

    "wpude":

    {

        "module": "wpude",
        
        "name": "waipu.tv",
        "country": "DE",

        "login_req": false,
        "auth_req": false,

        "main_loader": true,
        "main_threads": 7,
        "max_dl_num": 20,
        "max_dl_threads": 10,

        "adv_loader": true

    },

    "swcch":

    {

        "module": "swcch",
        
        "name": "Swisscom blue TV",
        "country": "CH",

        "login_req": false,
        "auth_req": false,

        "main_loader": true,
        "main_threads": 4,
        "max_dl_num": 7,
        "max_dl_threads": 7,
        "main_custom_genres": true,

        "adv_loader": false

    },

    "zttde":

    {

        "module": "zttch",
        
        "name": "Zattoo DE",
        "country": "DE",

        "data": {
            "domain": "zattoo.com",
            "country": "DE"
        },

        "login_req": true,
        "auth_req": true,
        "exp": 1800,
        "is_utc": true,

        "main_loader": true,
        "main_threads": 1,
        "max_dl_num": 50,
        "max_dl_threads": 5,
        "dl_delay": 1,

        "adv_loader": true,
        "advanced_download_threads": 1

    },

    "zttat":

    {

        "module": "zttch",
        
        "name": "Zattoo AT",
        "country": "AT",

        "data": {
            "domain": "zattoo.com",
            "country": "AT"
        },

        "login_req": true,
        "auth_req": true,
        "exp": 1800,
        "is_utc": true,

        "main_loader": true,
        "main_threads": 1,
        "max_dl_num": 50,
        "max_dl_threads": 5,
        "dl_delay": 1,

        "adv_loader": true,
        "advanced_download_threads": 1

    },

    "zttch":

    {

        "module": "zttch",
        
        "name": "Zattoo CH",
        "country": "CH",

        "data": {
            "domain": "zattoo.com",
            "country": "CH"
        },

        "login_req": true,
        "auth_req": true,
        "exp": 1800,
        "is_utc": true,

        "main_loader": true,
        "main_threads": 1,
        "max_dl_num": 50,
        "max_dl_threads": 5,
        "dl_delay": 1,

        "adv_loader": true,
        "advanced_download_threads": 1

    }

}
