{"Freiwillige Selbstkontrolle der Filmwirtschaft": "Freiwillige Selbstkontrolle der Filmwirtschaft", "Australian Classification Board": "Australian Classification Board", "Kijkwijzer": "Kijkwijzer", "R\u00e9gie du cin\u00e9ma": "R\u00e9gie du cin\u00e9ma", "Mediakasvatus- ja kuvaohjelmayksikk\u00f6": "Mediakasvatus- ja kuvaohjelmayksikk\u00f6", "Canadian Parental Rating": "Canadian Parental Rating", "USA Parental Rating": "USA Parental Rating", "Departamento de Justi\u00e7a, Classifica\u00e7\u00e3o, T\u00edtulos e Qualifica\u00e7\u00e3o": "Departamento de Justi\u00e7a, Classifica\u00e7\u00e3o, T\u00edtulos e Qualifica\u00e7\u00e3o", "\ubc29\uc1a1\ud1b5\uc2e0\uc2ec\uc758\uc704\uc6d0\ud68c": "\ubc29\uc1a1\ud1b5\uc2e0\uc2ec\uc758\uc704\uc6d0\ud68c", "Arcom": "Arcom", "Direcci\u00f3n General de Radio, Televisi\u00f3n y Cinematograf\u00eda": "Direcci\u00f3n General de Radio, Televisi\u00f3n y Cinematograf\u00eda", "Freiwillige Selbstkontrolle Fernsehen": "Freiwillige Selbstkontrolle Fernsehen", "Instituto Nacional de Cine y Artes Audiovisuales": "Instituto Nacional de Cine y Artes Audiovisuales", "Krajowa Rada Radiofonii i Telewizji": "Krajowa Rada Radiofonii i Telewizji", "Film & Publication Board": "Film & Publication Board", "Instituto de Cinematograf\u00eda y de las Artes Visuales": "Instituto de Cinematograf\u00eda y de las Artes Visuales", "UK Content Provider": "UK Content Provider", "Ontario Film Authority": "Ontario Film Authority", "Alberta's Film Classification Board": "Alberta's Film Classification Board", "Statens medier\u00e5d": "Statens medier\u00e5d", "Medier\u00e5det": "Medier\u00e5det", "British Board of Film Classification": "British Board of Film Classification", "Medietilsynet": "Medietilsynet", "Motion Picture Association": "Motion Picture Association", "Manitoba Film Classification Board": "Manitoba Film Classification Board", "B.C. Film Classification Office": "B.C. Film Classification Office", "Saskatchewan Film and Video Classification Board": "Saskatchewan Film and Video Classification Board", "Ministero della Cultura": "Ministero della Cultura", "\u6620\u502b": "\u6620\u502b", "\uc601\uc0c1\ubb3c\ub4f1\uae09\uc704\uc6d0\ud68c": "\uc601\uc0c1\ubb3c\ub4f1\uae09\uc704\uc6d0\ud68c", "Central Board of Film Certification": "Central Board of Film Certification", "Maritime Film Classification Board": "Maritime Film Classification Board", "Consejo de Calificaci\u00f3n Cinematogr\u00e1fica": "Consejo de Calificaci\u00f3n Cinematogr\u00e1fica", "Consejo Nacional de Televisi\u00f3n": "Consejo Nacional de Televisi\u00f3n"}