{
  "channels": {
    "DE": {
      "Das Erste HD": "ARD.de",
      "ZDF HD": "ZDF.de",
      "ProSieben HD": "Pro7.de",
      "VOX HD": "Vox.de",
      "kabel eins HD": "Kabel.de",
      "RTL2 HD": "RTL2.de",
      "RTLZWEI HD": "RTL2.de",
      "RTLZWEI": "RTL2.de",
      "3sat HD": "3sat.de",
      "arte HD": "ARTE.de",
      "ServusTV HD": "ServusHD.de",
      "WDR Köln HD": "WDR.de",
      "hr-fernsehen HD": "HR.de",
      "BR Fernsehen Süd HD": "BR.de",
      "MDR Thüringen HD": "MDRThuringen.de",
      "NDR Niedersachsen HD": "ndrnds.de",
      "rbb Berlin HD": "rbbBerlin.de",
      "SR Fernsehen HD": "SRFernsehen.de",
      "Radio Bremen TV HD": "RadioBremen.de",
      "SWR BW HD": "SWR.de",
      "QVC.de": "QVC.de",
      "HSE24 HD": "HSE24.de",
      "Sonnenklar TV HD": "SonnenKlar.de",
      "1-2-3.TV HD": "123.tv.de",
      "Juwelo TV HD": "JuweloTV.de",
      "QVC2 HD": "QVCPlus.de",
      "HSE24 Extra HD": "HSE24Extra.de",
      "QVC Style HD": "QVCBeauty.de",
      "DMAX HD": "DMmax.de",
      "ZDFinfo HD": "ZDFinfo.de",
      "TLC HD": "TLC.de",
      "ARD-alpha HD": "ARD-alpha.de",
      "Bibel TV HD": "BibelTV.de",
      "NatGeo HD": "NatGeo.de",
      "Spiegel TV Wissen HD ": "SpiegelTV.de",
      "Discovery HD": "DiscoveryHD.de",
      "History HD": "History.de",
      "PLANET HD": "PLANET.de",
      "NatGeo Wild HD": "NatGeoWild.de",
      "National Geographic Wild HD": "NatGeoWild.de",
      "Animal Planet HD": "AnimalPlanet.de",
      "RTL Living HD": "RTLLiving.de",
      "A&amp;E HD": "AandE.de",
      "Bon Gusto HD": "BonGusto.de",
      "E!Entertainment HD": "EEntertainment.de",
      "VIVA/COMEDY CENTRAL HD": "ComedyCentral/VIVA.de",
      "COMEDY CENTRAL HD": "ComedyCentral/VIVA.de",
      "DELUXE MUSIC HD": "DeLuxeMusic.de",
      "MTV HD": "MTVGermany.de",
      "MTV Live HD": "MTVLiveHD.eu",
      "CLASSICA HD": "Classica.eu",
      "Super RTL HD": "SuperRTL.de",
      "KiKA HD": "Kika.de",
      "Nickelodeon HD": "Nickelodeon.de",
      "nick/MTV+ HD": "Nickelodeon.de",
      "nick/MTV+": "Nickelodeon.de",
      "ZDF_neo HD": "ZDFneo.de",
      "Nitro HD": "RTLNitro.de",
      "SAT.1 GOLD HD": "Sat1Gold.de",
      "Tele 5 HD": "Tele5.de",
      "Disney HD": "disneychannel.de",
      "sixx HD": "Sixx.de",
      "ProSieben Maxx HD": "ProSiebenMaxx.de",
      "ONE HD": "One.de",
      "Anixe HD": "AnixeHD.de",
      "TNT Film HD": "TNTFilm.de",
      "TNT Serie HD": "TNTSerie.de",
      "13th Street HD": "13thStreet.de",
      "SYFY HD": "SciFi.de",
      "Fox HD": "Fox.de",
      "kabeleinsclassics HD": "KabelEinsClassic.de",
      "RTL Crime HD": "RTLCrime.de",
      "Kinowelt TV HD": "Kinowelt.de",
      "AXN HD": "AXN.de",
      "ProSieben Fun HD": "ProSiebenFun.de",
      "UNIVERSAL TV  HD": "Universal.de",
      "Romance TV HD": "Romance.de",
      "TNT Comedy HD": "TNTComedy.de",
      "RTL Passion HD": "RTLPassion.de",
      "Sport1 HD": "Sport1.de",
      "Eurosport1 HD": "Eurosport1.de",
      "Sky Sport News HD": "SkySportNewsHD.de",
      "Eurosport360 HD 1": "Eurosport360HD1.de",
      "Eurosport360 HD 2": "Eurosport360HD2.de",
      "Eurosport360 HD 3": "Eurosport360HD3.de",
      "Sport1+ HD": "SPORT1plus.de",
      "Auto Motor und Sport TV HD": "AutoMotorSport.de",
      "sportdigital HD": "sportdigital.de",
      "MOTORVISION TV HD": "MotorVision.de",
      "WELT HD": "WELT.de",
      "PHOENIX HD": "phoenix.de",
      "ntv HD": "ntv.de",
      "tagesschau24 HD": "tagesschau24.de",
      "BBC HD": "BBCHD.uk",
      "CNN International HD": "CNN.nws",
      "Lust Pur HD": "LustPur.de",
      "Das Erste": "ARD.de",
      "ZDF": "ZDF.de",
      "RTL Television": "RTL.de",
      "SAT.1": "Sat1.de",
      "ProSieben": "Pro7.de",
      "VOX": "Vox.de",
      "kabel eins": "Kabel.de",
      "RTL2": "RTL2.de",
      "3sat": "3sat.de",
      "arte": "ARTE.de",
      "Servus TV": "ServusHD.de",
      "WDR Köln": "WDR.de",
      "hr-fernsehen": "HR.de",
      "BR Fernsehen Süd": "BR.de",
      "BR Fernsehen Nord": "BRNord.de",
      "MDR Sachsen": "MDRSachsen.de",
      "MDR S-Anhalt": "MDRS-Anhalt.de",
      "MDR Thüringen": "MDRThuringen.de",
      "NDR FS NDS": "ndrnds.de",
      "NDR FS HH": "ndr.de",
      "NDR FS SH": "ndrsh.de",
      "NDR FS MV": "ndrmv.de",
      "rbb Brandenburg": "rbbBrandenburg.de",
      "rbb Berlin": "rbbBerlin.de",
      "SR Fernsehen": "SRFernsehen.de",
      "Radio Bremen TV": "RadioBremen.de",
      "SWR Fernsehen RP": "SWR-rp.de",
      "SWR Fernsehen BW": "SWR.de",
      "Schnupperkanal": "Schnupperkanal.de",
      "Videothek": "Videothek.de",
      "QVC": "QVC.de",
      "HSE24": "HSE24.de",
      "sonnenklar.TV": "SonnenKlar.de",
      "1-2-3.tv": "123.tv.de",
      "Juwelo": "JuweloTV.de",
      "Channel21": "Channel21.de",
      "SparhandyTV": "SparhandyTV.de",
      "QVC2": "QVCPlus.de",
      "HSE24 EXTRA": "HSE24Extra.de",
      "QVC Style": "QVCBeauty.de",
      "HSE24 TREND": "HSE24Trend.de",
      "Astro TV": "AstroTV.de",
      "DMAX": "DMax.de",
      "ZDFinfo": "ZDFinfo.de",
      "TLC": "TLC.de",
      "kabel eins Doku": "KabelEinsDoku.de",
      "N24 Doku": "N24Doku.de",
      "ARD-alpha": "ARD-alpha.de",
      "DIE NEUE ZEIT TV": "DieNeueZeitTV.de",
      "SonLife": "Sonlife.uk",
      "Health TV": "HealthTV.de",
      "HOPE CHANNEL": "HopeChannel.de",
      "Welt der Wunder": "WeltDerWunder.de",
      "National Geographic": "NatGeo.de",
      "Spiegel TV Wissen": "SpiegelTV.de",
      "Discovery Channel": "DiscoveryChannel.de",
      "HISTORY": "History.de",
      "PLANET": "PLANET.de",
      "NatGeo Wild": "NatGeoWild.de",
      "National Geographic Wild": "NatGeoWild.de",
      "Animal Planet": "AnimalPlanet.de",
      "RTL Living": "RTLLiving.de",
      "A&amp;E": "AandE.de",
      "Deutsches Wetter Fernsehen": "Wetterfernsehen.de",
      "Travel Channel Deutschland": "TravelChannel.de",
      "COMEDY CENTRAL": "ComedyCentral/VIVA.de",
      "Comedy Central": "ComedyCentral/VIVA.de",
      "DELUXE MUSIC": "DeLuxeMusic.de",
      "Deutsches Musik Fernsehen": "DeutschesMusikFernsehen.de",
      "MTV": "MTVGermany.de",
      "XITE": "XITE.de",
      "MTV Brand New": "MTVBrandNew.nl",
      "RCK TV": "RCKTV.de",
      "CLASSICA": "Classica.eu",
      "Gute Laune TV": "GuteLauneTV.de",
      "Super RTL": "SuperRTL.de",
      "KiKa": "Kika.de",
      "Nickelodeon/Nicknight": "Nickelodeon.de",
      "TOGGO plus": "TOGGOplus.de",
      "RiC": "RiC.de",
      "Disney Junior": "DisneyJunior.de",
      "Disney XD": "DisneyXD.de",
      "Nicktoons": "Nicktoons.de",
      "Boomerang": "Boomerang.de",
      "Nick Jr.": "NickJr.de",
      "Fix&amp;Foxi": "FixFoxi.de",
      "BabyTV": "BabyTV.uk",
      "zdf_neo": "ZDFneo.de",
      "Nitro": "RTLNitro.de",
      "SAT.1 GOLD": "Sat1Gold.de",
      "Tele 5": "Tele5.de",
      "Disney SD": "disneychannel.de",
      "SIXX": "Sixx.de",
      "ProSieben MAXX": "ProSiebenMAXX.de",
      "RTLplus": "RTLplus.de",
      "ONE": "One.de",
      "ZEE.ONE": "ZeeOne.de",
      "VOXup": "VOXup.de",
      "eoTV": "eoTV.de",
      "TNT Film": "TNTFilm.de",
      "TNT Serie": "TNTSerie.de",
      "13th Street": "13thStreet.de",
      "SYFY": "SciFi.de",
      "Fox Serie": "FoxSerie.de",
      "kabel eins classics": "KabelEinsClassic.de",
      "RTL Crime": "RTLCrime.de",
      "Kinowelt TV": "Kinowelt.de",
      "AXN Action": "AXN.de",
      "ProSieben FUN": "ProSiebenFun.de",
      "UNIVERSAL TV": "Universal.de",
      "Silverline Movie Channel": "Silverline.de",
      "Sat.1 Emotions": "Sat1Comedy.de",
      "Romance TV": "Romance.de",
      "TNT Comedy": "TNTComedy.de",
      "SONY CHANNEL": "SonyEntertainmentTV.de",
      "RTL Passion": "RTLPassion.de",
      "Ginx TV": "GINXeSportsTV.uk",
      "SPORT1": "Sport1HD.de",
      "EUROSPORT 1": "Eurosport1.de",
      "Sky Sport News": "SkySportNewsHD.de",
      "EUROSPORT 2": "Eurosport2.de",
      "Auto Motor und Sport channel": "AutoMotorSport.de",
      "Sport 1 US": "eSports1.de",
      "sportdigital": "sportdigital.de",
      "Motorvision": "MotorVision.de",
      "WELT": "WELT.de",
      "PHOENIX": "phoenix.de",
      "ntv": "ntv.de",
      "Crime&amp;Investigation": "CrimePlusInvestigation.de",
      "Crime&amp;Investigation HD": "CrimePlusInvestigation.de",
      "euronews (D)": "EuroNewsDE.news",
      "tagesschau24": "tagesschau24.de",
      "Al Jazeera International": "AlJazeera.nws",
      "Bloomberg": "Bloomberg.nws",
      "CGTN": "CGTN.cn",
      "CCTV News": "CCTVNews.cn",
      "CNBC": "CNBC.nws",
      "CNN": "CNN.nws",
      "France 24 (in English)": "France24.fr",
      "Russia Today": "RussiaToday.uk",
      "NHK WORLD-JAPAN": "NHKworld.jp",
      "Lust Pur": "LustPur.de",
      "TRT Türk": "TRTturk.tr",
      "Habertürk": "31.HaberTURK.digiturk.com.tr",
      "ATV Avrupa": "ATVAvrupa.tr",
      "CNN Türk": "CNN.tr",
      "EURO D": "EuroD.bg",
      "EURO STAR": "EUROSTAR.il",
      "Kanal 7": "Kanal7.tr",
      "Power Türk TV": "PowerTurk.tr",
      "SHOW TURK": "15.Show TV.digiturk.com.tr",
      "TV 8": "TV8.tr",
      "KAZAKH TV": "KAZAKH.kz",
      "Channel One Russia": "Channel1Rus.il",
      "Nasch Kinomir": "NaschKinomir.rs",
      "NTV Mir": "NTVMir.rs",
      "RTR Planeta": "RTRPlaneta.pl",
      "OstWest": "OstWest.rs",
      "Telebom / Tele Dom": "TelebomTeleDom.rs",
      "Mediaset": "Mediaset.it",
      "Rai Uno": "Rai1.it",
      "Rai Due": "Rai2.it",
      "Rai Tre": "Rai3.it",
      "Rai News 24": "RaiNews.it",
      "Rai Storia": "RaiStoria.it",
      "itvn": "iTVN.pl",
      "TVN 24": "TVN24.pl",
      "TV Polonia": "TVPolonia.pl",
      "TV Silesia": "TVSilesia.pl",
      "Record Internacional": "tvrecord.pt",
      "24Horas": "Canal24Horas.es",
      "RTPi": "RTPi.pt",
      "TVE Internacional": "TVE.sp",
      "OCKO": "Ocko.cz",
      "Pro TV International": "ProTVInternational.ro",
      "Balkanika Music Television": "Balkanika.svn",
      "DM SAT": "DMSat.hr",
      "CMC": "CMC.hr",
      "HRT TV 1": "HRTTV1.hr",
      "Pink Extra": "PinkExtra.si",
      "Pink Film": "PinkFilm.rs",
      "Pink FOLK": "PinkFolk1.rs",
      "Pink Music": "PinkMusic.si",
      "Pink Plus": "PINKPlus.hr",
      "RTS Sat": "RTSSAT.rs",
      "BN TV": "BNTV.hr",
      "TV Crne Gore Sat": "TVCrneGoreSat.me",
      "Hayat TV": "HAYATTVSAT.sr",
      "Klan Kosova": "KlanKosova.tv",
      "Kohavision TV": "Kohavision.tv",
      "RTK1": "RTK.sl",
      "RTV21": "RTV21.tv",
      "BVN": "BVN.be",
      "TV5MONDE Europe": "TV5MondeEurope.fr",
      "France 2": "France2.fr",
      "France 3": "France3.fr",
      "France 4": "France4.fr",
      "France 5": "France5.fr",
      "France 24 (en francais)": "France24fr.fr",
      "Al Jazeera": "AlJazeera.nws",
      "Al Arabiya": "AlarabiyaHD.net",
      "MBC Maghreb al Arabia": "MBC1.net",
      "Antenna TV (Ant 1)": "ANT1.gr",
      "ERT World": "ERTWorld.gr",
      "JSTV": "JSTV1",
      "Sky 1 HD": "Sky1.de",
      "Sky Atlantic HD": "SkyAtlanticHD.de",
      "Fox HD (S)": "Fox.de",
      "TNT Serie HD (S)": "TNTSerie.de",
      "NatGeo HD (S)": "NatGeo.de",
      "Nat Geo Wild HD": "NatGeoWild.de",
      "Discovery HD (S)": "DiscoveryHD.de",
      "Sky 1": "Sky1.de",
      "Sky Krimi": "SkyKrimi.de",
      "Sky Atlantic": "SkyAtlanticHD.de",
      "Fox Serie (S)": "FoxSerie.de",
      "TNT Serie (S)": "TNTSerie.de",
      "Universal TV": "Universal.de",
      "SYFY (S)": "SciFi.de",
      "13th Street (S)": "13thStreet.de",
      "Beate-Uhse.TV": "BeateUhse.de",
      "Heimatkanal": "Heimatkanal.de",
      "Classica": "Classica.eu",
      "Disney XD (S)": "DisneyXD.de",
      "Disney Junior (S)": "DisneyJunior.de",
      "Junior": "Junior.de",
      "Discovery Channel (S)": "DiscoveryHD.de",
      "National Geographic (S)": "NatGeo.de",
      "Spiegel Geschichte": "SpiegelGeschichte.de",
      "Sky Cinema HD": "SkyCinema.de",
      "Sky Cinema Hits HD": "SkyCinemaHits.de",
      "Sky Cinema Action HD": "SkyAction.de",
      "Disney Cinemagic HD": "DisneyCinemagic.de",
      "Sky Cinema Premieren HD": "SkyCinemaPremieren.de",
      "Sky Cinema Premieren": "SkyCinemaPremieren.de",
      "Sky Cinema Premieren +24": "SkyCinemaPremierenPlus24.de",    
      "Sky Cinema Premieren  +24 HD": "SkyCinemaPremierenPlus24.de",
      "Sky Cinema +1": "SkyCinemaPlus1.de",
      "Sky Cinema +24": "SkyCinemaPlus24.de",
      "Sky Cinema Best Of": "SkyCinemaBestOf.de",
      "Sky Cinema Best Of HD": "SkyCinemaBestOf.de",
      "Sky Cinema Action": "SkyAction.de",
      "Sky Cinema Family": "SkyCinemaFamily.de",
      "Sky Cinema Fun": "SkyCinemaFun.de",
      "Sky Cinema Nostalgie": "SkyNostalgie.de",
      "Sky Cinema Classics": "SkyCinemaClassics.de",
      "Sky Cinema Thriller": "SkyCinemaThriller.de",
      "Sky Cinema Thriller HD": "SkyCinemaThriller.de",
      "Sky Krimi": "SkyKrimi.de",
      "Sky Krimi HD": "SkyKrimi.de",
      "Disney Cinemagic": "DisneyCinemagic.de",
      "Sky Cinema Special": "SkyCinemaSpecial.de",
      "Sky Cinema Special HD": "SkyCinemaSpecial.de",
      "Sky Sport Bundesliga 1 HD": "SkyBundesliga.de",
      "Sky Sport Bundesliga 2 HD": "SkyBundesliga2.de",
      "Sky Sport Bundesliga 3 HD": "SkyBundesliga3.de",
      "Sky Sport Bundesliga 4 HD": "SkyBundesliga4.de",
      "Sky Sport 1 HD": "SkySport1.de",
      "Sky Sport 2 HD": "SkySport2.de",
      "Sky Sport 3 HD": "SkySport3.de",
      "Sky Sport 4 HD": "SkySport4.de",
      "Sky Sport 5 HD": "SkySport5.de",
      "Sky Sport Bundesliga 1": "SkyBundesliga.de",
      "Sky Sport Bundesliga 2": "SkyBundesliga2.de",
      "Sky Sport Bundesliga 3": "SkyBundesliga3.de",
      "Sky Sport Bundesliga 4": "SkyBundesliga4.de",
      "Sky Sport Bundesliga 5": "SkyBundesliga5.de",
      "Sky Sport Bundesliga 6": "SkyBundesliga6.de",
      "Sky Sport Bundesliga 7": "SkyBundesliga7.de",
      "Sky Sport Bundesliga 8": "SkyBundesliga8.de",
      "Sky Sport Bundesliga 9": "SkyBundesliga9.de",
      "Sky Sport Bundesliga 10": "SkyBundesliga10.de",
      "Sky Sport 1": "SkySport1.de",
      "Sky Sport 2": "SkySport2.de",
      "Sky Sport 3": "SkySport3.de",
      "Sky Sport 4": "SkySport4.de",
      "Sky Sport 6": "SkySport6.de",
      "Sky Sport 7": "SkySport7.de",
      "Sky Sport 10": "SkySport10.de",
      "Sky Sport 11": "SkySport11.de",
      "Sky Sport Austria": "SkySportAustria.de",
      "Eurosport360 HD 1 (S)": "Eurosport360HD1.de",
      "Eurosport360 HD 2 (S)": "Eurosport360HD2.de",
      "Eurosport360 HD 3 (S)": "Eurosport360HD3.de"
    },
    "AT": {
      "On Demand": "On Demand",
      "ORF eins": "ORF1.at",
      "ORF 2 Wien": "ORF2.at",
      "ATV": "ATV.de",
      "PULS 4": "Puls4.at",
      "W24": "W24.at",
      "Sixx Austria": "SixxAustria.at",
      "Servus TV": "ServusHD.at",
      "OKTO": "OKTO.at",
      "UPC Infokanal": "UPCInfokanal.at",
      "Das Erste": "ARD.de",
      "ZDF": "ZDF.de",
      "ORF III": "ORF3.at",
      "ProSieben": "Pro7.at",
      "RTL": "RTL.at",
      "SAT.1": "Sat1.at",
      "RTL II": "RTL2.at",
      "kabel eins": "Kabel1.at",
      "VOX": "Vox.at",
      "ATV II": "ATV2.at",
      "3sat": "3sat.de",
      "BR": "BR.de",
      "MDR": "MDR.de",
      "SWR": "SWR.de",
      "NDR": "ndr.de",
      "WDR": "WDR.de",
      "hessen fernsehen": "HR.de",
      "RBB Fernsehen": "rbbBerlin.de",
      "oe24.TV": "oe24.TV",
      "kabel eins Doku": "KabelEinsDoku.at",
      "arte": "ARTE.de",
      "RTL Nitro": "RTLNitro.de",
      "Pro7 Maxx": "ProSiebenMaxx.at",
      "SAT.1 Gold": "Sat1Gold.at",
      "ORF 2 Steiermark": "ORF2Steiermark.at",
      "ORF 2 Kärnten": "ORF2Kärnten.at",
      "ORF 2 Nö": "ORF2Nö.at",
      "ORF 2 Oberösterreich": "ORF2Oberösterreich.at",
      "ORF 2 Burgenland": "ORF2Burgenland.at",
      "ORF 2 Salzburg": "ORF2Salzburg.at",
      "ORF 2 Vorarlberg": "ORF2Vorarlberg.at",
      "ORF 2 Tirol": "ORF2Tirol.at",
      "ORF 2 EUROPA": "ORF2Europa.at",
	  "ORF 2 Steiermark HD": "ORF2Steiermark.at",
	  "ORF 2 Kärnten HD": "ORF2Kärnten.at",
	  "ORF 2 Nö HD": "ORF2Nö.at",
	  "ORF 2 Oberösterreich HD": "ORF2Oberösterreich.at",
	  "ORF 2 Salzburg HD": "ORF2Salzburg.at",
	  "ORF 2 Tirol HD": "ORF2Tirol.at",
	  "ORF 2 Vorarlberg HD": "ORF2Vorarlberg.at",
      "Tirol TV": "TirolTV.at",
      "KT 1": "KT1.at",
      "Ländle TV": "LandleTV.at",
      "Schau TV": "SchauTV.at",
      "N24 Austria": "n24.at",
      "RTLplus": "RTLPlus.at",
      "TLC": "TLC.at",
      "DMAX": "DMax.at",
      "Comedy Central/VIVA": "ComedyCentral/VIVA.de",
      "BBC Entertainment": "BBCEntertainment.de",
      "TELE 5": "Tele5.de",
      "13TH STREET": "13thStreet.de",
      "Syfy": "SciFi.de",
      "Kinowelt TV": "Kinowelt.de",
      "RTL Crime": "RTLCrime.at",
      "RTL Passion": "RTLPassion.at",
      "kabel eins CLASSICS": "KabelEinsClassic.at",
      "Romance TV": "Romance.de",
      "TNT Serie": "TNTSerie.de",
      "FOX": "Fox.de",
      "Sky Krimi": "SkyKrimi.de",
      "Heimatkanal": "Heimatkanal.de",
      "UPC Infokanal HD": "UPCinfo.at",
      "ORF eins HD": "ORF1.at",
      "ORF 2 Wien HD": "ORF2.at",
      "ATV HD": "ATV.de",
      "PULS 4 HD": "Puls4.at",
      "Servus TV HD": "ServusHD.at",
      "ORF III HD": "ORF3.at",
      "ProSieben HD": "Pro7.at",
      "SAT.1 HD": "Sat1.at",
      "kabel eins HD": "Kabel.at",
      "Das Erste HD": "ARD.de",
      "ZDF HD": "ZDF.de",
      "RTL HD": "RTL.at",
      "RTL II HD": "RTL2.at",
      "VOX HD": "Vox.at",
      "RTL Nitro HD": "RTLNitro.at",
      "ATV II HD": "ATV2.at",
      "W24 HD": "W24.at",
      "R9 HD": "R9.at",
      "Comedy Central/VIVA HD": "ComedyCentral/VIVA.de",
      "TLC_HD": "TLC.at",
      "SRF zwei HD": "SRF2.ch",
      "ZDF neo HD": "ZDFneo.de",
      "arte HD": "ARTE.de",
      "3sat HD": "3sat.de",
      "BR HD": "BR.de",
      "Phoenix HD": "phoenix.de",
      "ZDF info HD": "ZDFinfo.de",
      "One HD": "One.de",
      "WDR HD": "WDR.de",
      "MDR HD": "MDR.de",
      "SWR HD": "SWR.de",
      "NDR HD": "ndr.de",
      "SRF 1 HD": "SRF1.ch",
      "HR HD": "HR.de",
      "RBB HD": "rbbBerlin.de",
      "tagesschau24 HD": "tagesschau24.de",
      "Bibel TV HD": "BibelTV.de",
      "ARCADIA World HD": "ARCADIA World HD",
      "History HD": "History.de",
      "Animal Planet HD": "AnimalPlanet.de",
      "Nat Geo People HD": "NatGeoPeople.nl",
      "Universal Channel HD": "Universal.de",
      "Syfy HD": "SciFi.de",
      "13TH STREET HD": "13thStreet.de",
      "TNT Serie HD": "TNTSerie.de",
      "FOX HD": "Fox.de",
      "RTL Crime HD": "RTLCrime.at",
      "Kinowelt TV HD": "Kinowelt.de",
      "Discovery Channel HD": "DiscoveryChannel.de",
      "Nat Geo HD": "NatGeo.de",
      "Planet HD": "PLANET.de",
      "RTL Living HD": "RTLLiving.at",
      "Romance TV HD": "Romance.de",
      "RTL Passion HD": "RTLPassion.at",
      "Fashion-TV HD": "FashionTV.nws",
      "Bongusto HD": "BonGusto.de",
      "Classica HD": "Classica.de",
      "A&amp;E HD": "AandE.de",
      "E! HD": "EEntertainment.de",
      "TNT Comedy HD": "TNTComedy.de",
      "kabel eins CLASSICS HD": "KabelEinsClassic.at",
      "Deluxe Music HD": "DeLuxeMusic.de",
      "MTV HD": "MTVGermany.de",
      "MTV live HD": "MTVLiveHD.eu",
      "KI.KA HD": "Kika.de",
      "Cartoon Network HD": "CartoonNetwork.de",
      "Super RTL HD": "SuperRTL.at",
      "Nickelodeon HD": "Nickelodeon.at",
      "QVC HD": "QVC.de",
      "HSE24 HD": "HSE24.de",
      "ORF Sport+ HD": "ORFSport.at",
      "Sky Sport News HD": "SkySportNewsHD.de",
      "Sport 1 HD": "Sport1HD.de",
      "Eurosport 1 HD": "Eurosport1.de",
      "Sport1+ HD": "SPORT1Plus.de",
      "Sport 1 US HD": "Sport1US.de",
      "sportdigital HD": "sportdigital.de",
      "Eurosport 2 HD": "Eurosport2.de",
      "Auto Motor und Sport Channel HD": "AutoMotorundSportChannel.de",
      "Motorvision HD": "MotorVision.de",
      "ORF Sport+": "ORFSport.at",
      "Eurosport 1": "Eurosport1.de",
      "Sport 1": "Sport1HD.de",
      "Eurosport 2": "Eurosport2.de",
      "Sport 1 US": "Sport1US.de",
      "Auto Motor und Sport Channel": "AutoMotorundSportChannel.de",
      "Sky Sport News": "SkySportNewsHD.de",
      "Extreme Sports Channel": "ExtremeSports.de",
      "Eurosport 1 Polska": "Eurosport1.pl",
      "Eurosport 1 Turkce": "Eurosport1.tr",
      "Eurosport 1 Srbija": "Eurosport1.rs",
      "QVC": "QVC.de",
      "HSE24": "HSE24.de",
      "123.tv": "123.tv.de",
      "HSE24 Extra": "HSE24Extra.de",
      "Melodie TV": "MelodieTV.at",
      "QVC Plus": "QVCPlus.de",
      "HSE24 Trend": "HSE24Trend.de",
      "QVC Beauty &amp; Style": "QVCBeauty.uk",
      "RTL Living": "RTLLiving.at",
      "E!": "EEntertainment.de",
      "Fashion-TV": "FashionTV.nws",
      "KI.KA": "Kika.de",
      "Nickelodeon": "Nickelodeon.at",
      "Nick": "Nickelodeon.at",
      "Super RTL": "SuperRTL.at",
      "Fix &amp; Foxi": "FixFoxi.de",
      "Disney Channel": "disneychannel.de",
      "Baby TV": "BabyTV.nl",
      "Nick Junior": "NickJr.de",
      "Cartoon Network": "CartoonNetwork.de",
      "RiC": "RiC.de",
      "n-tv": "ntv.de",
      "Euronews": "Euronews.nws",
      "BBC World": "BBCWorldNews.nws",
      "CNN": "CNN.nws",
      "CNBC": "CNBC.nws",
      "Russia today": "RussiaToday.uk",
      "CCTV News": "CGTN.cn",
      "Bloomberg Europe TV": "Bloomberg.nws",
      "Al Jazeera": "AlJazeera.nws",
      "France 24": "France24fr.fr",
      "24 Vesti news": "24VestiNews.nws",
      "Discovery Channel": "DiscoveryChannel.de",
      "History Channel": "History.uk",
      "National Geographic": "NatGeo.de",
      "A&amp;E": "AandE.de",
      "Animal Planet": "AnimalPlanet.de",
      "Planet": "PLANET.de",
      "Phoenix": "phoenix.de",
      "tagesschau24": "tagesschau24.de",
      "One": "One.de",
      "ARD alpha": "ARD-alpha.de",
      "ZDF info": "ZDFinfo.de",
      "ZDF neo": "ZDFneo.de",
      "gotv": "go.tv",
      "MTV Rocks": "MTVRocks.eu",
      "MTV Dance": "MTVDance.eu",
      "MTVhits!": "MTVHits.eu",
      "VH-1 Europe": "VH1.eur",
      "VH-1 Classic": "VH1Classic.eu",
      "Gute Laune TV": "GuteLauneTV.de",
      "TV5Monde Europe": "TV5MondeEurope.fr",
      "RAI Uno": "Rai1.it",
      "RAI Due": "Rai2.it",
      "TVE": "TVE.sp",
      "RAI Tre": "Rai3.it",
      "RTR Planeta": "RTRPlaneta.pl",
      "EDTV 1": "EDTV 1",
      "CCTV4": "CCTV4.nws",
      "HRT TV 1": "HRTTV1.hr",
      "RTS Sat": "RTSSAT.rs",
      "RTS Sat HD": "RTSSAT.rs",
      "TV Polonia": "TVPolonia.pl",
      "Duna TV": "DunaTV.hu",
      "TRT International": "TRTInternational",
      "Hayat": "HAYATTVSAT.sr",
      "Pink Plus": "PINKPlus.rs",
      "Pink Extra": "PinkExtra.hr",
      "Pink Film": "PinkFilm.rs",
      "Pink Music": "PinkMusic.si",
      "Blue Hustler": "BlueHustler.ero",
      "Hustler TV": "HustlerTV.ero",
      "Evil Angel HD": "EvilAngel.ero",
      "Sky 1": "Sky1.de",
      "Disney XD": "DisneyXD.de",
      "Disney Junior": "DisneyJunior.de",
      "Sky Atlantic HD": "SkyAtlanticHD.de",
      "Sky Cinema HD": "SkyCinema.de",
      "Sky Cinema Hits HD": "SkyCinemaHits.de",
      "Disney Cinemagic HD": "DisneyCinemagic.de",
      "MGM HD": "MGM.de",
      "Sky Atlantic": "SkyAtlanticHD.de",
      "Sky Cinema Family": "SkyCinemaFamily.de",
      "Sky Cinema": "SkyCinema.de",
      "Sky Cinema +1": "SkyCinemaPlus1.de",
      "Sky Cinema +24": "SkyCinemaPlus24.de",
      "Sky Cinema Hits": "SkyCinemaHits.de",
      "Sky Cinema Action": "SkyAction.de",
      "Sky Cinema Emotion": "SkyEmotion.de",
      "Sky Cinema Nostalgie": "SkyNostalgie.de",
      "Sky Cinema Comedy": "SkyComedy.de",
      "Disney Cinemagic": "DisneyCinemagic.de",
      "Sky Sport Austria HD": "SkySportAustria.de",
      "Sky Sport HD 1": "SkySport1.de",
      "Sky Sport HD 2": "SkySport2.de",
      "Sky Sport HD 3": "SkySport3.de",
      "Sky Sport HD 4": "SkySport4.de",
      "Sky Sport HD 5": "SkySport5.de",
      "Sky Sport HD 6": "SkySport6.de",
      "Sky Sport HD 7": "SkySport7.de",
      "Sky Sport HD 8": "SkySport8.de",
      "Sky Sport HD 9": "SkySport9.de",
      "Sky Sport HD 10": "SkySport10.de",
      "Sky Sport HD 11": "SkySport11.de",
      "Sky Bundesliga HD 1": "SkyBundesliga.de",
      "Sky Bundesliga HD 2": "SkyBundesliga2.de",
      "Sky Bundesliga HD 3": "SkyBundesliga3.de",
      "Sky Bundesliga HD 4": "SkyBundesliga4.de",
      "Sky Bundesliga HD 5": "SkyBundesliga5.de",
      "Sky Bundesliga HD 6": "SkyBundesliga6.de",
      "Sky Bundesliga HD 7": "SkyBundesliga7.de",
      "Sky Bundesliga HD 8": "SkyBundesliga8.de",
      "Sky Bundesliga HD 9": "SkyBundesliga9.de",
      "Sky Bundesliga HD 10": "SkyBundesliga10.de",
      "Sky Sport Austria": "SkySportAustria.de",
      "Sky Sport 1": "SkySport1.de",
      "Sky Sport 2": "SkySport2.de",
      "Sky Sport 3": "SkySport3.de",
      "Sky Sport 4": "SkySport4.de",
      "Sky Sport 5": "SkySport5.de",
      "Sky Sport 6": "SkySport6.de",
      "Sky Sport 7": "SkySport7.de",
      "Sky Sport 8": "SkySport8.de",
      "Sky Sport 9": "SkySport9.de",
      "Sky Sport 10": "SkySport10.de",
      "Sky Sport 11": "SkySport11.de",
      "Sky Bundesliga 1": "SkyBundesliga.de",
      "Sky Bundesliga 2": "SkyBundesliga2.de",
      "Sky Bundesliga 3": "SkyBundesliga3.de",
      "Sky Bundesliga 4": "SkyBundesliga4.de",
      "Sky Bundesliga 5": "SkyBundesliga5.de",
      "Sky Bundesliga 6": "SkyBundesliga6.de",
      "Sky Bundesliga 7": "SkyBundesliga7.de",
      "Sky Bundesliga 8": "SkyBundesliga8.de",
      "Sky Bundesliga 9": "SkyBundesliga9.de",
      "Sky Bundesliga 10": "SkyBundesliga10.de"
    },
    "CH": {
      "SRF 1 HD": "SRF1.ch",
      "SRF zwei HD": "SRF2.ch",
      "SRF info HD": "SRFinfo.ch",
      "3+ HD": "3plus.ch",
      "TV24 HD": "TV24.ch",
      "S1 HD": "S1.ch",
      "Star TV HD": "StarTV.ch",
      "TeleZüri HD": "TeleZuri.ch",
      "MySports One HD": "MySportsOne.ch",
      "Das Erste HD": "ARD.de",
      "ZDF HD": "ZDF.de",
      "ORF eins HD": "ORF1.at",
      "ORF 2 HD": "ORF2.at",
      "RTL HD": "RTL.ch",
      "SAT.1 HD": "Sat1.ch",
      "ProSieben HD": "Pro7.ch",
      "RTL 2 HD": "RTL2.ch",
      "4+ HD": "4plus.ch",
      "5+ HD": "5plus.ch",
	  "6+ HD": "6plus.ch",
      "Puls 8 HD": "Puls8.ch",
      "VOX HD": "Vox.ch",
      "kabel eins HD": "Kabel.ch",
      "Tele Bärn HD": "TeleBaern.ch",
      "TeleBielingue HD": "TeleBielingue.ch",
      "Telebasel HD": "TeleBasel.ch",
      "Tele M1 HD": "TeleM1.ch",
      "Tele 1 HD": "Tele1.ch",
      "Tele Top HD": "TeleTop.ch",
      "TVO HD": "TVO.ch",
      "TV Südostschweiz HD": "TSO.ch",
      "TV25 HD": "TV25.ch",
      "Nick HD": "Nickelodeon.ch",
      "KiKA HD": "Kika.de",
      "Super RTL HD": "SuperRTL.ch",
      "Disney Channel": "disneychannel.de",
      "TOGGO plus": "TOOGOplus.de",
      "Vorschau On Demand": "Vorschau On Demand",
      "Nitro HD": "RTLNitro.ch",
      "ProSieben MAXX HD": "ProSiebenMaxx.ch",
      "DMAX HD": "DMax.ch",
      "TLC HD": "TLC.ch",
      "Sixx HD": "Sixx.ch",
      "zdf_neo HD": "ZDFneo.de",
      "SAT.1 Gold HD": "Sat1Gold.ch",
      "RTL plus": "RTLPlus.de",
      "kabel eins Doku HD": "KabelEinsDoku.ch",
      "SWISS 1": "Swiss1.ch",
      "Tele 5 HD": "Tele5.de",
      "Comedy Central": "ComedyCentral/VIVA.ch",
      "ONE HD": "One.de",
      "MTV HD": "MTVGermany.de",
      "gotv": "go.tv",
      "Channel 55": "Channel55.ch",
      "wetter.tv": "Wetterfernsehen.ch",
      "Melodie TV": "MelodieTV.at",
      "Servus TV HD": "ServusHD.ch",
      "arte HD": "ARTE.de",
      "3sat HD": "3sat.ch",
      "SWR BW HD": "SWR.de",
      "BR Fernsehen Süd HD": "BR.de",
      "WDR Fernsehen HD": "WDR.de",
      "MDR Sachsen HD": "MDRSachsen.de",
      "NDR FS NDS HD": "ndr.de",
      "hr-fernsehen HD": "HR.de",
      "rbb Berlin HD": "rbbBerlin.de",
      "n-tv HD": "ntv.ch",
      "WELT": "WELT.ch",
      "tagesschau24 HD": "tagesschau24.de",
      "ZDFinfo HD": "ZDFinfo.de",
      "PHOENIX HD": "phoenix.de",
      "ARD-alpha": "ARD-alpha.de",
      "euronews D": "EuronewsDE.nws",
      "HSE24": "HSE24.de",
      "HSE24 Extra": "HSE24Extra.de",
      "SCHWEIZ5": "SCHWEIZ5.ch",
      "Tele Z HD": "TeleZ.ch",
      "Tele D HD": "TeleD.ch",
      "Bibel TV": "BibelTV.de",
      "K-TV": "KTV.de",
      "MySports Ticket": "MySportsTicket.ch",
      "Sky Sport App": "SkySportApp.ch",
      "MySports One": "MySports1.ch",
      "Sky Bundesliga 1": "SkyBundesliga1.de",
      "MySports 2/Sky 2": "MySports2.ch",
      "MySports 3/Sky 3": "MySports3.ch",
      "MySports 4/Sky 4": "MySports4.ch",
      "MySports 5/Sky 5": "MySports5.ch",
      "MySports 6/Sky 6": "MySports6.ch",
      "MySports 7/Sky 7": "MySports7.ch",
      "MySports 8/Sky 8": "MySports8.ch",
      "MySports 9/Sky 9": "MySports9.ch",
      "Sky Sport News HD": "SkySportNewsHD.de",
      "SPORT1 HD": "Sport1HD.ch",
      "Eurosport 1 HD": "Eurosport1.de",
      "Eurosport 2 HD": "Eurosport2.de",
      "SPORT1+ HD": "SPORT1Plus.de",
      "eSports1": "eSportsTV.eu",
      "sportdigital HD": "sportdigital.de",
      "Motorvision TV HD": "MotorVision.de",
      "Extreme Sports": "ExtremeSports.de",
      "Eurosport 1": "Eurosport1.de",
      "MySports Preview": "MySportsPreview.ch",
      "MySports One F": "MySportsOneF.ch",
      "RMC Sport 1": "RMCSport1.ch",
      "RMC Sport 2": "RMCSport2.ch",
      "RMC Sport 3": "RMCSport3.ch",
      "RMC Sport 4": "RMCSport4.ch",
      "Netflix": "Netflix",
      "Fox HD": "Fox.de",
      "RTL Crime HD": "RTLCrime.de",
      "13th Street HD": "13thStreet.de",
      "Universal TV": "Universal.de",
      "Romance TV HD": "Romance.de",
      "TNT Film HD": "TNTFilm.de",
      "TNT Serie HD": "TNTSerie.de",
      "TNT Comedy HD": "TNTComedy.de",
      "ProSieben FUN HD": "ProSiebenFun.de",
      "E! HD": "EEntertainment.de",
      "RTL Passion HD": "RTLPassion.de",
      "Syfy HD": "SciFi.de",
      "AXN HD": "AXN.de",
      "Kinowelt HD": "Kinowelt.de",
      "kabel eins classics HD": "KabelEinsClassic.de",
      "Heimatkanal": "Heimatkanal.de",
      "Nat Geo HD": "NatGeo.de",
      "Nat Geo Wild HD": "NatGeoWild.de",
      "History HD": "History.de",
      "Discovery HD": "DiscoveryChannel.de",
      "Animal Planet HD": "AnimalPlanet.de",
      "A&E HD": "AandE.de",
      "Planet HD": "PLANET.de",
      "RTL Living HD": "RTLLiving.de",
      "Travel Channel HD": "TravelChannelHD.eu",
      "Bon Gusto HD": "BonGusto.de",
      "Auto Motor + Sport HD": "AutoMotorSport.de",
      "Wetter.com": "Wetter.com",
      "Nick Jr. HD": "NickJr.fr",
      "Cartoon Network HD": "CartoonNetwork.ch",
      "Boomerang HD": "Boomerang.de",
      "Disney XD HD": "DisneyXD.de",
      "Disney Junior HD": "DisneyJunior.de",
      "Junior": "Junior.de",
      "MTV Live HD": "MTVLiveHD.eu",
      "MTV Brand New": "MTVBrandNew.nl",
      "MTV Music": "MTVMusic.eu",
      "MTV Dance": "MTVDance.ch",
      "VH1 Classic": "VH1Classic.eu",
      "Gute Laune TV": "GuteLauneTV.de",
      "Stingray Classica": "Classica.eu",
      "Blue Hustler": "BlueHustler.ero",
      "BBC One": "BBC1.uk",
      "BBC One HD": "BBC1.uk",
      "BBC Two HD": "BBC2.uk",
      "CBBC HD": "CBBC.uk",
      "BBC Four/Cbeebies HD": "BBC4.uk",
      "ITV HD": "ITV1.uk",
      "ITV 2": "ITV2.uk",
      "ITV 3": "ITV3.uk",
      "ITV 4": "ITV4.uk",
      "PBS America": "PBS.uk",
      "Channel 4 HD": "Channel4.uk",
      "E4": "E4.uk",
      "More 4": "More4.uk",
      "Film 4": "Film4.uk",
      "Channel 5": "Channel5.uk",
      "Fashion TV": "FashionTV.eu",
      "CNN Money Switzerland": "CNNMoney.ch",
      "CNN Int.": "CNN.nws",
      "BBC World News": "BBCWorldNews.nws",
      "Al Jazeera English": "AlJazeera.nws",
      "CGTN": "CGTN.cn",
      "Russia Today": "RussiaToday.uk",
      "CNBC": "CNBC.nws",
      "Bloomberg TV": "Bloomberg.nws",
      "RSI LA 1 HD": "RSILa1.ch",
      "RSI LA 2 HD": "RSILa2.ch",
      "Rai 1 HD": "Rai1.it",
      "Rai 2 HD": "Rai2.it",
      "Rai 3 HD": "Rai3.it",
      "Canale 5 HD": "Canale5.it",
      "Italia 1 HD": "Italia1.it",
      "Rete 4 HD": "Rete 4 HD",
      "TeleTicino HD": "TeleTicino HD",
      "Rai_4": "Rai4.it",
      "La 7": "La7.it",
      "Rai Sport": "RaiSport.it",
      "Eurosport 1 I": "Eurosport1.it",
      "Nat Geo I": "NationalGeo.it",
      "Rai_News_24": "RaiNews.it",
      "Video Italia HD": "VideoItalia.it",
      "Mediaset_Extra": "MediasetExtra.it",
      "RTS Un HD": "RTSUn.ch",
      "RTS Deux HD": "RTSDeux.ch",
      "TF 1 HD": "TF1.ch",
      "France 2 HD": "France2.fr",
      "France 3 (Alsace) HD": "France3.fr",
      "France 4 HD": "France4.fr",
      "France 5 HD": "France5.fr",
      "M6 HD": "M6.ch",
      "MySports One HD F": "MySportsOneFr.ch",
      "W9 HD": "W9.ch",
      "RTL 9 HD": "RTL9.ch",
      "TMC Monte Carlo HD": "TMC.fr",
      "TFX": "TFX.fr",
      "TV5MONDE": "TV5MondeEurope.fr",
      "France 24": "France24.fr",
      "Gulli HD": "Gulli.fr",
      "TC Cinema": "TCCinema.ch",
      "TC Action": "TCAction.ch",
      "TC Emotion": "TCEmotion.ch",
      "Sky 1": "Sky1.de",
      "13th Street": "13thStreet.de",
      "Sky Atlantic": "SkyAtlantic.de",
      "Fox": "Fox.de",
      "Krimi": "Krimi.ch",
      "Discovery": "DiscoveryChannel.de",
      "Romance TV": "Romance.de",
      "Animal Planet": "AnimalPlanet.de",
      "Disney Cinemagic": "DisneyCinemagic.de",
      "Disney XD": "DisneyXD.de",
      "TC Sport 1": "TCSport1.ch",
      "TC Sport 2": "TCSport2.ch",
      "Sky Sport 1": "SkySport1.de",
      "Sky Sport 2": "SkySport2.de",
      "TC Zoom": "TCZoom.ch",
      "TC Cinema HD": "TCCinema.ch",
      "TC Action HD": "TCAction.ch",
      "TC Emotion HD": "TCEmotion.ch",
      "TC Sport 1 HD": "TCSport1.ch",
      "TC Sport 2 HD": "TCSport2.ch",
      "Sky Sport 1 HD": "SkySport1.de",
      "Sky Sport 2 HD": "SSkySport2.de",
      "TC Zoom HD": "TCZoom.ch",
      "TC RMC Sport Access 1": "RMCSportAccess1.fr",
      "Sky Atlantic HD": "SkyAtlantic.de",
      "13th Street HD (TC)": "13thStreet.de",
      "Syfy HD (TC)": "SciFi.de",
      "FOX HD (TC)": "Fox.de",
      "TNT Serie HD (TC)": "TNTSerie.de",
      "TNT Film HD (TC)": "TNTFilm.de",
      "TNT Comedy HD (TC)": "TNTComedy.de",
      "Disney Cinemagic HD": "DisneyCinemagic.de",
      "Cartoon Network HD (TC)": "CartoonNetwork.ch",
      "Discovery HD (TC)": "disneychannel.de",
      "Nat Geo HD (TC)": "NatGeo.de",
      "Nat Geo Wild HD (TC)": "NatGeoWild.de",
      "History HD (TC)": "History.de",
      "Hustler TV HD": "HustlerHD.ero",
      "Evil Angel TV": "EvilAngel.ero",
      "Dorcel TV": "Dorcel.ero",
      "TRT-TÜRK": "TRTturk.tr",
      "Euro D": "EuroD.bg",
      "Show Türk": "15.Show TV.digiturk.com.tr",
      "Kanal 7 Avrupa": "Kanal7.tr",
      "atv Avrupa": "ATVAvrupa.tr",
      "TGRT Haber": "84.TGRT Haber.digiturk.com.tr",
      "BVN TV": "BVN.be"
    },
    "NL": {
      "NPO 1 HD": "NPO 1 HD",
      "NPO 2 HD": "NPO 2 HD",
      "NPO 3 HD": "NPO 3 HD",
      "RTL 4 HD": "RTL 4 HD",
      "RTL 5 HD": "RTL 5 HD",
      "SBS6 HD": "SBS6 HD",
      "RTL 7 HD": "RTL 7 HD",
      "Veronica HD / Disney XD": "Veronica HD / Disney XD",
      "Net5 HD": "Net5 HD",
      "RTL 8 HD": "RTL 8 HD",
      "FOX HD": "FOX HD",
      "RTL Z HD": "RTL Z HD",
      "Ziggo TV HD": "Ziggo TV HD",
      "Ziggo Sport HD": "Ziggo Sport HD",
      "Comedy Central HD": "Comedy Central HD",
      "Spike HD": "Spike HD",
      "Discovery HD": "Discovery HD",
      "National Geographic Channel HD": "National Geographic Channel HD",
      "SBS9 HD": "SBS9 HD",
      "Eurosport 1 HD": "Eurosport 1 HD",
      "TLC HD": "TLC HD",
      "BBC First HD": "BBC First HD",
      "MTV HD": "MTV HD",
      "24Kitchen HD": "24Kitchen HD",
      "XITE HD": "XITE HD",
      "Viceland HD": "Viceland HD",
      "Disney Channel HD": "Disney Channel HD",
      "HISTORY HD": "HISTORY HD",
      "Nickelodeon HD": "Nickelodeon HD",
      "ONS": "ONS",
      "één HD": "één HD",
      "Canvas HD": "Canvas HD",
      "Ketnet": "Ketnet",
      "ARD HD": "ARD HD",
      "ZDF HD": "ZDF HD",
      "WDR": "WDR",
      "NDR": "NDR",
      "RTL": "RTL",
      "Sat. 1": "Sat. 1",
      "BBC One HD": "BBC One HD",
      "BBC Two HD": "BBC Two HD",
      "BBC Three / CBBC": "BBC Three / CBBC",
      "BBC Four / Cbeebies": "BBC Four / Cbeebies",
      "BBC Entertainment": "BBC Entertainment",
      "TV5 Monde": "TV5 Monde",
      "Arte": "Arte",
      "TVE": "TVE",
      "Mediaset Italia": "Mediaset Italia",
      "RTV-7": "RTV-7",
      "TRT Türk": "TRT Türk",
      "2M": "2M",
      "Film1 Premiere HD": "Film1 Premiere HD",
      "Film1 Action HD": "Film1 Action HD",
      "Film1 Family HD": "Film1 Family HD",
      "Film1 Drama HD": "Film1 Drama HD",
      "Film1 On Demand.": "Film1 On Demand.",
      "RTL Crime HD": "RTL Crime HD",
      "CI": "CI",
      "ID HD": "ID HD",
      "Comedy Central Extra": "Comedy Central Extra",
      "Shorts TV HD": "Shorts TV HD",
      "E HD": "E HD",
      "NPO 1 extra": "NPO 1 extra",
      "OUTTV HD": "OUTTV HD",
      "CBS Reality": "CBS Reality",
      "Fashion TV HD": "Fashion TV HD",
      "MyZen HD": "MyZen HD",
      "Horse &amp; Country TV HD": "Horse &amp; Country TV HD",
      "RTL Lounge HD": "RTL Lounge HD",
      "Netflix.": "Netflix.",
      "Videoland.": "Videoland.",
      "Discovery Science HD": "Discovery Science HD",
      "Discovery World": "Discovery World",
      "Nat Geo WILD HD": "Nat Geo WILD HD",
      "Love Nature HD": "Love Nature HD",
      "Animal Planet HD": "Animal Planet HD",
      "NPO 2 extra": "NPO 2 extra",
      "Family7": "Family7",
      "Disney Junior": "Disney Junior",
      "Nicktoons": "Nicktoons",
      "Nick Music": "Nick Music",
      "Pebble TV": "Pebble TV",
      "Nick Jr.": "Nick Jr.",
      "Cartoon Network HD": "Cartoon Network HD",
      "Boomerang": "Boomerang",
      "Baby TV": "Baby TV",
      "NPO Zappelin extra": "NPO Zappelin extra",
      "RTL Telekids HD": "RTL Telekids HD",
      "Ziggo Sport Select HD": "Ziggo Sport Select HD",
      "Ziggo Sport Voetbal HD": "Ziggo Sport Voetbal HD",
      "Ziggo Sport Golf HD": "Ziggo Sport Golf HD",
      "Ziggo Sport Racing HD": "Ziggo Sport Racing HD",
      "Ziggo Sport Docu HD": "Ziggo Sport Docu HD",
      "Ziggo Sport Extra HD": "Ziggo Sport Extra HD",
      "Eurosport 2 HD": "Eurosport 2 HD",
      "Extreme Sports Channel": "Extreme Sports Channel",
      "FOX Sports Info": "FOX Sports Info",
      "FOX Sports 1 HD": "FOX Sports 1 HD",
      "FOX Sports 2 HD": "FOX Sports 2 HD",
      "FOX Sports 3 HD": "FOX Sports 3 HD",
      "FOX Sports 4 HD": "FOX Sports 4 HD",
      "FOX Sports 5 HD": "FOX Sports 5 HD",
      "FOX Sports 6 HD": "FOX Sports 6 HD",
      "Ziggo Live Events": "Ziggo Live Events",
      "Ziggo Live Events FOX Sports": "Ziggo Live Events FOX Sports",
      "NPO Nieuws": "NPO Nieuws",
      "NPO Politiek": "NPO Politiek",
      "CNN": "CNN",
      "BBC World News": "BBC World News",
      "Euronews": "Euronews",
      "Aljazeera English": "Aljazeera English",
      "CNBC Europe": "CNBC Europe",
      "CGTN": "CGTN",
      "RT": "RT",
      "TV538": "TV538",
      "MTV Music 24": "MTV Music 24",
      "DanceTrippin HD": "DanceTrippin HD",
      "SLAM": "SLAM",
      "MTV Brand New": "MTV Brand New",
      "Stingray LiteTV": "Stingray LiteTV",
      "VH1 Classic": "VH1 Classic",
      "Stingray Brava": "Stingray Brava",
      "Mezzo": "Mezzo",
      "Stingray DJAZZ": "Stingray DJAZZ",
      "TV Oranje": "TV Oranje",
      "100% NL TV": "100% NL TV",
      "192TV": "192TV",
      "MTV Live HD": "MTV Live HD",
      "TV Noord": "TV Noord",
      "Omrop Fryslân": "Omrop Fryslân",
      "TV Drenthe": "TV Drenthe",
      "TV Oost": "TV Oost",
      "TV Gelderland": "TV Gelderland",
      "Omroep Flevoland": "Omroep Flevoland",
      "NH": "NH",
      "RTV Utrecht": "RTV Utrecht",
      "TV West": "TV West",
      "TV Rijnmond": "TV Rijnmond",
      "Omroep Zeeland": "Omroep Zeeland",
      "Omroep Brabant": "Omroep Brabant",
      "L1 TV": "L1 TV",
      "AT5": "AT5",
      "STAR Plus": "STAR Plus",
      "STAR Gold": "STAR Gold",
      "Zee TV": "Zee TV",
      "Zee Cinema": "Zee Cinema",
      "Zing": "Zing",
      "SET Asia": "SET Asia",
      "Show TV": "Show TV",
      "Euro D": "Euro D",
      "Eurostar": "Eurostar",
      "Habertürk": "Habertürk",
      "TV 8": "TV 8",
      "TRT Turk": "TRT Turk",
      "TRT Çocuk": "TRT Çocuk",
      "ATV Avrupa": "ATV Avrupa",
      "TRT Müzik": "TRT Müzik",
      "Al Arabiya": "Al Arabiya",
      "MBC": "MBC",
      "TVM Europe": "TVM Europe",
      "Aljazeera": "Aljazeera",
      "Erotiek Pakket info": "Erotiek Pakket info",
      "Secret Circle": "Secret Circle",
      "Penthouse HD1": "Penthouse HD1",
      "Evil Angel": "Evil Angel",
      "PassieXXX": "PassieXXX",
      "DUSK": "DUSK",
      "MvH Hard": "MvH Hard",
      "X-MO": "X-MO",
      "Zender van de Maand": "Zender van de Maand",
      "Testbeeld": "Testbeeld",
      "Ziggo Zenderoverzicht HD": "Ziggo Zenderoverzicht HD",
      "Eventkanaal": "Eventkanaal"
    },
    "PL": {
      "TVP 1 HD": "TVP 1 HD",
      "TVP 2 HD": "TVP 2 HD",
      "TVP Info": "TVP Info",
      "TV 4 HD": "TV 4 HD",
      "Polsat HD": "Polsat HD",
      "Epoka Lodowcowa: Mocne Uderzenie": "Epoka Lodowcowa: Mocne Uderzenie",
      "TVN HD": "TVN HD",
      "TV Puls HD": "TV Puls HD",
      "TVN7 HD": "TVN7 HD",
      "Comedy Central HD": "Comedy Central HD",
      "Interaktywna Galeria UPC": "Interaktywna Galeria UPC",
      "Iluzja 2": "Iluzja 2",
      "Zamów usługi!": "Zamów usługi!",
      "Discovery Channel HD": "Discovery Channel HD",
      "TLC HD": "TLC HD",
      "Polsat Sport Premium 1 HD": "Polsat Sport Premium 1 HD",
      "Polsat Sport Premium 2 HD": "Polsat Sport Premium 2 HD",
      "Polsat Sport Premium 3 PPV HD": "Polsat Sport Premium 3 PPV HD",
      "Polsat Sport Premium 4 PPV HD": "Polsat Sport Premium 4 PPV HD",
      "Polsat Sport Premium 5 PPV HD": "Polsat Sport Premium 5 PPV HD",
      "Polsat Sport Premium 6 PPV HD": "Polsat Sport Premium 6 PPV HD",
      "Metro HD": "Metro HD",
      "Mango": "Mango",
      "FOX HD": "FOX HD",
      "TVP HD": "TVP HD",
      "TVN Style HD": "TVN Style HD",
      "TVN Fabuła": "TVN Fabuła",
      "TVN Turbo HD": "TVN Turbo HD",
      "BBC Lifestyle HD": "BBC Lifestyle HD",
      "BBC HD": "BBC HD",
      "BBC Brit": "BBC Brit",
      "ID HD": "ID HD",
      "Polsat Cafe HD": "Polsat Cafe HD",
      "Lifetime": "Lifetime",
      "Crime+Investigation Polsat": "Crime+Investigation Polsat",
      "Super Polsat HD": "Super Polsat HD",
      "Tele5 HD": "Tele5 HD",
      "Fashion TV HD": "Fashion TV HD",
      "CBS Drama": "CBS Drama",
      "BGF: Bardzo Fajny Gigant": "BGF: Bardzo Fajny Gigant",
      "DOMO+ HD": "DOMO+ HD",
      "kuchnia+ HD": "kuchnia+ HD",
      "Food Network": "Food Network",
      "Polsat 2 HD": "Polsat 2 HD",
      "Puls 2 HD": "Puls 2 HD",
      "ESKA TV HD": "ESKA TV HD",
      "NOWA TV HD": "NOWA TV HD",
      "TVP Rozrywka": "TVP Rozrywka",
      "TV 6 HD": "TV 6 HD",
      "Zoom TV HD": "Zoom TV HD",
      "WP HD": "WP HD",
      "TVR": "TVR",
      "ATM Rozrywka": "ATM Rozrywka",
      "Polsat Rodzina HD": "Polsat Rodzina HD",
      "TVP 3 Kraków": "TVP 3 Kraków",
      "TVP 3 Gdańsk": "TVP 3 Gdańsk",
      "TVP 3 Katowice": "TVP 3 Katowice",
      "TVP 3 Szczecin": "TVP 3 Szczecin",
      "Polsat News HD": "Polsat News HD",
      "Boss": "Boss",
      "TVN24 HD": "TVN24 HD",
      "Polsat News 2": "Polsat News 2",
      "TVN24 BiS HD": "TVN24 BiS HD",
      "TTV HD": "TTV HD",
      "HGTV HD": "HGTV HD",
      "wPolsce.pl": "wPolsce.pl",
      "TV Republika": "TV Republika",
      "Superstacja HD": "Superstacja HD",
      "euronews HD": "euronews HD",
      "BBC World News": "BBC World News",
      "Bloomberg": "Bloomberg",
      "CNN": "CNN",
      "TVS HD": "TVS HD",
      "TVP Polonia": "TVP Polonia",
      "NTL Radomsko": "NTL Radomsko",
      "National Geographic HD": "National Geographic HD",
      "Nat Geo Wild HD": "Nat Geo Wild HD",
      "Polsat Viasat Nature HD": "Polsat Viasat Nature HD",
      "Discovery Science": "Discovery Science",
      "DTX": "DTX",
      "Discovery Life": "Discovery Life",
      "Animal Planet HD": "Animal Planet HD",
      "BBC Earth": "BBC Earth",
      "Travel Channel HD": "Travel Channel HD",
      "PLANETE+ HD": "PLANETE+ HD",
      "ADVENTURE HD": "ADVENTURE HD",
      "Fokus TV HD": "Fokus TV HD",
      "TVP Kultura": "TVP Kultura",
      "TVP Historia": "TVP Historia",
      "History HD": "History HD",
      "Polsat Viasat History HD": "Polsat Viasat History HD",
      "Discovery Historia": "Discovery Historia",
      "CBS Reality": "CBS Reality",
      "Polsat Viasat Explore HD": "Polsat Viasat Explore HD",
      "Nat Geo People HD": "Nat Geo People HD",
      "Polsat Doku HD": "Polsat Doku HD",
      "DocuBox HD": "DocuBox HD",
      "MY PRIME - Filmy i Seriale": "MY PRIME - Filmy i Seriale",
      "CANAL+": "CANAL+",
      "CANAL+ 1": "CANAL+ 1",
      "CANAL+ FILM": "CANAL+ FILM",
      "CANAL+ SERIALE": "CANAL+ SERIALE",
      "CANAL+ FAMILY": "CANAL+ FAMILY",
      "CANAL+ DISCOVERY": "CANAL+ DISCOVERY",
      "CANAL+ SPORT": "CANAL+ SPORT",
      "CANAL+ SPORT 2": "CANAL+ SPORT 2",
      "nSport+ HD": "nSport+ HD",
      "Eleven Sports 1": "Eleven Sports 1",
      "Eleven Sports 2": "Eleven Sports 2",
      "HBO HD": "HBO HD",
      "HBO2 HD": "HBO2 HD",
      "HBO3 HD": "HBO3 HD",
      "Cinemax HD": "Cinemax HD",
      "Cinemax2 HD": "Cinemax2 HD",
      "KinoTV": "KinoTV",
      "FilmBox Extra HD": "FilmBox Extra HD",
      "FilmBox Premium HD": "FilmBox Premium HD",
      "FilmBox Family": "FilmBox Family",
      "Filmbox Action": "Filmbox Action",
      "Filmbox Arthouse HD": "Filmbox Arthouse HD",
      "Kino Polska": "Kino Polska",
      "AXN HD": "AXN HD",
      "AXN Spin HD": "AXN Spin HD",
      "AXN White": "AXN White",
      "AXN Black": "AXN Black",
      "Polsat Film HD": "Polsat Film HD",
      "ale kino+ HD": "ale kino+ HD",
      "Paramount HD": "Paramount HD",
      "Comedy Central Family": "Comedy Central Family",
      "TNT HD": "TNT HD",
      "Czwarta Władza": "Czwarta Władza",
      "FOX Comedy HD": "FOX Comedy HD",
      "CBS Action": "CBS Action",
      "CBS Europa HD": "CBS Europa HD",
      "TVP Seriale": "TVP Seriale",
      "Romance TV HD": "Romance TV HD",
      "Sundance TV HD": "Sundance TV HD",
      "Stopklatka HD": "Stopklatka HD",
      "Polsat Romans": "Polsat Romans",
      "Epic Drama HD": "Epic Drama HD",
      "Dzień Niepodległości: Odrodzenie": "Dzień Niepodległości: Odrodzenie",
      "Nautical Channel": "Nautical Channel",
      "Ginx TV": "Ginx TV",
      "TVP Sport HD": "TVP Sport HD",
      "Eleven Sports 3": "Eleven Sports 3",
      "Polsat Sport HD": "Polsat Sport HD",
      "Polsat Sport Extra HD": "Polsat Sport Extra HD",
      "Polsat Sport Fight HD": "Polsat Sport Fight HD",
      "Polsat Sport News HD": "Polsat Sport News HD",
      "Polsat Play HD": "Polsat Play HD",
      "Polsat Games HD": "Polsat Games HD",
      "Grudzień w Discovery Channel HD": "Grudzień w Discovery Channel HD",
      "Eurosport 1 HD": "Eurosport 1 HD",
      "Eurosport 2 HD": "Eurosport 2 HD",
      "SportKlub HD": "SportKlub HD",
      "FightKlub HD": "FightKlub HD",
      "FightBox HD": "FightBox HD",
      "Extreme Sports Channel": "Extreme Sports Channel",
      "Motowizja HD": "Motowizja HD",
      "Golf Channel HD": "Golf Channel HD",
      "GameTOON HD": "GameTOON HD",
      "TVP ABC": "TVP ABC",
      "JimJam Polsat": "JimJam Polsat",
      "Baby First TV": "Baby First TV",
      "BBC Cbeebies": "BBC Cbeebies",
      "MiniMini+ HD": "MiniMini+ HD",
      "Nick Jr": "Nick Jr",
      "Nickelodeon": "Nickelodeon",
      "Nicktoons HD": "Nicktoons HD",
      "Cartoon Network HD": "Cartoon Network HD",
      "Disney Channel HD": "Disney Channel HD",
      "Disney XD": "Disney XD",
      "Disney Junior": "Disney Junior",
      "Da Vinci": "Da Vinci",
      "Boomerang HD": "Boomerang HD",
      "Teletoon+ HD": "Teletoon+ HD",
      "Top Kids HD": "Top Kids HD",
      "4fun.tv": "4fun.tv",
      "4FUN GOLD HITS": "4FUN GOLD HITS",
      "4FUN DANCE": "4FUN DANCE",
      "STARS.TV HD": "STARS.TV HD",
      "VOX Music TV": "VOX Music TV",
      "MTV Polska HD": "MTV Polska HD",
      "MTV Live HD": "MTV Live HD",
      "MTV Rocks": "MTV Rocks",
      "MTV Hits": "MTV Hits",
      "MTV Dance": "MTV Dance",
      "MTV Music": "MTV Music",
      "VH 1": "VH 1",
      "Nuta.TV HD": "Nuta.TV HD",
      "ESKA TV EXTRA HD": "ESKA TV EXTRA HD",
      "Polsat Music HD": "Polsat Music HD",
      "Disco Polo Music": "Disco Polo Music",
      "Polo TV": "Polo TV",
      "Power TV HD": "Power TV HD",
      "Kino Polska Muzyka": "Kino Polska Muzyka",
      "Mezzo": "Mezzo",
      "Mezzo Live HD": "Mezzo Live HD",
      "RTR Planeta": "RTR Planeta",
      "Russia Today": "Russia Today",
      "Deutsche Welle": "Deutsche Welle",
      "TV5Monde": "TV5Monde",
      "France 24 HD": "France 24 HD",
      "TV Trwam": "TV Trwam",
      "POLONIA 1": "POLONIA 1",
      "Red Carpet TV": "Red Carpet TV",
      "TO!TV": "TO!TV",
      "Hustler TV": "Hustler TV",
      "Private TV": "Private TV",
      "Brazzers TV Europe": "Brazzers TV Europe"
    },
    "IE": {
      "RTE One HD": "RTE1HD.ie",
      "RTE2 HD": "RTE2 HD",
      "Virgin Media One HD": "Virgin Media One HD",
      "TG4 HD": "TG4 HD",
      "Virgin Media Two HD": "Virgin Media Two HD",
      "Virgin Media Three HD": "Virgin Media Three HD",
      "RTE One +1": "RTE One +1",
      "BBC1 HD": "BBC1 HD",
      "BBC 2": "BBC 2",
      "Virgin Media One +1": "Virgin Media One +1",
      "Channel 4": "Channel 4",
      "E4": "E4",
      "E4+1": "E4+1",
      "Sky One": "Sky One",
      "Sky Two": "Sky Two",
      "Virgin Media Sport HD": "Virgin Media Sport HD",
      "BBC FOUR": "BBC FOUR",
      "More4": "More4",
      "G.O.L.D.": "G.O.L.D.",
      "TLC": "TLC",
      "Dave": "Dave",
      "Universal": "Universal",
      "Sky Witness": "Sky Witness",
      "Sky Witness +1": "Sky Witness +1",
      "FOX HD": "FOX HD",
      "Comedy": "Comedy",
      "Comedy +1": "Comedy +1",
      "Syfy": "Syfy",
      "CBS Reality": "CBS Reality",
      "ITV3": "ITV3",
      "ITV4": "ITV4",
      "Pick": "Pick",
      "Comedy Extra": "Comedy Extra",
      "CBS Action": "CBS Action",
      "BBC TWO HD": "BBC TWO HD",
      "Sky Arts": "Sky Arts",
      "Channel 4 HD": "Channel 4 HD",
      "Sky 1 HD": "Sky 1 HD",
      "Sky Witness HD": "Sky Witness HD",
      "Sky Arts HD": "Sky Arts HD",
      "Horror Channel": "Horror Channel",
      "E!": "E!",
      "Alibi": "Alibi",
      "More4+1": "More4+1",
      "G.O.L.D. +1": "G.O.L.D. +1",
      "Discovery Quest": "Discovery Quest",
      "Discovery Shed": "Discovery Shed",
      "Discovery Turbo": "Discovery Turbo",
      "Challenge": "Challenge",
      "Real Lives": "Real Lives",
      "Quest Red": "Quest Red",
      "Watch": "Watch",
      "Channel 4 +1": "Channel 4 +1",
      "E4 HD": "E4 HD",
      "CBS Drama": "CBS Drama",
      "FOX +1": "FOX +1",
      "More4 HD": "More4 HD",
      "Universal HD": "Universal HD",
      "Comedy HD": "Comedy HD",
      "SyFy HD": "SyFy HD",
      "RTE News Now": "RTE News Now",
      "BBC News 24": "BBC News 24",
      "Sky News": "Sky News",
      "Euronews": "Euronews",
      "CNBC Europe": "CNBC Europe",
      "CNN": "CNN",
      "BBC World": "BBC World",
      "Oireachtas TV": "Oireachtas TV",
      "Discovery": "Discovery",
      "Disc Channel +1": "Disc Channel +1",
      "Home &amp; Health": "Home &amp; Health",
      "Discovery Science": "Discovery Science",
      "Discovery History": "Discovery History",
      "Animal Planet": "Animal Planet",
      "DMAX": "DMAX",
      "National Geographic": "National Geographic",
      "Nat Geo Wild": "Nat Geo Wild",
      "History Channel": "History Channel",
      "Lifetime": "Lifetime",
      "Discovery HD": "Discovery HD",
      "History HD": "History HD",
      "National Geographic HD": "National Geographic HD",
      "Nat Geo Wild HD": "Nat Geo Wild HD",
      "Crime &amp; Investigation HD": "Crime &amp; Investigation HD",
      "H 2": "H 2",
      "Sky News HD": "Sky News HD",
      "Bloomberg": "Bloomberg",
      "Russia Today": "Russia Today",
      "Netflix": "Netflix",
      "Sky Comedy": "Sky Comedy",
      "Sky Action Men": "Sky Action Men",
      "Sky Animation": "Sky Animation",
      "Sky-Fi": "Sky-Fi",
      "Sky Disney": "Sky Disney",
      "Sky Select": "Sky Select",
      "Sky Greats": "Sky Greats",
      "Sky Drama": "Sky Drama",
      "Sky Crime and Thriller": "Sky Crime and Thriller",
      "Sky Hits": "Sky Hits",
      "Sky Premiere": "Sky Premiere",
      "Sky Premiere +1": "Sky Premiere +1",
      "Film Four": "Film Four",
      "FILMFOUR +1": "FILMFOUR +1",
      "TCM": "TCM",
      "TCM +1": "TCM +1",
      "True Movies 1": "True Movies 1",
      "Sky Comedy HD": "Sky Comedy HD",
      "Sky Action Men HD": "Sky Action Men HD",
      "Sky Animation HD": "Sky Animation HD",
      "Sky-Fi HD": "Sky-Fi HD",
      "Sky Select HD": "Sky Select HD",
      "Sky Greats HD": "Sky Greats HD",
      "Sky Drama HD": "Sky Drama HD",
      "Sky Thriller HD": "Sky Thriller HD",
      "Sky Hits HD": "Sky Hits HD",
      "Sky Premiere HD": "Sky Premiere HD",
      "Film4 HD": "Film4 HD",
      "Sky Sports Main Event": "Sky Sports Main Event",
      "Sky Sports Cricket": "Sky Sports Cricket",
      "Sky Sports Action": "Sky Sports Action",
      "Sky Sports Golf": "Sky Sports Golf",
      "Sky Sports Premier League": "Sky Sports Premier League",
      "Sky Sports Arena": "Sky Sports Arena",
      "Sky Sports Football": "Sky Sports Football",
      "Sky Sports News": "Sky Sports News",
      "Sky Sports Mix": "Sky Sports Mix",
      "Racing UK": "Racing UK",
      "At the Races": "At the Races",
      "Eurosport HD": "Eurosport HD",
      "Eurosport 2 HD": "Eurosport 2 HD",
      "MUTV": "MUTV",
      "Sky Sports Main Event HD": "Sky Sports Main Event HD",
      "Sky Sports Cricket HD": "Sky Sports Cricket HD",
      "Sky Sports Action HD": "Sky Sports Action HD",
      "Sky Sports Golf HD": "Sky Sports Golf HD",
      "Sky Sports Premier League HD": "Sky Sports Premier League HD",
      "Sky Sports Arena HD": "Sky Sports Arena HD",
      "Sky Sports Football HD": "Sky Sports Football HD",
      "Sky Sports News HD": "Sky Sports News HD",
      "Sky Sports Mix HD": "Sky Sports Mix HD",
      "VM Sport Extra 1 HD": "VM Sport Extra 1 HD",
      "VM Sport Extra 2 HD": "VM Sport Extra 2 HD",
      "VM Sport Extra 3 HD": "VM Sport Extra 3 HD",
      "VM Sport Extra 4 HD": "VM Sport Extra 4 HD",
      "VM Sport Extra 5 HD": "VM Sport Extra 5 HD",
      "VM Sport Extra 6 HD": "VM Sport Extra 6 HD",
      "Fashion  TV": "Fashion  TV",
      "ID": "ID",
      "QVC": "QVC",
      "Food Network": "Food Network",
      "RTEjr": "RTEjr",
      "TRTE": "TRTE",
      "Cula4": "Cula4",
      "Boomerang": "Boomerang",
      "Nickelodeon": "Nickelodeon",
      "Nick Replay": "Nick Replay",
      "Nick Toons": "Nick Toons",
      "Nick Junior": "Nick Junior",
      "CBBC": "CBBC",
      "Cbeebies": "Cbeebies",
      "Disney Channel HD": "Disney Channel HD",
      "Disney Junior": "Disney Junior",
      "Cartoonito": "Cartoonito",
      "Cartoon Network": "Cartoon Network",
      "Nickelodeon HD": "Nickelodeon HD",
      "MTV": "MTV",
      "MTV Rocks": "MTV Rocks",
      "MTV Hits": "MTV Hits",
      "MTV Base": "MTV Base",
      "MTV Dance": "MTV Dance",
      "VH1": "VH1",
      "MTV Classic": "MTV Classic",
      "MTV MUSIC": "MTV MUSIC",
      "MTV OMG": "MTV OMG",
      "The Box": "The Box",
      "Box Hits": "Box Hits",
      "Magic": "Magic",
      "Box Upfront": "Box Upfront",
      "Kerrang!": "Kerrang!",
      "4Music": "4Music",
      "KISS": "KISS",
      "Zee TV": "Zee TV",
      "EWTN": "EWTN",
      "The God Channel": "The God Channel",
      "TV5": "TV5",
      "TVX": "TVX",
      "The Adult Channel": "The Adult Channel",
      "Playboy": "Playboy",
      "PPV Channel": "PPV Channel",
      "PPV Channel 2": "PPV Channel 2"
    },
    "GB": {
    },    
    "SK": {
      "Jednotka HD": "Jednotka HD",
      "Dvojka HD": "Dvojka HD",
      "Markiza HD": "Markiza HD",
      "Doma HD": "Doma HD",
      "JOJ HD": "JOJ HD",
      "JOJ Plus HD": "JOJ Plus HD",
      "JOJ Cinema HD": "JOJ Cinema HD",
      "Dajto HD": "Dajto HD",
      "WAU": "WAU",
      "RiK HD": "RiK HD",
      "TA3": "TA3",
      "TV LUX": "TV LUX",
      "TV8 HD": "TV8 HD",
      "SENZI HD": "SENZI HD",
      "CT 1 HD": "CT 1 HD",
      "CT 2 HD": "CT 2 HD",
      "CT D HD / CT art HD": "CT D HD / CT art HD",
      "CT 24 HD": "CT 24 HD",
      "Nova International HD": "Nova International HD",
      "Prima PLUS HD": "Prima PLUS HD",
      "AMC HD": "AMC HD",
      "Seznam TV": "Seznam TV",
      "Prima KRIMI HD": "Prima KRIMI HD",
      "Prima Comedy Central": "Prima Comedy Central",
      "Prima MAX HD": "Prima MAX HD",
      "Prima COOL": "Prima COOL",
      "Prima love": "Prima love",
      "Prima ZOOM": "Prima ZOOM",
      "Barrandov TV HD": "Barrandov TV HD",
      "Barrandov News": "Barrandov News",
      "Barrandov Krimi": "Barrandov Krimi",
      "Kino Barrandov": "Kino Barrandov",
      "Noe TV": "Noe TV",
      "Mnam TV": "Mnam TV",
      "Mnau TV": "Mnau TV",
      "TV Raj": "TV Raj",
      "TV Ruzinov HD": "TV Ruzinov HD",
      "AMC": "AMC",
      "AXN": "AXN",
      "AXN White": "AXN White",
      "AXN Black": "AXN Black",
      "Film+ HD CZ": "Film+ HD CZ",
      "FilmBox": "FilmBox",
      "FilmBox Family": "FilmBox Family",
      "CS mini / CS film / Horor film": "CS mini / CS film / Horor film",
      "Kino Svet": "Kino Svet",
      "Animal Planet HD": "Animal Planet HD",
      "CBS Reality": "CBS Reality",
      "Crime and Investigation": "Crime and Investigation",
      "Discovery HD": "Discovery HD",
      "Discovery Showcase HD": "Discovery Showcase HD",
      "Discovery Science HD": "Discovery Science HD",
      "DTX HD": "DTX HD",
      "IDX HD": "IDX HD",
      "Fine Living HD": "Fine Living HD",
      "Food Network HD": "Food Network HD",
      "History HD": "History HD",
      "National Geographic HD": "National Geographic HD",
      "Nat Geo Wild HD": "Nat Geo Wild HD",
      "Spektrum HD": "Spektrum HD",
      "Spektrum home": "Spektrum home",
      "TLC": "TLC",
      "TV Paprika": "TV Paprika",
      "Travel Channel HD": "Travel Channel HD",
      "Viasat Explore": "Viasat Explore",
      "Viasat History HD": "Viasat History HD",
      "Viasat Nature HD": "Viasat Nature HD",
      "WAR": "WAR",
      "Fishing and Hunting": "Fishing and Hunting",
      "Hobby TV HD": "Hobby TV HD",
      "Park TV HD": "Park TV HD",
      "Adventure HD": "Adventure HD",
      "Eurosport 1 HD": "Eurosport 1 HD",
      "Eurosport 2 HD": "Eurosport 2 HD",
      "Sport 1 HD": "Sport 1 HD",
      "Sport 2 HD": "Sport 2 HD",
      "Sport 5": "Sport 5",
      "arena sport 1 HD": "arena sport 1 HD",
      "arena sport 2": "arena sport 2",
      "Auto Motor Sport": "Auto Motor Sport",
      "Golf Channel HD": "Golf Channel HD",
      "Extreme Sports": "Extreme Sports",
      "Nova Sport 1 HD": "Nova Sport 1 HD",
      "Nova Sport 2 HD": "Nova Sport 2 HD",
      "Spartak TV": "Spartak TV",
      "ducktv": "ducktv",
      "Minimax": "Minimax",
      "Megamax": "Megamax",
      "Disney Channel": "Disney Channel",
      "JimJam": "JimJam",
      "Nickelodeon": "Nickelodeon",
      "Nick Jr.": "Nick Jr.",
      "TuTy HD": "TuTy HD",
      "Cartoon Network HD": "Cartoon Network HD",
      "MTV Europe": "MTV Europe",
      "MTV Live HD": "MTV Live HD",
      "MTV Dance": "MTV Dance",
      "MTV Rocks": "MTV Rocks",
      "VH 1": "VH 1",
      "VH 1 Classic": "VH 1 Classic",
      "Power TV HD": "Power TV HD",
      "Slagr TV": "Slagr TV",
      "C Music HD": "C Music HD",
      "Slusnej kanal": "Slusnej kanal",
      "Mezzo": "Mezzo",
      "Fashion TV HD": "Fashion TV HD",
      "RELAX": "RELAX",
      "Mezzo live HD": "Mezzo live HD",
      "BBC World News": "BBC World News",
      "CNN": "CNN",
      "Deutsche Welle": "Deutsche Welle",
      "CNBC Europe": "CNBC Europe",
      "Euronews HD": "Euronews HD",
      "France 24": "France 24",
      "Russia Today HD": "Russia Today HD",
      "Euronews": "Euronews",
      "Channel One Russia": "Channel One Russia",
      "ORF 1": "ORF 1",
      "ORF 2": "ORF 2",
      "HBO": "HBO",
      "HBO HD": "HBO HD",
      "HBO 2 HD": "HBO 2 HD",
      "HBO 3 HD": "HBO 3 HD",
      "Cinemax HD": "Cinemax HD",
      "Cinemax 2 HD": "Cinemax 2 HD",
      "FilmBox Extra HD": "FilmBox Extra HD",
      "FilmBox Premium HD": "FilmBox Premium HD",
      "FilmBox Plus": "FilmBox Plus",
      "Fightbox HD": "Fightbox HD",
      "Docubox HD": "Docubox HD",
      "Fast &amp; Fun HD": "Fast &amp; Fun HD",
      "EroXXX HD": "EroXXX HD",
      "Hustler HD": "Hustler HD",
      "Hustler TV": "Hustler TV",
      "Extasy / Leo TV": "Extasy / Leo TV",
      "Private TV": "Private TV",
      "HirTV": "HirTV",
      "M1": "M1",
      "m2": "m2",
      "M3": "M3",
      "M4 Sport": "M4 Sport",
      "RTL Klub": "RTL Klub",
      "RTL 2 (HUN)": "RTL 2 (HUN)",
      "Filmbox HU": "Filmbox HU",
      "Viasat 3": "Viasat 3",
      "Duna World": "Duna World",
      "Duna": "Duna",
      "Magyar ATV": "Magyar ATV",
      "TV2": "TV2",
      "Cool TV": "Cool TV",
      "Story 4": "Story 4",
      "Spektrum Home HU": "Spektrum Home HU",
      "Slager TV": "Slager TV",
      "Kabel eins": "Kabel eins",
      "N24": "N24",
      "ProSieben": "ProSieben",
      "RTL": "RTL",
      "RTL 2 (GER)": "RTL 2 (GER)",
      "Super RTL": "Super RTL",
      "SAT 1": "SAT 1",
      "VOX": "VOX",
      "National Geographic": "National Geographic",
      "TV Region": "TV Region"
    },
    "CZ": {
      "CT 1 HD": "CT 1 HD",
      "CT 2 HD": "CT 2 HD",
      "Nova HD": "Nova HD",
      "Prima HD": "Prima HD",
      "CT 24 HD": "CT 24 HD",
      "CT sport HD": "CT sport HD",
      "CT D HD / CT art HD": "CT D HD / CT art HD",
      "Nova Cinema HD": "Nova Cinema HD",
      "Nova Action HD": "Nova Action HD",
      "Nova Gold HD": "Nova Gold HD",
      "Nova 2 HD": "Nova 2 HD",
      "Prima Comedy Central": "Prima Comedy Central",
      "Prima COOL HD": "Prima COOL HD",
      "Prima ZOOM HD": "Prima ZOOM HD",
      "Prima love HD": "Prima love HD",
      "Prima MAX HD": "Prima MAX HD",
      "Barrandov TV HD": "Barrandov TV HD",
      "Kino Barrandov HD": "Kino Barrandov HD",
      "Barrandov Krimi HD": "Barrandov Krimi HD",
      "RELAX HD": "RELAX HD",
      "Jednotka": "Jednotka",
      "Dvojka": "Dvojka",
      "Seznam.cz TV HD": "Seznam.cz TV HD",
      "JOJ Family HD": "JOJ Family HD",
      "JOJ Cinema HD": "JOJ Cinema HD",
      "FilmBox": "FilmBox",
      "AMC HD": "AMC HD",
      "Prima KRIMI HD": "Prima KRIMI HD",
      "HBO HD": "HBO HD",
      "HBO 2 HD": "HBO 2 HD",
      "HBO 3 HD": "HBO 3 HD",
      "Cinemax HD": "Cinemax HD",
      "Cinemax 2 HD": "Cinemax 2 HD",
      "Film Europe HD": "Film Europe HD",
      "FilmBox Extra HD": "FilmBox Extra HD",
      "FilmBox Premium HD": "FilmBox Premium HD",
      "AXN": "AXN",
      "AXN HD": "AXN HD",
      "AXN Black": "AXN Black",
      "AXN White": "AXN White",
      "CS mini / CS film / Horor film": "CS mini / CS film / Horor film",
      "Kino Svet": "Kino Svet",
      "CS Festival HD": "CS Festival HD",
      "Film+ HD CZ": "Film+ HD CZ",
      "FilmBox Plus": "FilmBox Plus",
      "FilmBox Family": "FilmBox Family",
      "Barrandov News": "Barrandov News",
      "TLC": "TLC",
      "Nova Sport 1 HD": "Nova Sport 1 HD",
      "Nova Sport 2 HD": "Nova Sport 2 HD",
      "Eurosport 1 HD": "Eurosport 1 HD",
      "Eurosport 2 HD": "Eurosport 2 HD",
      "Sport 1 HD": "Sport 1 HD",
      "Sport 2 HD": "Sport 2 HD",
      "Sport 5": "Sport 5",
      "Adventure HD": "Adventure HD",
      "arena sport 1 HD": "arena sport 1 HD",
      "arena sport 2": "arena sport 2",
      "AutoMotorSport HD": "AutoMotorSport HD",
      "Golf Channel HD": "Golf Channel HD",
      "Extreme Sports": "Extreme Sports",
      "Fightbox HD": "Fightbox HD",
      "Fast &amp; Fun HD": "Fast &amp; Fun HD",
      "Docubox HD": "Docubox HD",
      "WAR": "WAR",
      "Discovery Showcase HD": "Discovery Showcase HD",
      "Animal Planet HD": "Animal Planet HD",
      "Discovery HD": "Discovery HD",
      "DTX HD": "DTX HD",
      "Discovery Science HD": "Discovery Science HD",
      "IDX HD": "IDX HD",
      "Spektrum HD": "Spektrum HD",
      "History HD": "History HD",
      "National Geographic": "National Geographic",
      "National Geographic HD": "National Geographic HD",
      "Nat Geo Wild HD": "Nat Geo Wild HD",
      "Spektrum home": "Spektrum home",
      "TV Paprika": "TV Paprika",
      "CBS Reality": "CBS Reality",
      "Fishing and Hunting": "Fishing and Hunting",
      "Travel Channel HD": "Travel Channel HD",
      "Viasat Explore": "Viasat Explore",
      "Viasat History HD": "Viasat History HD",
      "Viasat Nature HD": "Viasat Nature HD",
      "Crime and Investigation": "Crime and Investigation",
      "Ocko": "Ocko",
      "Ocko Star": "Ocko Star",
      "Ocko Black HD": "Ocko Black HD",
      "Retro Music TV": "Retro Music TV",
      "REBEL": "REBEL",
      "Slusnej kanal": "Slusnej kanal",
      "MTV Live HD": "MTV Live HD",
      "MTV Europe": "MTV Europe",
      "MTV Dance": "MTV Dance",
      "MTV Rocks": "MTV Rocks",
      "VH 1": "VH 1",
      "VH 1 Classic": "VH 1 Classic",
      "Slagr 2": "Slagr 2",
      "Slagr TV": "Slagr TV",
      "Mezzo live HD": "Mezzo live HD",
      "Mezzo": "Mezzo",
      "C Music HD": "C Music HD",
      "Ocko Expres HD": "Ocko Expres HD",
      "Power TV HD": "Power TV HD",
      "Cartoon Network HD": "Cartoon Network HD",
      "Nickelodeon": "Nickelodeon",
      "Nick Jr.": "Nick Jr.",
      "Disney Channel": "Disney Channel",
      "Minimax": "Minimax",
      "Megamax": "Megamax",
      "JimJam": "JimJam",
      "TuTy HD": "TuTy HD",
      "ducktv": "ducktv",
      "Noe TV": "Noe TV",
      "Hobby TV HD": "Hobby TV HD",
      "Mnau TV": "Mnau TV",
      "Mnam TV": "Mnam TV",
      "Food Network HD": "Food Network HD",
      "TV5 Monde": "TV5 Monde",
      "Fine Living HD": "Fine Living HD",
      "Fashion TV HD": "Fashion TV HD",
      "regiony+": "regiony+",
      "regionalnitelevize.cz": "regionalnitelevize.cz",
      "PRAHA TV": "PRAHA TV",
      "rtm+": "rtm+",
      "TV ZAK": "TV ZAK",
      "Polar TV": "Polar TV",
      "BBC World News": "BBC World News",
      "CNN": "CNN",
      "CNBC Europe": "CNBC Europe",
      "Euronews HD": "Euronews HD",
      "France 24": "France 24",
      "Deutsche Welle": "Deutsche Welle",
      "TA3": "TA3",
      "Russia Today HD": "Russia Today HD",
      "Channel One Russia": "Channel One Russia",
      "KBS World HD": "KBS World HD",
      "CGTN": "CGTN"
    },
    "HU": {
      "M1": "M1",
      "M1 HD": "M1 HD",
      "M2/Petőfi": "M2/Petőfi",
      "M2/Petőfi HD": "M2/Petőfi HD",
      "Duna": "Duna",
      "Duna HD": "Duna HD",
      "M4": "M4",
      "M4 HD": "M4 HD",
      "Duna World": "Duna World",
      "M5": "M5",
      "M5 HD": "M5 HD",
      "M3": "M3",
      "upc info csatorna": "upc info csatorna",
      "Comedy Central": "Comedy Central",
      "Comedy Central Family": "Comedy Central Family",
      "RTL Spike": "RTL Spike",
      "Paramount Channel": "Paramount Channel",
      "RTL Klub": "RTL Klub",
      "RTL Klub HD": "RTL Klub HD",
      "TV2": "TV2",
      "TV2 HD": "TV2 HD",
      "VIASAT3": "VIASAT3",
      "Viasat3 HD": "Viasat3 HD",
      "VIASAT6": "VIASAT6",
      "RTL II": "RTL II",
      "RTL II HD": "RTL II HD",
      "Super TV2": "Super TV2",
      "Super TV2 HD": "Super TV2 HD",
      "Cool TV": "Cool TV",
      "Cool HD": "Cool HD",
      "Film+": "Film+",
      "Film+ HD": "Film+ HD",
      "RTL Gold": "RTL Gold",
      "AXN": "AXN",
      "AXN HD": "AXN HD",
      "Sony Max": "Sony Max",
      "Sony Movie Channel": "Sony Movie Channel",
      "Moziverzum": "Moziverzum",
      "Moziverzum HD": "Moziverzum HD",
      "Jocky TV": "Jocky TV",
      "Sorozat+": "Sorozat+",
      "TV4": "TV4",
      "Izaura TV": "Izaura TV",
      "Story4": "Story4",
      "Film Mánia": "Film Mánia",
      "Film Café": "Film Café",
      "RTL+": "RTL+",
      "AMC": "AMC",
      "AMC HD": "AMC HD",
      "Mozi+": "Mozi+",
      "Mozi+ HD": "Mozi+ HD",
      "Spíler1 TV": "Spíler1 TV",
      "Spíler1 TV HD": "Spíler1 TV HD",
      "Spíler2 TV": "Spíler2 TV",
      "Spíler2 TV HD": "Spíler2 TV HD",
      "Prime": "Prime",
      "FilmBox": "FilmBox",
      "Humor+": "Humor+",
      "LifeTv": "LifeTv",
      "TLC": "TLC",
      "MTV Hungary": "MTV Hungary",
      "Galaxy4": "Galaxy4",
      "Epic Drama": "Epic Drama",
      "Film4": "Film4",
      "ATV Spirit teszt": "ATV Spirit teszt",
      "ATV": "ATV",
      "ATV HD": "ATV HD",
      "Hír TV": "Hír TV",
      "Echo TV": "Echo TV",
      "HBO": "HBO",
      "HBO HD": "HBO HD",
      "HBO2": "HBO2",
      "HBO3": "HBO3",
      "Cinemax": "Cinemax",
      "Cinemax2": "Cinemax2",
      "FilmBox Extra HD": "FilmBox Extra HD",
      "FilmBox Premium": "FilmBox Premium",
      "FilmBox Family": "FilmBox Family",
      "FilmBox Plus": "FilmBox Plus",
      "FightBox": "FightBox",
      "DocuBox": "DocuBox",
      "GameToon": "GameToon",
      "Sport1": "Sport1",
      "Sport1 HD": "Sport1 HD",
      "Sport2": "Sport2",
      "Sport2 HD": "Sport2 HD",
      "Eurosport 1": "Eurosport 1",
      "Eurosport 1 HD": "Eurosport 1 HD",
      "Eurosport 2": "Eurosport 2",
      "Eurosport 2 HD": "Eurosport 2 HD",
      "Fishing&amp;Hunting": "Fishing&amp;Hunting",
      "Extreme Sports Channel": "Extreme Sports Channel",
      "Spektrum": "Spektrum",
      "Spektrum HD": "Spektrum HD",
      "National Geographic": "National Geographic",
      "Nat Geo HD": "Nat Geo HD",
      "Nat Geo WILD": "Nat Geo WILD",
      "Nat Geo WILD HD": "Nat Geo WILD HD",
      "Discovery Channel": "Discovery Channel",
      "Discovery Showcase HD": "Discovery Showcase HD",
      "Animal Planet": "Animal Planet",
      "Animal Planet HD": "Animal Planet HD",
      "DTX": "DTX",
      "Discovery Science": "Discovery Science",
      "ID": "ID",
      "HISTORY": "HISTORY",
      "History HD": "History HD",
      "OzoneTv": "OzoneTv",
      "Viasat Explore": "Viasat Explore",
      "Viasat Nature/History HD": "Viasat Nature/History HD",
      "Travel Channel HD": "Travel Channel HD",
      "Travel Channel": "Travel Channel",
      "DoQ": "DoQ",
      "CBS Reality": "CBS Reality",
      "Da Vinci": "Da Vinci",
      "English Club TV": "English Club TV",
      "TV Paprika": "TV Paprika",
      "Spektrum Home": "Spektrum Home",
      "Food Network": "Food Network",
      "Fine Living": "Fine Living",
      "LiChi TV": "LiChi TV",
      "FEM3": "FEM3",
      "Disney Channel": "Disney Channel",
      "Nickelodeon": "Nickelodeon",
      "Nickelodeon HD": "Nickelodeon HD",
      "Nick Jr": "Nick Jr",
      "Minimax": "Minimax",
      "Megamax": "Megamax",
      "Cartoon Network": "Cartoon Network",
      "JimJam": "JimJam",
      "BabyTV": "BabyTV",
      "Kiwi TV": "Kiwi TV",
      "Mezzo": "Mezzo",
      "Muzsika TV": "Muzsika TV",
      "Sláger TV": "Sláger TV",
      "MTV Hits": "MTV Hits",
      "MTV Rocks": "MTV Rocks",
      "MTV Live HD": "MTV Live HD",
      "VH1": "VH1",
      "Zenebutik": "Zenebutik",
      "CNN International": "CNN International",
      "BBC World News": "BBC World News",
      "Euronews": "Euronews",
      "Al Jazeera English": "Al Jazeera English",
      "Russia Today": "Russia Today",
      "TV5MONDE": "TV5MONDE",
      "TVE": "TVE",
      "ZDF": "ZDF",
      "DW English": "DW English",
      "SAT.1": "SAT.1",
      "RTL": "RTL",
      "ORF 1": "ORF 1",
      "ORF 2": "ORF 2",
      "Rai Uno": "Rai Uno",
      "RTR-Planeta": "RTR-Planeta",
      "CCTV-4": "CCTV-4",
      "Polonia": "Polonia",
      "RTV SLO 1": "RTV SLO 1",
      "HUSTLER TV": "HUSTLER TV",
      "Private TV": "Private TV",
      "D1 TV": "D1 TV",
      "Pax Televízió": "Pax Televízió",
      "FIX TV": "FIX TV",
      "hatoscsatorna": "hatoscsatorna"
    },
    "RO": {
      "TVR 1": "TVR 1",
      "PRO TV": "PRO TV",
      "Antena 1": "Antena 1",
      "Antena Stars": "Antena Stars",
      "Prima TV": "Prima TV",
      "Kanal D": "Kanal D",
      "Look Plus": "Look Plus",
      "Look Sport": "Look Sport",
      "TVR 2": "TVR 2",
      "Naţional TV": "Naţional TV",
      "TVR 3": "TVR 3",
      "Top Shop TV": "Top Shop TV",
      "Neptun TV": "Neptun TV",
      "Naţional 24 Plus": "Naţional 24 Plus",
      "PRO GOLD": "PRO GOLD",
      "PRO 2": "PRO 2",
      "Filmcafe": "Filmcafe",
      "Happy Channel": "Happy Channel",
      "E! Entertainment": "E! Entertainment",
      "Fine Living": "Fine Living",
      "Fashion TV": "Fashion TV",
      "TLC": "TLC",
      "TV Paprika": "TV Paprika",
      "Food TV": "Food TV",
      "IDA TV": "IDA TV",
      "PRO CINEMA": "PRO CINEMA",
      "Diva Universal": "Diva Universal",
      "AXN": "AXN",
      "AXN White": "AXN White",
      "AXN Black": "AXN Black",
      "AMC": "AMC",
      "TV 1000": "TV 1000",
      "FilmBox": "FilmBox",
      "Paramount Channel": "Paramount Channel",
      "Comedy Central": "Comedy Central",
      "Axn Spin": "Axn Spin",
      "Epic Drama": "Epic Drama",
      "Epic Drama HD": "Epic Drama HD",
      "HBO": "HBO",
      "HBO 2": "HBO 2",
      "HBO 3": "HBO 3",
      "Cinemax": "Cinemax",
      "Cinemax 2": "Cinemax 2",
      "Bollywood TV Film": "Bollywood TV Film",
      "Bollywood Clasic": "Bollywood Clasic",
      "Bollywood TV": "Bollywood TV",
      "FilmBox Extra HD>SD": "FilmBox Extra HD>SD",
      "FilmBox Family": "FilmBox Family",
      "FilmBox Plus": "FilmBox Plus",
      "FilmBox Premium": "FilmBox Premium",
      "HBO HD": "HBO HD",
      "FilmBox Extra HD": "FilmBox Extra HD",
      "Bollywood HD": "Bollywood HD",
      "Cinemax HD": "Cinemax HD",
      "HBO 2 HD": "HBO 2 HD",
      "HBO 3 HD": "HBO 3 HD",
      "Eurosport 1 HD": "Eurosport 1 HD",
      "Eurosport 2 HD": "Eurosport 2 HD",
      "PRO X HD": "PRO X HD",
      "Auto Motor Sport HD": "Auto Motor Sport HD",
      "Look Plus HD": "Look Plus HD",
      "Look Sport HD": "Look Sport HD",
      "Trace Sport Stars HD": "Trace Sport Stars HD",
      "Trace Urban HD": "Trace Urban HD",
      "MyZen HD": "MyZen HD",
      "Motorvision HD": "Motorvision HD",
      "TVR HD": "TVR HD",
      "PRO TV HD": "PRO TV HD",
      "Kanal D HD": "Kanal D HD",
      "Antena 1 HD": "Antena 1 HD",
      "Antena 3 HD": "Antena 3 HD",
      "PRO 2 HD": "PRO 2 HD",
      "Happy Channel HD": "Happy Channel HD",
      "History HD": "History HD",
      "National Geographic HD": "National Geographic HD",
      "Nat Geo Wild HD": "Nat Geo Wild HD",
      "Disc. Showcase HD": "Disc. Showcase HD",
      "Animal Planet HD": "Animal Planet HD",
      "Travel HD": "Travel HD",
      "Viasat Nature/History HD": "Viasat Nature/History HD",
      "Discovery HD": "Discovery HD",
      "Fashion TV HD": "Fashion TV HD",
      "Taraf HD": "Taraf HD",
      "MTV Live HD": "MTV Live HD",
      "Etno HD": "Etno HD",
      "Mooz Dance HD": "Mooz Dance HD",
      "Mezzo HD": "Mezzo HD",
      "Arte HD": "Arte HD",
      "PRO X": "PRO X",
      "Eurosport 1": "Eurosport 1",
      "Extreme Sports": "Extreme Sports",
      "Nautical Channel": "Nautical Channel",
      "Eurosport 2": "Eurosport 2",
      "Fishing&amp;Hunting": "Fishing&amp;Hunting",
      "Trace Sport Stars": "Trace Sport Stars",
      "Motorvision SD": "Motorvision SD",
      "PPV 1 Look Sport": "PPV 1 Look Sport",
      "PPV 2 Look Sport": "PPV 2 Look Sport",
      "PPV 3 Look Sport": "PPV 3 Look Sport",
      "PPV 4 Look Sport": "PPV 4 Look Sport",
      "PPV 5 Look Sport": "PPV 5 Look Sport",
      "PPV 6 Look Sport": "PPV 6 Look Sport",
      "PPV 7 Look Sport": "PPV 7 Look Sport",
      "PPV 8 Look Sport": "PPV 8 Look Sport",
      "PPV 9 Look Sport": "PPV 9 Look Sport",
      "Discovery Channel": "Discovery Channel",
      "National Geographic": "National Geographic",
      "CBS Reality": "CBS Reality",
      "ID": "ID",
      "Crime&amp;Investigation Network": "Crime&amp;Investigation Network",
      "Animal Planet": "Animal Planet",
      "DTX": "DTX",
      "Discovery Science": "Discovery Science",
      "Travel Mix": "Travel Mix",
      "Travel Channel": "Travel Channel",
      "Nat Geo Wild": "Nat Geo Wild",
      "History Channel": "History Channel",
      "Da Vinci Learning": "Da Vinci Learning",
      "Viasat Explore": "Viasat Explore",
      "Viasat History": "Viasat History",
      "Viasat Nature": "Viasat Nature",
      "DoQ": "DoQ",
      "Realitatea TV": "Realitatea TV",
      "Antena 3": "Antena 3",
      "România Tv": "România Tv",
      "B1": "B1",
      "Digi24": "Digi24",
      "Naşul TV": "Naşul TV",
      "NCN": "NCN",
      "Euronews": "Euronews",
      "CNN": "CNN",
      "France 24": "France 24",
      "CNBC": "CNBC",
      "Bloomberg": "Bloomberg",
      "Russia Today": "Russia Today",
      "CGTN": "CGTN",
      "Al Jazeera English": "Al Jazeera English",
      "Al Jazeera Arabic": "Al Jazeera Arabic",
      "Minimax": "Minimax",
      "Cartoon Network": "Cartoon Network",
      "Disney Channel": "Disney Channel",
      "Megamax": "Megamax",
      "Boomerang": "Boomerang",
      "Nickelodeon": "Nickelodeon",
      "JimJam": "JimJam",
      "Disney Junior": "Disney Junior",
      "Baby TV": "Baby TV",
      "Nickelodeon Jr.": "Nickelodeon Jr.",
      "TVH": "TVH",
      "Kiss TV": "Kiss TV",
      "VH1 Channel": "VH1 Channel",
      "VH1 Classic": "VH1 Classic",
      "MTV Rocks": "MTV Rocks",
      "MTV Hits": "MTV Hits",
      "MTV Dance": "MTV Dance",
      "ZU TV": "ZU TV",
      "U TV": "U TV",
      "Music Channel": "Music Channel",
      "H!T Music": "H!T Music",
      "Mooz SD": "Mooz SD",
      "Rock TV": "Rock TV",
      "Magic TV": "Magic TV",
      "Mezzo": "Mezzo",
      "Favorit": "Favorit",
      "Etno": "Etno",
      "Inedit TV": "Inedit TV",
      "Taraf TV": "Taraf TV",
      "Balkanika MTV": "Balkanika MTV",
      "KBS HD": "KBS HD",
      "TV5 Monde": "TV5 Monde",
      "DW": "DW",
      "RTL Channel": "RTL Channel",
      "PRO 7": "PRO 7",
      "SAT.1": "SAT.1",
      "Duna TV": "Duna TV",
      "M2": "M2",
      "TV2": "TV2",
      "ATV": "ATV",
      "Hír TV": "Hír TV",
      "M1": "M1",
      "RTL II": "RTL II",
      "M4 Sport HD": "M4 Sport HD",
      "M4 Sport SD": "M4 Sport SD",
      "TVE": "TVE",
      "Rai Uno": "Rai Uno",
      "Film+": "Film+",
      "RTL Gold": "RTL Gold",
      "RTL +": "RTL +",
      "Sorozat +": "Sorozat +",
      "Cool TV": "Cool TV",
      "RTL Klub": "RTL Klub",
      "Slager TV": "Slager TV",
      "Muzsika TV": "Muzsika TV",
      "Erdély TV": "Erdély TV",
      "Estrada TV": "Estrada TV",
      "Trinitas TV": "Trinitas TV",
      "Speranţa TV": "Speranţa TV",
      "Alfa Omega TV": "Alfa Omega TV",
      "Agro TV": "Agro TV",
      "Hustler TV": "Hustler TV",
      "Private TV": "Private TV",
      "Penthouse HD": "Penthouse HD",
      "Hustler HD": "Hustler HD",
      "Penthouse HD1": "Penthouse HD1"
    }
  }
}

