{
  "channels": {
    "UK": {
        "4Music": "4Music.uk",
        "4seven": "4Seven.uk",
        "4seven HD": "4Seven.uk",
        "5SELECT": "5Select.uk",
        "5Spike": "5Spike.uk",
        "5Spike +1": "5SpikePlus1.uk",
        "5STAR": "5star.uk",
        "5STAR +1": "5starPlus1.uk",
        "5USA": "5USA.uk",
        "5USA +1": "5USAPlus1.uk",
        "AIT International": "AIT.uk",
        "Alibi": "Alibi.uk",
        "Alibi +1": "AlibiPlus1.uk",
        "Alibi HD": "Alibi.uk",
        "Al Jazeera English": "AlJazeera.nws",
        "Al Jazeera English HD": "AlJazeera.nws",
        "Amazon": "Amazon",
        "AMC from BT": "AMC.uk",
        "AMC HD from BT": "AMC.uk",
        "Animal Planet": "AnimalPlanet.uk",
        "Animal Planet +1": "AnimalPlanetPlus1.uk",
        "Animal Planet HD": "AnimalPlanet.uk",
        "ARY News": "ARYNews.uk",
        "Baby TV": "BabyTV.uk",
        "BBC Alba": "BBCAlba.uk",
        "BBC Four": "BBC4.uk",
        "BBC Four HD": "BBC4.uk",
        "BBC News Channel": "BBCNews.nws",
        "BBC News Channel HD": "BBCNews.nws",
        "BBC One (BBC East)": "BBCOneEast.uk",
        "BBC One (BBC East Midlands)": "BBCOneEastMitlands.uk",
        "BBC One (BBC London)": "BBCOneLondon.uk",
        "BBC One (BBC North East)": "BBCOneNorthEast.uk",
        "BBC One (BBC Northern Ireland)": "BBCOneNorthernIreland.uk",
        "BBC One (BBC North West)": "BBCOneNorthWest.uk",
        "BBC One (BBC Scotland)": "BBCOneScotland.uk",
        "BBC One (BBC South)": "BBCOneSouth.uk",
        "BBC One (BBC South East)": "BBCOneSouthEast.uk",
        "BBC One (BBC South West)": "BBCOneSouthWest.uk",
        "BBC One (BBC Wales)": "BBCOneWales.uk",
        "BBC One (BBC West)": "BBCOneWest.uk",
        "BBC One (BBC West Midlands)": "BBCOneMidlands.uk",
        "BBC One (BBC Yorks &amp; Lincs)": "BBCOneYorksandLincs.uk",
        "BBC One (BBC Yorkshire)": "BBCOneYorkshire.uk",
        "BBC One HD": "BBCOne.uk",
        "BBC One Northern Ireland HD": "BBCOneNorthernIreland.uk",
        "BBC One Scotland HD": "BBCOneScotland.uk",
        "BBC One Wales HD": "BBCOneWales.uk",
        "BBC Parliament": "BBCParliament.uk",
        "BBC Red Button 1": "BBCRedButton.uk",
        "BBC Red Button 2": "BBCRedButton2.uk",
        "BBC Red Button 3": "BBCRedButton3.uk",
        "BBC Red Button 4": "BBCRedButton4.uk",
        "BBC Red Button 5": "BBCRedButton5.uk",
        "BBC Red Button 6": "BBCRedButton6.uk",
        "BBC Red Button HD": "BBCRedButton.uk",
        "BBC Scotland": "BBCScotland.uk",
        "BBC Scotland HD": "BBCSC.uk",
        "BBC Two (BBC East)": "BBC2East.uk",
        "BBC Two (BBC East Midlands)": "BBC2EastMidlands.uk",
        "BBC Two (BBC London)": "BBC2London.uk",
        "BBC Two (BBC North East)": "BBC2NorthEast.uk",
        "BBC Two (BBC Northern Ireland)": "BBC2NorthernIreland.uk",
        "BBC Two (BBC North West)": "BBC2NorthWest.uk",
        "BBC Two (BBC Scotland)": "BBC2Scotland.uk",
        "BBC Two (BBC South)": "BBC2South.uk",
        "BBC Two (BBC South East)": "BBC2SouthEast.uk",
        "BBC Two (BBC South West)": "BBC2SouthWest.uk",
        "BBC Two (BBC Wales)": "BBC2Wales.uk",
        "BBC Two (BBC West)": "BBC2West.uk",
        "BBC Two (BBC West Midlands)": "BBC2WestMidlands.uk",
        "BBC Two (BBC Yorks &amp; Lincs)": "BBC2YorksandLincs.uk",
        "BBC Two (BBC Yorkshire)": "BBC2Yorkshire.uk",
        "BBC Two HD": "BBC2.uk",
        "BBC Two Northern Ireland HD": "BBC2NorthernIreland.uk",
        "BBC Two Wales HD": "BBC2Wales.uk",
        "BET:BlackEntTV": "BET.uk",
        "BET:BlackEntTV +1": "BETPlus1.uk",
        "Blaze": "BLAZE.uk",
        "Blaze Freeview +1": "BLAZEFreeviewPlus1.uk",
        "Bloomberg": "Bloomberg.nws",
        "Boomerang": "Boomerang.uk",
        "Boomerang +1": "BoomerangPlus1.uk",
        "Boomerang HD": "Boomerang.uk",
        "Box Hits": "BoxHits.uk",
        "BoxNation": "BoxNation.uk",
        "BoxNation Live HD": "BoxNationLive.uk",
        "Box Upfront": "BoxUpfront.uk",
        "BoXmas": "BoxUpfront.uk",
        "BT Sport 1": "BTSport1.uk",
        "BT Sport 1HD": "BTSport1.uk",
        "BT Sport 2": "BTSport2.uk",
        "BT Sport 2 HD": "BTSport2.uk",
        "BT Sport 3": "BTSport3.uk",
        "BT Sport 3 HD": "BTSport3.uk",
        "BT Sport 4K UHD": "BTSport4.uk",
        "BT Sport//ESPN": "BTSportESPN.uk",
        "BT Sport//ESPN HD": "BTSportESPN.uk",
        "BT Sport X1": "BTSportX1.uk",
        "BT Sport X1 HD": "BTSportX1.uk",
        "BT Sport X2": "BTSportX2.uk",
        "BT Sport X2 HD": "BTSportX2.uk",
        "BT Sport X3": "BTSportX3.uk",
        "BT Sport X3 HD": "BTSportX3.uk",
        "BT Sport X4": "BTSportX4.uk",
        "BT Sport X4 HD": "BTSportX4.uk",
        "BT Sport X5": "BTSportX5.uk",
        "BT Sport X5 HD": "BTSportX5.uk",
        "BT Sport X6": "BTSportX6.uk",
        "BT Sport X6 HD": "BTSportX6.uk",
        "Cartoonito": "Cartoonito.uk",
        "Cartoon Network": "CartoonNetwork.uk",
        "Cartoon Network +1": "CartoonNetworkPlus1.uk",
        "Cartoon Network HD": "CartoonNetwork.uk",
        "CBBC": "CBBC.uk",
        "CBBC HD": "CBBC.uk",
        "CBeebies": "CBeebies.uk",
        "CBeebies HD": "CBeebies.uk",
        "CBS Drama": "CBSDrama.uk",
        "CBS Justice": "CBSJustice.uk",
        "CBS Reality": "CBSReality.uk",
        "CBS Reality +1": "CBSReality1.uk",
        "Challenge": "Challenge.uk",
        "Challenge +1": "ChallengePlus1.uk",
        "Channel 4": "Channel4.uk",
        "Channel 4 +1": "Channel4Plus1.uk",
        "Channel 4 +1 HD": "Channel4Plus1.uk",
        "Channel 4 HD": "Channel4.uk",
        "Channel 5": "Channel5.uk",
        "Channel 5 +1": "Channel5Plus1.uk",
        "Channel 5 +1 Freeview": "Channel5FreeviewPlus1.uk",
        "Channel 5 HD": "Channel5.uk",
        "Trace Urban": "ChartShowTV.uk",
        "Trace Latina": "ChartShowHits.uk",
        "CI": "CI.uk",
        "CI +1": "CIPlus1.uk",
        "CI HD": "CI.uk",
        "CITV": "CITV.uk",
        "CITV Freeview - Off air": "CITVFreeview.uk",
        "Club MTV": "ClubMTV.uk",
        "CNBC UK": "CNBC.nws",
        "CNN": "CNN.nws",
        "CNN HD": "CNN.nws",
        "Colors": "Colors.uk",
        "Colors Rishtey": "ColorsRishtey.uk",
        "Comedy Central": "ComedyCentral.uk",
        "Comedy Central +1": "ComedyCentralPlus1.uk",
        "Comedy Central Extra": "ComedyCentralExtra.uk",
        "Comedy Central Extra +1": "ComedyCentralExtraPlus1.uk",
        "Comedy Central HD": "ComedyCentral.uk",
        "Create and Craft": "CreateCraft.uk",
        "Dave": "Dave.uk",
        "Dave HD": "Dave.uk",
        "Dave ja vu": "DaveJaVu.uk",
        "Discovery Channel": "DiscoveryChannel.uk",
        "Discovery Channel +1": "DiscoveryChannelPlus1.uk",
        "Discovery Channel HD": "DiscoveryChannel.uk",
        "Discovery History": "DiscoveryHistory.uk",
        "Discovery History +1": "DiscoveryHistoryPlus1.uk",
        "Discovery Home &amp; Health": "DiscoveryHomeAndHealth.uk",
        "Discovery Home &amp; Health +1": "DiscoveryHomeAndHealthPlus1.uk",
        "Discovery Science": "DiscoveryScience.uk",
        "Discovery Science +1": "DiscoverySciencePlus1.uk",
        "Discovery Shed": "DiscoveryShed.uk",
        "Discovery Turbo": "DiscoveryTurbo.uk",
        "Discovery Turbo +1": "DiscoveryTurboPlus1.uk",
        "Disney Channel": "Disney.uk",
        "Disney Channel +1": "DisneyPlus1.uk",
        "Disney Channel HD": "Disney.uk",
        "Disney Junior": "DisneyJunior.uk",
        "Disney Junior +": "DisneyJuniorPlus.uk",
        "Disney Junior HD": "DisneyJunior.uk",
        "Disney XD": "DisneyXD.uk",
        "Disney XD +1": "DisneyXDPlus1.uk",
        "Disney XD HD": "DisneyXD.uk",
        "DMAX": "DiscoveryDMAX.uk",
        "DMAX +1": "DiscoveryDMAXPlus1.uk",
        "Drama": "Drama.uk",
        "E4": "E4.uk",
        "E4 +1": "E4Plus1.uk",
        "E4 HD": "E4.uk",
        "Eden": "Eden.uk",
        "Eden +1": "EdenPlus1.uk",
        "Eden HD": "Eden.uk",
        "E! Entertainment": "Eentertainment.uk",
        "E! Entertainment HD": "Eentertainment.uk",
        "eir Sport 1": "eirSport1.ie",
        "eir Sport 2": "eirSport2.ie",
        "eir Sport 2 HD": "eirSport2.ie",
        "Euronews": "Euronews.nws",
        "Eurosport 1": "Eurosport1.uk",
        "Eurosport 1 HD": "Eurosport1.uk",
        "Eurosport 2": "Eurosport2.uk",
        "Eurosport 2 HD": "Eurosport2.uk",
        "Film4": "Film4.uk",
        "Film4 +1": "Film4Plus1.uk",
        "Film4 HD": "Film4.uk",
        "Food Network": "FoodNetwork.uk",
        "Food Network +1": "FoodNetworkPlus1.uk",
        "Forces TV": "ForcesTV.uk",
        "FOX": "FOX.uk",
        "FOX +1": "FOXPlus1.uk",
        "FOX HD": "FOX.uk",
        "FreeSports": "FreeSports.uk",
        "FreeSports HD": "FreeSports.uk",
        "Frontrunner": "FrontRunner.uk",
        "GINX eSports TV": "GINXeSportsTV.uk",
        "Global Hits": "GlobalHits.uk",
        "GOLD": "GOLD.uk",
        "GOLD +1": "GOLDPlus1.uk",
        "GOLD HD": "GOLD.uk",
        "Good Food": "GOLDFood.uk",
        "Good Food +1": "GOLDFoodPlus1.uk",
        "Good Food HD": "GOLDFood.uk",
        "History": "History.uk",
        "History +1": "HistoryPlus1.uk",
        "History 2": "History2.uk",
        "History 2 HD": "History2.uk",
        "History HD": "History.uk",
        "Home": "Home.uk",
        "Home +1": "HomePlus1.uk",
        "Horror Channel": "HorrorChannel.uk",
        "Horror Channel +1": "HorrorChannelPlus1.uk",
        "Horse &amp; Country TV": "HorseAndCountry.uk",
        "Ideal World": "IdealWorld.uk",
        "Ideal World Freeview": "IdealWorldFreeview.uk",
        "Investigation Discovery": "InvestigationDiscovery.uk",
        "Investigation Discovery +1": "InvestigationDiscoveryPlus1.uk",
        "ITV +1 (ITV Anglia)": "ITV1AngliaPlus1.uk",
        "ITV +1 (ITV Central)": "ITV1CentralPlus1.uk",
        "ITV +1 (ITV Granada)": "ITV1GranadaPlus1.uk",
        "ITV +1 (ITV London)": "ITV1LondonPlus1.uk",
        "ITV +1 (ITV Meridian)": "ITV1MeridianPlus1.uk",
        "ITV +1 (ITV South West)": "ITV1SouthWestPlus1.uk",
        "ITV +1 (ITV Tyne Tees)": "ITV1TyneTeesPlus1.uk",
        "ITV +1 (ITV Ulster)": "ITV1UlsterPlus1.uk",
        "ITV +1 (ITV Wales)": "ITV1WalesPlus1.uk",
        "ITV +1 (ITV West)": "ITV1WestPlus1.uk",
        "ITV2": "ITV2.uk",
        "ITV2+1": "ITV2Plus1.uk",
        "ITV2HD": "ITV2.uk",
        "ITV3": "ITV3.uk",
        "ITV3+1": "ITV3Plus1.uk",
        "ITV3+1 Freeview": "ITV3Plus1Freeview.uk",
        "ITV3HD": "ITV3.uk",
        "ITV4": "ITV4.uk",
        "ITV4+1": "ITV4Plus1.uk",
        "ITV4HD": "ITV4.uk",
        "ITVBe": "ITVBe.uk",
        "ITVBe+1": "ITVBePlus1.uk",
        "ITVBe Freeview +1": "ITVBeFreeviewPlus1.uk",
        "ITVBe HD": "ITVBe.uk",
        "ITV Box Office HD": "ITVBoxOff.uk",
        "ITVHD Anglia": "ITV1Anglia.uk",
        "ITVHD Border": "ITV1Border.uk",
        "ITVHD London": "ITV1London.uk",
        "ITVHD Tyne Tees": "ITV1TyneTees.uk",
        "ITVHD Wales": "ITV1Wales.uk",
        "ITVHD West": "ITV1West.uk",
        "ITVHD Westcountry": "ITV1Westcountry.uk",
        "ITVHD Yorkshire": "ITV1Yorkshire.uk",
        "ITV (ITV Anglia)": "ITV1Anglia.uk",
        "ITV (ITV Border)": "ITV1Border.uk",
        "ITV (ITV Central)": "ITV1Central.uk",
        "ITV (ITV Channel Television)": "ITV1ChannelTV.uk",
        "ITV (ITV Granada)": "ITV1Granada.uk",
        "ITV (ITV London)": "ITV1London.uk",
        "ITV (ITV Meridian)": "ITV1Meridian.uk",
        "ITV (ITV South West)": "ITV1SouthWest.uk",
        "ITV (ITV Tyne Tees)": "ITV1TyneTees.uk",
        "ITV (ITV Wales)": "ITV1Wales.uk",
        "ITV (ITV West)": "ITV1West.uk",
        "ITV (ITV Yorkshire)": "ITV1Yorkshire.uk",
        "ITV Yorkshire+1": "ITV1YorkshirePlus1.uk",
        "Keep It Country": "KeepItCountry.uk",
        "Kerrang! TV": "Kerrang.uk",
        "Kiss TV": "KissTV.uk",
        "LFC TV": "LiverpoolFCTV.uk",
        "Lifetime": "Lifetime.uk",
        "Lifetime HD": "Lifetime.uk",
        "London Live": "LondonLive.uk",
        "Magic": "Magic.uk",
        "More4": "More4.uk",
        "More4 +1": "More4Plus1.uk",
        "More4 HD": "More4.uk",
        "Motorsport.tv": "Motorsport.tv.uk",
        "Movies 24": "Movies24.uk",
        "Movies 24+": "Movies24Plus.uk",
        "Sony Movies Action": "SonyMoviesAction.uk",
        "Sony Movies Action +1": "SonyMoviesActionPlus1.uk",
        "MTV": "MTV.uk",
        "MTV +1": "MTVPlus1.uk",
        "MTV Base": "MTVBase.uk",
        "MTV Beats": "MTVBeats.uk",
        "MTV Classic": "MTVClassic.uk",
        "MTV HD": "MTV.uk",
        "MTV Hits": "MTVHits.uk",
        "MTV Live HD": "MTVLive.uk",
        "MTV Music": "MTVMusic.uk",
        "MTV Music +1": "MTVPlus1.uk",
        "MTV OMG": "MTVOMG.uk",
        "MTV Rocks": "MTVRocks.uk",
        "MUTV": "MUTV.uk",
        "MUTV HD": "MUTV.uk",
        "National Geographic Channel": "NationalGeographic.uk",
        "National Geographic Channel +1": "NationalGeographicPlus1.uk",
        "National Geographic Channel HD": "NationalGeographic.uk",
        "National Geographic WILD": "NatGeoWild.uk",
        "National Geographic WILD HD": "NatGeoWild.uk",
        "NDTV 24x7": "NDTV.uk",
        "Netflix": "Netflix",
        "NHK World": "NHKworld.jp",
        "NHK World HD": "NHKworld.jp",
        "Nickelodeon": "Nickelodeon.uk",
        "Nickelodeon +1": "NickelodeonPlus1.uk",
        "Nickelodeon HD": "Nickelodeon.uk",
        "Nick Jr.": "NickJr.uk",
        "Nick Jr. +1": "NickJrPlus1.uk",
        "Nick Jr HD": "NickJr.uk",
        "Nick Jr Too": "NickJrToo.uk",
        "Nicktoons": "Nicktoons.uk",
        "NOW 80s": "Now80s.uk",
        "Paramount Network": "ParamountNetwork.uk",
        "PBS America": "PBS.uk",
        "Phoenix CNE Channel": "phoenix.uk",
        "Pick": "PickTV.uk",
        "Pick +1": "PickTVPlus1.uk",
        "Pop": "pop.uk",
        "Pop +1": "PopPlus1.uk",
        "Pop Max": "PopMax.uk",
        "Pop Max +1": "PopMaxPlus1.uk",
        "Pop Max Freeview": "PopMaxFreeview.uk",
        "Premier Sports 1 HD": "PremierSports.uk",
        "PropellerQuest.uk TV": "PropellerTV.uk",
        "Quest": "Quest.uk",
        "Quest +1": "QuestPlus1.uk",
        "Quest +1 Freeview": "QuestPlus1Freeview.uk",
        "Quest HD": "Quest.uk",
        "Quest Red": "QuestRed.uk",
        "Quest Red +1": "QuestRedPlus1.uk",
        "QVC": "QVC.uk",
        "Racing TV": "RacingUK.uk",
        "Racing TV HD": "RacingUK.uk",
        "Real Lives": "RealLives.uk",
        "Real Lives +1": "RealLivesPlus1.uk",
        "Really": "Really.uk",
        "RT": "RT.ie",
        "RTÉ2": "RTE2.ie",
        "RTÉ2 HD": "RTE2.ie",
        "RT HD": "RT.ie",
        "RTÉ Jr": "RTEJr.ie",
        "RTÉ News Now": "RTENewsNow.ie",
        "RTÉ One": "RTEOne.ie",
        "RTÉ One +1": "RTEOnePlus1.ie",
        "RTÉ One HD": "RTEOne.ie",
        "S4C": "S4C.uk",
        "S4C HD": "S4C.uk",
        "Sky Arts": "SkyArts1.uk",
        "Sky Arts 2 HD": "SkyArts2.uk",
        "Sky Arts HD": "SkyArts1.uk",
        "Sky Atlantic": "SkyAtlantic.uk",
        "Sky Atlantic +1": "SkyAtlanticPlus1.uk",
        "Sky Atlantic HD": "SkyAtlantic.uk",
        "Sky Cinema Action": "SkyMoviesActionThriller.uk",
        "Sky Cinema Action HD": "SkyMoviesActionThriller.uk",
        "Sky Cinema Comedy": "SkyMoviesComedy.uk",
        "Sky Cinema Comedy HD": "SkyMoviesComedy.uk",
        "Sky Cinema Disney": "SkyMoviesDisney.uk",
        "Sky Cinema Disney HD": "SkyMoviesDisney.uk",
        "Sky Cinema Drama": "SkyMoviesDrama.uk",
        "Sky Cinema Drama HD": "SkyMoviesDrama.uk",
        "Sky Cinema Family": "SkyMoviesFamily.uk",
        "Sky Cinema Family HD": "SkyMoviesFamily.uk",
        "Sky Cinema Hits": "SkyCinemaHits.uk",
        "Sky Cinema Hits HD": "SkyCinemaHits.uk",
        "Sky Cinema Monsters": "SkyCinemaMonsters.uk",
        "Sky Cinema Monsters HD": "SkyCinemaMonsters.uk",
        "Sky Cinema Premiere": "SkyMoviesPremiere.uk",
        "Sky Cinema Premiere +1": "SkyMoviesPremierePlus1.uk",
        "Sky Cinema Premiere HD": "SkyMoviesPremiere.uk",
        "Sky Cinema Select": "SkySelect.uk",
        "Sky Cinema Select HD": "SkySelect.uk",
        "Sky Cinema Superhero": "SkySuperhero.uk",
        "Sky Cinema Superhero HD": "SkySuperhero.uk",
        "Sky Cinema Thriller": "SkyCinemaThriller.uk",
        "Sky Cinema Thriller HD": "SkyCinemaThriller.uk",
        "Sky News": "SkyNews.uk",
        "Sky News HD": "SkyNews.uk",
        "Sky One": "Sky1.uk",
        "Sky One +1": "Sky1Plus1.uk",
        "Sky One HD": "Sky1.uk",
        "Sky Sports Action": "SkySpAction.uk",
        "Sky Sports Action HD": "SkySpAction.uk",
        "Sky Sports Arena": "SkySpArena.uk",
        "Sky Sports Arena HD": "SkySpArena.uk",
        "Sky Sports Box Office": "SkySpBoxOff.uk",
        "Sky Sports Box Office HD": "SkySpBoxOff.uk",
        "Sky Sports Cricket": "SkySpCricket.uk",
        "Sky Sports Cricket HD": "SkySpCricket.uk",
        "Sky Sports Extra": "SkySpExtra.uk",
        "Sky Sports Extra HD": "SkySpExtra.uk",
        "Sky Sports F1": "SkySpF1.uk",
        "Sky Sports F1 HD": "SkySpF1.uk",
        "Sky Sports Football": "SkySpFball.uk",
        "Sky Sports Football HD": "SkySpFball.uk",
        "Sky Sports Golf": "SkySpTheOpen.uk",
        "Sky Sports Golf HD": "SkySpTheOpen.uk",
        "Sky Sports Main Event": "SkySpMainEvent.uk",
        "Sky Sports Main Event HD": "SkySpMainEvent.uk",
        "Sky Sports Mix": "SkySpMix.uk",
        "Sky Sports Mix HD": "SkySpMix.uk",
        "Sky Sports News": "SkySpNews.uk",
        "Sky Sports News HD": "SkySpNews.uk",
        "Sky Sports Premier League": "SkySpPremierLeague.uk",
        "Sky Sports Premier League HD": "SkySpPremierLeague.uk",
        "Sky Sports Racing": "SkySpRacing.uk",
        "Sky Two": "Sky2.uk",
        "Sky Witness": "SkyWitness.uk",
        "Sky Witness +1": "SkyWitnessPlus1.uk",
        "Sky Witness HD": "SkyWitness.uk",
        "Smithsonian": "Smithsonian.uk",
        "Smithsonian HD": "Smithsonian.uk",
        "Sony Crime Channel": "SonyCrime.uk",
        "Sony Crime Channel +1": "SonyCrimePlus1.uk",
        "Sony Entertainment TV Asia": "SonyTVAsia.uk",
        "Sony MAX": "SonyMax.uk",
        "Sony MAX 2": "SonyMax2.uk",
        "Sony Movies": "SonyMovies.uk",
        "Sony Movies +1": "SonyMoviesPlus1.uk",
        "Sony SAB": "SONYSAB.uk",
        "Star Bharat": "StarBharat.uk",
        "Star GOLD": "StarGold.uk",
        "Star Gold HD": "StarGold.uk",
        "Star Plus": "StarPlus.uk",
        "Star Plus HD": "StarPlus.uk",
        "STV + 1 (STV / ITV Scottish)": "STVPlus1.uk",
        "STV (STV / ITV Scottish)": "STV.uk",
        "Syfy": "SCIFI.uk",
        "Syfy +1": "SCIFIPlus1.uk",
        "Syfy HD": "SCIFI.uk",
        "Talking Pictures TV": "TalkingPictures.uk",
        "TCM": "TCM.uk",
        "TCM+1": "TCMPlus1.uk",
        "TCM HD": "TCM.uk",
        "TG4": "TG4.ie",
        "The Box": "TheBox.uk",
        "Trace Vault": "TheVault.uk",
        "Tiny Pop": "tinypop.uk",
        "Tiny Pop +1": "tinypop1.uk",
        "Tiny Pop Freeview": "tinypopFreeview.uk",
        "TLC": "TLC.uk",
        "TLC+1": "TLCPlus1.uk",
        "TLC HD": "TLC.uk",
        "Together": "Together.uk",
        "Travel Channel": "TravelChannel.uk",
        "Travel Channel +1": "TravelChannelPlus1.uk",
        "Travelxp": "TravelXP.uk",
        "True Crime": "TrueCrime.uk",
        "True Crime +1": "TrueCrimePlus1.uk",
        "Sony Channel": "SonyChannel.uk",
        "Sony Channel +1": "SonyChannelPlus1.uk",
        "Sony Movies Christmas": "SonyMoviesChristmas.uk",
        "Sony Movies Christmas +1": "SonyMoviesChristmasPlus1.uk",
        "Sony Movies Classic": "SonyMoviesClassic.uk",
        "Sony Movies Classic +1": "SonyMoviesClassicPlus1.uk",
        "Universal TV": "Universal.uk",
        "Universal TV +1": "UniversalPlus1",
        "Universal TV HD": "Universal.uk",
        "UTV (ITV Ulster)": "UTV.uk",
        "VH1": "VH1UK.uk",
        "Vice": "Vice.uk",
        "Vice HD": "Vice.uk",
        "Vintage TV": "VintageTV.uk",
        "Virgin Media One": "VirginMedia.uk",
        "Virgin Media One HD": "VirginMedia.uk",
        "Virgin Media Three": "VirginMedia3.uk",
        "Virgin Media Two": "VirginMedia2.uk",
        "Virgin Media Two HD": "VirginMedia2.uk",
        "W": "W.uk",
        "W +1": "WPlus1.uk",
        "W HD": "W.uk",
        "Yesterday": "Yesterday.uk",
        "Yesterday +1": "YesterdayPlus1.uk",
        "YourTV": "YourTV.uk",
        "YouTube": "Youtube",
        "Zee Cinema": "ZeeCinema.uk",
        "Zee TV": "ZeeTV.uk",
        "Zing": "Zing.uk"
    }
  }
}
