{
  "categories": {
    "DE": {
      "Filme": "Movie / Drama",
      "Dokumentationen": "Documentary",
      "Kinderprogramm": "Children's / Youth programs",
      "Sport": "Sports",
      "Information": "Magazines / Reports / Documentary",
      "Unterhaltung": "Show / Game show",
      "Serien": "Soap / Melodrama / Folkloric",
      "Wirtschaft": "Social / Political issues / Economics",
      "Spielshow": "Show / Game show",
      "Wissen": "Education / Science / Factual topics",
      "Fußball": "Football / Soccer",
      "Handball": "Team sports (excluding football)",
      "Wintersport": "Winter sports",
      "Wassersport": "Water sport",
      "Reality": "Soap / Melodrama / Folkloric",
      "Gerichtsshow": "Soap / Melodrama / Folkloric",
      "Eishockey": "Team sports (excluding football)",
      "US-Sport": "Sports",
      "Boxen": "Sports",
      "Golf": "Sports",
      "Heimwerken": "Handicraft",
      "Motorsport": "Motor sport",
      "Radsport": "Sports",
      "Leichtathletik": "Athletics",
      "Drama": "Movie / Drama",
      "Kino": "Movie / Drama",
      "Heimat": "Movie / Drama",
      "Tennis": "Tennis / Squash",
      "Kinderserie": "Children's / Youth programs",
      "Humor": "Comedy",
      "Komödie": "Comedy",
      "Krimi": "Detective / Thriller",
      "Reise": "Tourism / Travel",
      "Kochshow": "Cooking",
      "Nachrichten": "News / Current affairs",
      "Wetter": "News / Weather report",
      "Dokumentation": "Documentary",
      "Homeshopping": "Advertisement / Shopping",
      "Magazin": "Magazines / Reports / Documentary",
      "Soap": "Soap / Melodrama / Folkloric",
      "Talkshow": "Talk show",
      "Geschichte": "Documentary",
      "Anime": "Cartoons / Puppets",
      "Zeichentrick": "Cartoons / Puppets",
      "Animation": "Cartoons / Puppets",
      "Kindershow": "Children's / Youth programs",
      "Kinderfilm": "Children's / Youth programs",
      "Kindernachrichten": "Children's / Youth programs",
      "Abenteuer": "Adventure / Western / War",
      "Krankenhaus": "Medicine / Physiology / Psychology",
      "Mystery &amp; Horror": "Science fiction / Fantasy / Horror",
      "Mystery": "Science fiction / Fantasy / Horror",
      "Comedy": "Comedy",
      "Musikshow": "Music / Ballet / Dance",
      "Gesundheit": "Fitness and health",
      "Gymnastik": "Fitness and health",
      "Kultur": "Arts / Culture (without music)",
      "Theater": "Performing arts",
      "Musical": "Musical / Opera",
      "Jugend": "Children's / Youth programs",
      "Familie": "Soap / Melodrama / Folkloric",
      "Erotik": "Adult movie / Drama",
      "Romantik &amp; Liebe": "Romance",
      "Politik": "Social / Political issues / Economics",
      "Natur": "Nature / Animals / Environment",
      "Science Fiction": "Science fiction / Fantasy / Horror",
      "Action": "Adventure / Western / War",
      "Ratgeber": "Magazines / Reports / Documentary",
      "Thriller": "Detective / Thriller",
      "Western": "Adventure / Western / War",
      "Extremsport": "Martial Sports",
      "Kampfsport": "Martial Sports",
      "Volleyball": "Team Sports (excluding football)",
      "Reportage": "Magazines / Reports / Documentary",
      "Musikclips": "Music / Ballet / Dance",
      "Klassische Musik": "Music / Ballet / Dance",
      "Volksmusik": "Folk / Traditional music",
      "Pop &amp; Rock": "Music / Ballet / Dance",
      "Motor &amp; Verkehr": "Motoring",
      "Fantasy": "Science fiction / Fantasy / Horror",
      "Märchen": "Children's / Youth programs",
      "Romantik & Liebe": "Romance",
      "Motor & Verkehr": "Motoring",
      "Pop & Rock": "Music / Ballet / Dance",
      "Humour": "Comedy",
      "Romance & Love": "Romance",
      "News": "News / Current affairs",
      "Politics": "Social / Political issues / Economics",
      "Crime": "Detective / Thriller",
      "Nature": "Nature / Animals / Environment",
      "Magazine": "Magazines / Reports / Documentary",
      "Weather": "News / Weather report",
      "Hospital": "Medicine / Physiology / Psychology",
      "Game Show": "Show / Game show",
      "Advice": "Advertisement / Shopping",
      "Cookery Show": "Cooking",
      "Travel": "Tourism / Travel",
      "Knowledge": "Education / Science / Factual topics",
      "Economy": "Social / Political issues / Economics",
      "Talk Show": "Talk show",
      "Mystery ": "Science fiction / Fantasy / Horror",
      "History": "Documentary",
      "Culture": "Arts / Culture (without music)",
      "Health": "Fitness and health",
      "Youth": "Children's / Youth programs",
      "Cartoon": "Cartoons / Puppets",
      "Children's Movie": "Children's / Youth programs",
      "Family": "Soap / Melodrama / Folkloric",
      "Music Show": "Music / Ballet / Dance",
      "Adventure": "Adventure / Western / War",
      "Fairy Tale": "Children's / Youth programs",
      "Cinema": "Movie / Drama",
      "Motor & Traffic": "Motoring",
      "Home Shopping": "Advertisement / Shopping",
      "Children's Series": "Children's / Youth programs",
      "Martial Arts": "Martial Sports",
      "Courtroom Reality Show": "Soap / Melodrama / Folkloric",
      "Extreme Sports": "Martial Sports",
      "US Sports": "Sports",
      "Children's News": "Children's / Youth programs",
      "Aerobics": "Sports",
      "Documentary": "Documentary",
      "Report": "Magazines / Reports / Documentary",
      "Children's Show": "Children's / Youth programs",
      "Music Clips": "Music / Ballet / Dance",
      "Classical Music": "Music / Ballet / Dance",
      "Soccer": "Football / Soccer",
      "Cycling": "Sports",
      "Folk Music": "Folk / Traditional music",
      "Ice Hockey": "Sports",
      "Regional Background": "Magazines / Reports / Documentary",
      "Motor Sports": "Motor sport",
      "Erotic": "Adult movie / Drama",
      "Angeln": "Magazines / Reports / Documentary",
      "Basketball": "Team sports (excluding football)",
      "Biographie": "Magazines / Reports / Documentary",
      "Dart": "Sports",
      "eSports": "Sports",
      "Football": "Team sports (excluding football)",
      "Gesellschaft": "Social / Political issues / Economics",
      "Haus &amp; Garten": "Magazines / Reports / Documentary",
      "Horror": "Science fiction / Fantasy / Horror",
      "Interview": "Discussion / Interview / Debate",
      "Krieg": "Adventure / Western / War",
      "Mannschaftssport": "Team sports (excluding football)",
      "Musik": "Music / Ballet / Dance",
      "Olympia": "Special events (Olympic Games, World Cup, etc.)",
      "Queer": "Movie / Drama",
      "Religion": "Religion",
      "Rugby": "Team sports (excluding football)",
      "Tanz": "Music / Ballet / Dance",
      "Tiere": "Nature / Animals / Environment",
      "Tiere ": "Nature / Animals / Environment",
      "Unterhaltungs-Show": "Show / Game show"   
    },
    "CH": {
      "Filme": "Movie / Drama",
      "Dokumentationen": "Documentary",
      "Kinderprogramm": "Children's / Youth programs",
      "Sport": "Sports",
      "Information": "Magazines / Reports / Documentary",
      "Unterhaltung": "Show / Game show",
      "Serien": "Soap / Melodrama / Folkloric",
      "Wirtschaft": "Social / Political issues / Economics",
      "Spielshow": "Show / Game show",
      "Wissen": "Education / Science / Factual topics",
      "Fußball": "Football / Soccer",
      "Handball": "Team sports (excluding football)",
      "Wintersport": "Winter sports",
      "Wassersport": "Water sport",
      "Reality": "Soap / Melodrama / Folkloric",
      "Gerichtsshow": "Soap / Melodrama / Folkloric",
      "Eishockey": "Team sports (excluding football)",
      "US-Sport": "Sports",
      "Boxen": "Sports",
      "Golf": "Sports",
      "Heimwerken": "Handicraft",
      "Motorsport": "Motor sport",
      "Radsport": "Sports",
      "Leichtathletik": "Athletics",
      "Drama": "Movie / Drama",
      "Kino": "Movie / Drama",
      "Heimat": "Movie / Drama",
      "Tennis": "Tennis / Squash",
      "Humor": "Comedy",
      "Komödie": "Comedy",
      "Krimi": "Detective / Thriller",
      "Reise": "Tourism / Travel",
      "Kochshow": "Cooking",
      "Nachrichten": "News / Current affairs",
      "Wetter": "News / Weather report",
      "Dokumentation": "Documentary",
      "Homeshopping": "Advertisement / Shopping",
      "Magazin": "Magazines / Reports / Documentary",
      "Soap": "Soap / Melodrama / Folkloric",
      "Talkshow": "Talk show",
      "Geschichte": "Documentary",
      "Anime": "Cartoons / Puppets",
      "Zeichentrick": "Cartoons / Puppets",
      "Animation": "Cartoons / Puppets",
      "Kinderserie": "Children's / Youth programs",
      "Kindershow": "Children's / Youth programs",
      "Kinderfilm": "Children's / Youth programs",
      "Kindernachrichten": "Children's / Youth programs",
      "Abenteuer": "Adventure / Western / War",
      "Krankenhaus": "Medicine / Physiology / Psychology",
      "Mystery &amp; Horror": "Science fiction / Fantasy / Horror",
      "Mystery": "Science fiction / Fantasy / Horror",
      "Comedy": "Comedy",
      "Musikshow": "Music / Ballet / Dance",
      "Gesundheit": "Fitness and health",
      "Gymnastik": "Fitness and health",
      "Kultur": "Arts / Culture (without music)",
      "Theater": "Performing arts",
      "Musical": "Musical / Opera",
      "Jugend": "Children's / Youth programs",
      "Familie": "Soap / Melodrama / Folkloric",
      "Erotik": "Adult movie / Drama",
      "Romantik &amp; Liebe": "Romance",
      "Politik": "Social / Political issues / Economics",
      "Natur": "Nature / Animals / Environment",
      "Science Fiction": "Science fiction / Fantasy / Horror",
      "Action": "Adventure / Western / War",
      "Ratgeber": "Magazines / Reports / Documentary",
      "Thriller": "Detective / Thriller",
      "Western": "Adventure / Western / War",
      "Extremsport": "Martial Sports",
      "Kampfsport": "Martial Sports",
      "Volleyball": "Team Sports (excluding football)",
      "Reportage": "Magazines / Reports / Documentary",
      "Musikclips": "Music / Ballet / Dance",
      "Klassische Musik": "Music / Ballet / Dance",
      "Volksmusik": "Folk / Traditional music",
      "Pop &amp; Rock": "Music / Ballet / Dance",
      "Motor &amp; Verkehr": "Motoring",
      "Fantasy": "Science fiction / Fantasy / Horror",
      "Märchen": "Children's / Youth programs",
      "Romantik & Liebe": "Romance",
      "Motor & Verkehr": "Motoring",
      "Pop & Rock": "Music / Ballet / Dance"
    },
    "AT": {
    },
    "IE": {
    }
  }
}
