{
  "categories": {
    "CH": {
          "100": "Movie / Drama",
          "100.10000": "Show / Game show",
          "100.10001": "Show / Game show",
          "100.101": "Science fiction / Fantasy / Horror",
          "100.102": "Detective / Thriller",
          "100.103": "Adventure / Western / War",
          "100.104": "Science fiction / Fantasy / Horror",
          "100.105": "Detective / Thriller",
          "100.106": "Adventure / Western / War",
          "100.107": "Science fiction / Fantasy / Horror",
          "100.108": "Adult movie / Drama",
          "100.109": "Comedy",
          "100.110": "Romance",
          "100.111": "Movie / Drama",
          "100.112": "Performing arts",
          "100.113": "Adventure / Western / War",
          "100.114": "Serious / Classical / Religious / Historical movie / Drama",
          "100.115": "Children's / Youth programs",
          "100.116": "Adventure / Western / War",
          "100.117": "Adventure / Western / War",
          "100.118": "Detective / Thriller",
          "100.119": "Adventure / Western / War",
          "100.120": "Sports",
          "100.122": "Documentary",
          "100.123": "Performing arts",
          "100.125": "Movie / Drama",
          "100.126": "Serious / Classical / Religious / Historical movie / Drama",
          "100.199": "Movie / Drama",
          "200": "Soap / Melodrama / Folkloric",
          "200.201": "Science fiction / Fantasy / Horror",
          "200.202": "Detective / Thriller",
          "200.203": "Adventure / Western / War",
          "200.204": "Comedy",
          "200.205": "Detective / Thriller",
          "200.206": "Soap / Melodrama / Folkloric",
          "200.207": "Soap / Melodrama / Folkloric",
          "200.209": "Soap / Melodrama / Folkloric",
          "200.213": "Soap / Melodrama / Folkloric",
          "200.214": "Children's / Youth programs",
          "200.216": "Adventure / Western / War",
          "200.218": "Soap / Melodrama / Folkloric",
          "200.219": "Science fiction / Fantasy / Horror",
          "200.220": "Science fiction / Fantasy / Horror",
          "200.221": "Detective / Thriller",
          "200.222": "Science fiction / Fantasy / Horror",
          "200.225": "Movie / Drama",
          "200.299": "Soap / Melodrama / Folkloric",
          "300": "Show / Game show",
          "300.306": "Performing arts",
          "300.307": "Music / Ballet / Dance",
          "300.309": "Show / Game show",
          "300.310": "Show / Game show",
          "300.311": "Show / Game show",
          "300.312": "Show / Game show",
          "300.314": "Musical / Opera",
          "300.315": "Musical / Opera",
          "300.316": "Soap / Melodrama / Folkloric",
          "300.317": "Talk show",
          "300.318": "Comedy",
          "300.319": "Adult movie / Drama",
          "300.399": "Show / Game show",
          "400": "Documentary",
          "400.401": "Education / Science / Factual topics",
          "400.402": "Further education",
          "400.403": "Arts / Culture (without music)",
          "400.404": "Education / Science / Factual topics",
          "400.405": "Further education",
          "400.407": "Motoring",
          "400.408": "Technology / Natural sciences",
          "400.409": "Nature / Animals / Environment",
          "400.410": "Tourism / Travel",
          "400.412": "Education / Science / Factual topics",
          "400.414": "Documentary",
          "400.415": "Magazines / Reports / Documentary",
          "400.416": "Soap / Melodrama / Folkloric",
          "400.417": "Cooking",
          "400.418": "Fitness and health",
          "400.419": "Handicraft",
          "400.420": "Children's / Youth programs",
          "400.421": "Leisure hobbies",
          "400.422": "Serious / Classical / Religious / Historical movie / Drama",
          "400.499": "Documentary",
          "500": "Sports",
          "500.501": "Football / Soccer",
          "500.502": "Motor sport",
          "500.503": "Team sports (excluding football)",
          "500.504": "Winter sports",
          "500.505": "Tennis / Squash",
          "500.507": "Sports",
          "500.508": "Sports",
          "500.509": "Sports",
          "deGenGolf": "Sports",
          "deGenHandball": "Team sports (excluding football)",
          "deGenIceHockey": "Team sports (excluding football)",
          "deGenBasket": "Team sports (excluding football)",
          "deGenSoccer": "Football / Soccer",
          "deGenSport": "Sports",
          "deGenTennis": "Sports",
          "enGenIceHockey": "Team sports (excluding football)",
          "enGenSoccer": "Football / Soccer",
          "enGenWrestling": "Martial Sports",
          "frGenIceHockey": "Team sports (excluding football)",
          "frGenSoccer": "Football / Soccer",
          "frGenSport": "Sports",
          "frGenTennis": "Team sports (excluding football)",
          "frGenBasket": "Team sports (excluding football)",
          "500.510": "Football / Soccer",
          "500.511": "Martial Sports",
          "500.512": "Winter sports",
          "500.513": "Sports",
          "500.514": "Sports",
          "500.515": "Sports",
          "500.516": "Sports",
          "500.517": "Sports",
          "500.518": "Sports",
          "500.519": "Martial Sports",
          "500.520": "Team sports (excluding football)",
          "500.521": "Team sports (excluding football)",
          "500.522": "Sports",
          "500.523": "Sports",
          "500.524": "Water sports",
          "500.525": "Winter sports",
          "500.526": "Athletics",
          "500.527": "Team sports (excluding football)",
          "500.528": "Special events (Olympic Games, World Cup, etc.)",
          "500.529": "Special events (Olympic Games, World Cup, etc.)",
          "500.530": "Sports magazines",
          "500.531": "Sports magazines",
          "500.532": "Tennis / Squash",
          "500.533": "Team sports (excluding football)",
          "500.534": "Sports",
          "500.599": "Sports",
          "600": "Children's / Youth programs",
          "600.601": "Children's / Youth programs",
          "600.607": "Children's / Youth programs",
          "600.608": "Children's / Youth programs",
          "600.699": "Children's / Youth programs",
          "700": "News / Current affairs",
          "700.701": "News / Current affairs",
          "700.702": "Social / Political issues / Economics",
          "700.703": "Social / Political issues / Economics",
          "700.704": "Discussion / Interview / Debate",
          "700.707": "News / Weather report",
          "700.709": "Social / Political issues / Economics",
          "700.710": "News / Current affairs",
          "700.799": "News / Current affairs",
          "800": "Sonstiges",
          "800.801": "Advertisement / Shopping",
          "800.802": "Sendepause",
          "800.803": "Programm nach Ansage",
          "800.804": "Nachtprogramm",
          "500.535" : "Sports",
          "100.127": "Movie / CH:Filmszene"          
          }
  }
}
