{
  "categories": {
    "USA": {
          "Action": "",
          "Action/Comedy": "",
          "Adult": "",
          "Adventure": "",
          "Animals": "",
          "Animals / Christmas": "",
          "Animals / Equestrian": "",
          "Animals / Instructional": "",
          "Animals / Miscellaneous": "",
          "Animals / Specials": "",
          "Animals / Travel": "",
          "Animated": "",
          "Animated / Adventure": "",
          "Animated / Animated": "",
          "Animated / Children": "",
          "Animated / Christmas": "",
          "Animated / Comedy": "",
          "Animated / Family": "",
          "Animated / Hallowe'en": "",
          "Animated / Sci-Fi": "",
          "Animated / Sitcom": "",
          "Animated / Thanksgiving": "",
          "Automotive": "",
          "Automotive / Automotive": "",
          "Awards": "",
          "Biography": "",
          "Biography / Drama": "",
          "Biography / Soccer": "",
          "Biography / Sports": "",
          "Business": "",
          "Business / News": "",
          "Business / Political": "",
          "Children": "",
          "Children / Animated": "",
          "Children / Christmas": "",
          "Children / Comedy": "",
          "Children / Hallowe'en": "",
          "Children / Health": "",
          "Children / Music": "",
          "Children / News Magazine": "",
          "Children / Religious": "",
          "Children / Thanksgiving": "",
          "Children / Travel": "",
          "Christmas / Action": "",
          "Christmas / Comedy": "",
          "Christmas / Drama": "",
          "Christmas / Family": "",
          "Christmas / Fantasy": "",
          "Christmas / Romance": "",
          "Christmas / Specials": "",
          "Christmas / Western": "",
          "Classic": "",
          "Comedy": "",
          "Comedy / Action": "",
          "Comedy / Adventure": "",
          "Comedy / Animated": "",
          "Comedy / Christmas": "",
          "Comedy / Comedy": "",
          "Comedy / Documentary": "",
          "Comedy / Drama": "",
          "Comedy/Drama": "",
          "Comedy / Family": "",
          "Comedy / Horror": "",
          "Comedy / Romance": "",
          "Comedy / Specials": "",
          "Comedy / Western": "",
          "Computers &amp; Technologies": "",
          "Computers &amp; Technologies / News": "",
          "Crime Story": "",
          "Cultural Magazine": "",
          "Cultural Magazine / Miscellaneous": "",
          "Current Affairs": "",
          "Current Affairs / Discussion": "",
          "Current Affairs / Political": "",
          "Current Affairs / Talk Shows": "",
          "Dance": "",
          "Discussion": "",
          "Discussion / News": "",
          "Discussion / Political": "",
          "Discussion / Religious": "",
          "Discussion / Sports": "",
          "Docu-Drama": "",
          "Documentary": "",
          "Documentary / Animals": "",
          "Documentary / Biography": "",
          "Documentary / Documentary": "",
          "Documentary / History": "",
          "Documentary / Music": "",
          "Documentary / Religious": "",
          "Documentary / Specials": "",
          "Documentary / Sports": "",
          "Documentary / True Crime": "",
          "Docu-Series": "",
          "Docu-Series / Christmas": "",
          "Docu-Series / History": "",
          "Docu-Series / Hunting": "",
          "Docu-Series / Miscellaneous": "",
          "Docu-Series / Outdoors": "",
          "Docu-Series / Specials": "",
          "Docu-Series / Sports / Miscellaneous": "",
          "Drama": "",
          "Drama / Action": "",
          "Drama / Adventure": "",
          "Drama / Biography": "",
          "Drama / Christmas": "",
          "Drama / Comedy": "",
          "Drama / Crime Story": "",
          "Drama / Drama": "",
          "Drama / Family": "",
          "Drama / Food": "",
          "Drama / Hallowe'en": "",
          "Drama / Music": "",
          "Drama / Mystery": "",
          "Drama / Political": "",
          "Drama / Romance": "",
          "Drama / Thanksgiving": "",
          "Drama / Thriller": "",
          "Drama / Western": "",
          "Environmental": "",
          "Environmental / News": "",
          "Environmental / Specials": "",
          "Epic": "",
          "Erotica": "",
          "Family": "",
          "Fantasy": "",
          "Fashion": "",
          "Fashion / Reality TV": "",
          "Financial": "",
          "Financial / News": "",
          "Food": "",
          "Food / Christmas": "",
          "Food / Food": "",
          "Food / Hallowe'en": "",
          "Food / Reality TV": "",
          "Game Shows": "",
          "Garden": "",
          "Hallowe'en": "",
          "Hallowe'en / Animated": "",
          "Hallowe'en / Drama": "",
          "Hallowe'en / Family": "",
          "Hallowe'en / Horror": "",
          "Hallowe'en / Romance": "",
          "Health": "",
          "Health / Christmas": "",
          "Health / Paid Program": "",
          "Health / Religious": "",
          "History": "",
          "History / Drama": "",
          "Hobbies &amp; Crafts": "",
          "Hobbies &amp; Crafts / Christmas": "",
          "Hobbies &amp; Crafts / Hobbies &amp; Crafts": "",
          "Home": "",
          "Horror": "",
          "Instructional": "",
          "Instructional / Miscellaneous": "",
          "Legal": "",
          "Lifestyle": "",
          "Local": "",
          "Local / Rodeo": "",
          "Martial Arts": "",
          "Movies": "",
          "Music": "",
          "Music / Adventure": "",
          "Musical": "",
          "Music / Biography": "",
          "Music / Children": "",
          "Music / Comedy": "",
          "Music / Discussion": "",
          "Music / Drama": "",
          "Music / Family": "",
          "Music / Performing Arts": "",
          "Music / Religious": "",
          "Music / Specials": "",
          "Mystery": "",
          "New Age": "",
          "New Age / Christmas": "",
          "News": "",
          "News / Financial": "",
          "News Magazine": "",
          "News Magazine / Cultural Magazine": "",
          "News Magazine / Movies": "",
          "News Magazine / Political": "",
          "News Magazine / Religious": "",
          "News Magazine / Rodeo": "",
          "News / Miscellaneous": "",
          "News / Political": "",
          "News / Religious": "",
          "Paid Program": "",
          "Paid Program / Fashion": "",
          "Paid Program / Health": "",
          "Paranormal": "",
          "Performing Arts": "",
          "Performing Arts / Children": "",
          "Police": "",
          "Political": "",
          "Political / Political": "",
          "Psycho-Drama": "",
          "Radio": "",
          "Radio / Sports": "",
          "Reality TV": "",
          "Reality TV / Christmas": "",
          "Reality TV / Comedy": "",
          "Reality TV / Documentary": "",
          "Reality TV / Hallowe'en": "",
          "Reality TV / Outdoors": "",
          "Reality TV / Specials": "",
          "Reality TV / Thanksgiving": "",
          "Regular": "",
          "Religious": "",
          "Religious / Children": "",
          "Religious / Discussion": "",
          "Religious / Documentary": "",
          "Religious / Legal": "",
          "Religious / Music": "",
          "Religious / News Magazine": "",
          "Religious / Paid Program": "",
          "Religious / Religious": "",
          "Religious / Specials": "",
          "Religious / Talk Shows": "",
          "Religious / Travel": "",
          "Romance": "",
          "Science": "",
          "Sci-Fi": "",
          "Sci-Fi / Action": "",
          "Sci-Fi / Adventure": "",
          "Sci-Fi / Comedy": "",
          "Sci-Fi / Comedy/Drama": "",
          "Sci-Fi / Horror": "",
          "Sci-Fi / Sci-Fi": "",
          "Sci-Fi / Suspense": "",
          "Sci-Fi / Thriller": "",
          "Shopping": "",
          "Shopping / Christmas": "",
          "Shopping / Fashion": "",
          "Shopping / Hobbies &amp; Crafts": "",
          "Shopping / Home": "",
          "Shopping / Miscellaneous": "",
          "Short Film": "",
          "Short Film / Comedy": "",
          "Short Film / Religious": "",
          "Sitcom": "",
          "Sitcom / Children": "",
          "Sitcom / Christmas": "",
          "Sitcom / Easter": "",
          "Sitcom / Hallowe'en": "",
          "Sitcom / Specials": "",
          "Sitcom / Thanksgiving": "",
          "Soaps": "",
          "Specials": "",
          "Specials / Environmental": "",
          "Specials / Food": "",
          "Specials / Religious": "",
          "Sport": "",
          "Sports": "",
          "Sports / Adventure": "",
          "Sports / Anthology": "",
          "Sports / Athletics": "",
          "Sports / Australian Rules Football": "",
          "Sports / Automotive": "",
          "Sports / Auto Racing": "",
          "Sports / Aviation": "",
          "Sports / Baseball": "",
          "Sports / Basketball": "",
          "Sports / Beach Volleyball": "",
          "Sports / Biography": "",
          "Sports / Boating": "",
          "Sports / Body Building": "",
          "Sports / Bowling": "",
          "Sports / Boxing": "",
          "Sports / Cards": "",
          "Sports / Children / Baseball": "",
          "Sports / Christmas / Fishing": "",
          "Sports / Cycling": "",
          "Sports / Discussion": "",
          "Sports / Discussion / Baseball": "",
          "Sports / Discussion / Miscellaneous": "",
          "Sports / Discussion / Soccer": "",
          "Sports / Documentary": "",
          "Sports / Documentary / Auto Racing": "",
          "Sports / Documentary / Basketball": "",
          "Sports / Documentary / Boxing": "",
          "Sports / Documentary / Football": "",
          "Sports / Documentary / Hockey": "",
          "Sports / Documentary / Miscellaneous": "",
          "Sports / Documentary / Track &amp; Field": "",
          "Sports / Drama": "",
          "Sports / Equestrian": "",
          "Sports / eSports": "",
          "Sports / Extreme": "",
          "Sports / Field Hockey": "",
          "Sports / Fishing": "",
          "Sports / Fitness": "",
          "Sports / Football": "",
          "Sports / Golf": "",
          "Sports / Gymnastics": "",
          "Sports / Hockey": "",
          "Sports / Horse Racing": "",
          "Sports / Hunting": "",
          "Sports / Lacrosse": "",
          "Sports / Martial Arts": "",
          "Sports / Miscellaneous": "",
          "Sports / Motorcycle Racing": "",
          "Sports / News": "",
          "Sports / News / Baseball": "",
          "Sports / News / Basketball": "",
          "Sports / News / Golf": "",
          "Sports / News Magazine / Automotive": "",
          "Sports / News Magazine / Miscellaneous": "",
          "Sports / News / Miscellaneous": "",
          "Sports / News / News": "",
          "Sports / News / Soccer": "",
          "Sports / Olympics": "",
          "Sports / Outdoors": "",
          "Sports / Radio / Miscellaneous": "",
          "Sports / Radio / Talk Show": "",
          "Sports / Reality TV / Extreme": "",
          "Sports / Rodeo": "",
          "Sports / Rugby": "",
          "Sports / Skating": "",
          "Sports / Soccer": "",
          "Sports / Softball": "",
          "Sports / Specials / Baseball": "",
          "Sports / Specials / Football": "",
          "Sports / Specials / Miscellaneous": "",
          "Sports / Sports / Miscellaneous": "",
          "Sports / Sports / News": "",
          "Sports / Talk Shows / Miscellaneous": "",
          "Sports / Talk Show": "",
          "Sports / Talk Shows / Baseball": "",
          "Sports / Tennis": "",
          "Sports / Thanksgiving / Hockey": "",
          "Sports / Track &amp; Field": "",
          "Sports / Travel / Golf": "",
          "Sports / Volleyball": "",
          "Sports / Watersports": "",
          "Sports / Wrestling": "",
          "Spy": "",
          "Suspense": "",
          "Talk Shows": "",
          "Talk Shows / Comedy": "",
          "Talk Shows / Health": "",
          "Talk Shows / Religious": "",
          "TBA": "",
          "Telethon": "",
          "Thriller": "",
          "Travel": "",
          "Travel / Sports / Golf": "",
          "True Crime": "",
          "True Story": "",
          "Variety": "",
          "War": "",
          "Western": "",
          "Adult / Adult": "",
          "Animals / Documentary": "",                                                                                                                      
          "Animals / Hallowe'en": "",                                                                                                                       
          "Christmas / Horror": "",                                                                                                                         
          "Christmas / Mystery": "",
          "Comedy / Adult": "",
          "Comedy / Hallowe'en": "",
          "Discussion / Miscellaneous": "",
          "Docu-Series / Biography": "",
          "Docu-Series / Hallowe'en": "",
          "Docu-Series / Thanksgiving": "",
          "Drama / Horror": "",
          "Drama / Specials": "",
          "Fable": "",
          "Fashion / Christmas": "",
          "Food / Thanksgiving": "",
          "Game Shows / Children": "",
          "Hobbies &amp; Crafts / Automotive": "",
          "Music / Christmas": "",
          "Music / Documentary": "",
          "Music / True Story": "",
          "Parade / Sports": "",
          "Regular / Outdoors": "",
          "Religious / Animated": "",
          "Religious / Sports / Hunting": "",
          "Sci-Fi / Christmas": "",
          "Sci-Fi / Drama": "",
          "Short Film / Adventure": "",
          "Short Film / Christmas": "",
          "Short Film / Drama": "",
          "Sports / Discussion / Football": "",
          "Sports / Parade / Basketball": "",
          "Sports / Specials / Hockey": "",
          "Sports / Specials / News": "",
          "Sports / Specials / Olympics": "",
          "Specials / Music": "",
          "Sports / Docu-Series / Basketball": "",
          "Sports / Racket Sports": "",
          "Sports / Specials / Golf": "",
          "Christmas / Animated": "",
          "Documentary / Reality TV": "",
          "Drama / Documentary": "",
          "Hallowe'en / Thriller": "",
          "News / Current Affairs": "",
          "News Magazine / Sports": "",
          "News / Talk Shows": "",
          "Religious / Christmas": "",
          "Sci-Fi / Romance": "",
          "Sports / Award/Gala": "",
          "Sports / Curling": "",
          "Sports / Discussion / Hockey": "",
          "Sports / News / Football": "",
          "Sports / Skiing": "",
          "Sports / Sports / Fishing": "",
          "Sports / Sports / Talk Show": "",
          "Sports / Talk Shows / Basketball": "",
          "Sports / Winter Sports": "",
          "Talk Shows / Sports": "",
          "Thanksgiving / Comedy": ""
    },
    "CA": {
          "Action": "",
          "Action/Comedy": "",
          "Adult": "",
          "Adventure": "",
          "Animals": "",
          "Animals / Christmas": "",
          "Animals / Equestrian": "",
          "Animals / Instructional": "",
          "Animals / Miscellaneous": "",
          "Animals / Specials": "",
          "Animals / Travel": "",
          "Animated": "",
          "Animated / Adventure": "",
          "Animated / Animated": "",
          "Animated / Children": "",
          "Animated / Christmas": "",
          "Animated / Comedy": "",
          "Animated / Family": "",
          "Animated / Hallowe'en": "",
          "Animated / Sci-Fi": "",
          "Animated / Sitcom": "",
          "Animated / Thanksgiving": "",
          "Automotive": "",
          "Automotive / Automotive": "",
          "Awards": "",
          "Biography": "",
          "Biography / Drama": "",
          "Biography / Soccer": "",
          "Biography / Sports": "",
          "Business": "",
          "Business / News": "",
          "Business / Political": "",
          "Children": "",
          "Children / Animated": "",
          "Children / Christmas": "",
          "Children / Comedy": "",
          "Children / Hallowe'en": "",
          "Children / Health": "",
          "Children / Music": "",
          "Children / News Magazine": "",
          "Children / Religious": "",
          "Children / Thanksgiving": "",
          "Children / Travel": "",
          "Christmas / Action": "",
          "Christmas / Comedy": "",
          "Christmas / Drama": "",
          "Christmas / Family": "",
          "Christmas / Fantasy": "",
          "Christmas / Romance": "",
          "Christmas / Specials": "",
          "Christmas / Western": "",
          "Classic": "",
          "Comedy": "",
          "Comedy / Action": "",
          "Comedy / Adventure": "",
          "Comedy / Animated": "",
          "Comedy / Christmas": "",
          "Comedy / Comedy": "",
          "Comedy / Documentary": "",
          "Comedy / Drama": "",
          "Comedy/Drama": "",
          "Comedy / Family": "",
          "Comedy / Horror": "",
          "Comedy / Romance": "",
          "Comedy / Specials": "",
          "Comedy / Western": "",
          "Computers &amp; Technologies": "",
          "Computers &amp; Technologies / News": "",
          "Crime Story": "",
          "Cultural Magazine": "",
          "Cultural Magazine / Miscellaneous": "",
          "Current Affairs": "",
          "Current Affairs / Discussion": "",
          "Current Affairs / Political": "",
          "Current Affairs / Talk Shows": "",
          "Dance": "",
          "Discussion": "",
          "Discussion / News": "",
          "Discussion / Political": "",
          "Discussion / Religious": "",
          "Discussion / Sports": "",
          "Docu-Drama": "",
          "Documentary": "",
          "Documentary / Animals": "",
          "Documentary / Biography": "",
          "Documentary / Documentary": "",
          "Documentary / History": "",
          "Documentary / Music": "",
          "Documentary / Religious": "",
          "Documentary / Specials": "",
          "Documentary / Sports": "",
          "Documentary / True Crime": "",
          "Docu-Series": "",
          "Docu-Series / Christmas": "",
          "Docu-Series / History": "",
          "Docu-Series / Hunting": "",
          "Docu-Series / Miscellaneous": "",
          "Docu-Series / Outdoors": "",
          "Docu-Series / Specials": "",
          "Docu-Series / Sports / Miscellaneous": "",
          "Drama": "",
          "Drama / Action": "",
          "Drama / Adventure": "",
          "Drama / Biography": "",
          "Drama / Christmas": "",
          "Drama / Comedy": "",
          "Drama / Crime Story": "",
          "Drama / Drama": "",
          "Drama / Family": "",
          "Drama / Food": "",
          "Drama / Hallowe'en": "",
          "Drama / Music": "",
          "Drama / Mystery": "",
          "Drama / Political": "",
          "Drama / Romance": "",
          "Drama / Thanksgiving": "",
          "Drama / Thriller": "",
          "Drama / Western": "",
          "Environmental": "",
          "Environmental / News": "",
          "Environmental / Specials": "",
          "Epic": "",
          "Erotica": "",
          "Family": "",
          "Fantasy": "",
          "Fashion": "",
          "Fashion / Reality TV": "",
          "Financial": "",
          "Financial / News": "",
          "Food": "",
          "Food / Christmas": "",
          "Food / Food": "",
          "Food / Hallowe'en": "",
          "Food / Reality TV": "",
          "Game Shows": "",
          "Garden": "",
          "Hallowe'en": "",
          "Hallowe'en / Animated": "",
          "Hallowe'en / Drama": "",
          "Hallowe'en / Family": "",
          "Hallowe'en / Horror": "",
          "Hallowe'en / Romance": "",
          "Health": "",
          "Health / Christmas": "",
          "Health / Paid Program": "",
          "Health / Religious": "",
          "History": "",
          "History / Drama": "",
          "Hobbies &amp; Crafts": "",
          "Hobbies &amp; Crafts / Christmas": "",
          "Hobbies &amp; Crafts / Hobbies &amp; Crafts": "",
          "Home": "",
          "Horror": "",
          "Instructional": "",
          "Instructional / Miscellaneous": "",
          "Legal": "",
          "Lifestyle": "",
          "Local": "",
          "Local / Rodeo": "",
          "Martial Arts": "",
          "Movies": "",
          "Music": "",
          "Music / Adventure": "",
          "Musical": "",
          "Music / Biography": "",
          "Music / Children": "",
          "Music / Comedy": "",
          "Music / Discussion": "",
          "Music / Drama": "",
          "Music / Family": "",
          "Music / Performing Arts": "",
          "Music / Religious": "",
          "Music / Specials": "",
          "Mystery": "",
          "New Age": "",
          "New Age / Christmas": "",
          "News": "",
          "News / Financial": "",
          "News Magazine": "",
          "News Magazine / Cultural Magazine": "",
          "News Magazine / Movies": "",
          "News Magazine / Political": "",
          "News Magazine / Religious": "",
          "News Magazine / Rodeo": "",
          "News / Miscellaneous": "",
          "News / Political": "",
          "News / Religious": "",
          "Paid Program": "",
          "Paid Program / Fashion": "",
          "Paid Program / Health": "",
          "Paranormal": "",
          "Performing Arts": "",
          "Performing Arts / Children": "",
          "Police": "",
          "Political": "",
          "Political / Political": "",
          "Psycho-Drama": "",
          "Radio": "",
          "Radio / Sports": "",
          "Reality TV": "",
          "Reality TV / Christmas": "",
          "Reality TV / Comedy": "",
          "Reality TV / Documentary": "",
          "Reality TV / Hallowe'en": "",
          "Reality TV / Outdoors": "",
          "Reality TV / Specials": "",
          "Reality TV / Thanksgiving": "",
          "Regular": "",
          "Religious": "",
          "Religious / Children": "",
          "Religious / Discussion": "",
          "Religious / Documentary": "",
          "Religious / Legal": "",
          "Religious / Music": "",
          "Religious / News Magazine": "",
          "Religious / Paid Program": "",
          "Religious / Religious": "",
          "Religious / Specials": "",
          "Religious / Talk Shows": "",
          "Religious / Travel": "",
          "Romance": "",
          "Science": "",
          "Sci-Fi": "",
          "Sci-Fi / Action": "",
          "Sci-Fi / Adventure": "",
          "Sci-Fi / Comedy": "",
          "Sci-Fi / Comedy/Drama": "",
          "Sci-Fi / Horror": "",
          "Sci-Fi / Sci-Fi": "",
          "Sci-Fi / Suspense": "",
          "Sci-Fi / Thriller": "",
          "Shopping": "",
          "Shopping / Christmas": "",
          "Shopping / Fashion": "",
          "Shopping / Hobbies &amp; Crafts": "",
          "Shopping / Home": "",
          "Shopping / Miscellaneous": "",
          "Short Film": "",
          "Short Film / Comedy": "",
          "Short Film / Religious": "",
          "Sitcom": "",
          "Sitcom / Children": "",
          "Sitcom / Christmas": "",
          "Sitcom / Easter": "",
          "Sitcom / Hallowe'en": "",
          "Sitcom / Specials": "",
          "Sitcom / Thanksgiving": "",
          "Soaps": "",
          "Specials": "",
          "Specials / Environmental": "",
          "Specials / Food": "",
          "Specials / Religious": "",
          "Sport": "",
          "Sports": "",
          "Sports / Adventure": "",
          "Sports / Anthology": "",
          "Sports / Athletics": "",
          "Sports / Australian Rules Football": "",
          "Sports / Automotive": "",
          "Sports / Auto Racing": "",
          "Sports / Aviation": "",
          "Sports / Baseball": "",
          "Sports / Basketball": "",
          "Sports / Beach Volleyball": "",
          "Sports / Biography": "",
          "Sports / Boating": "",
          "Sports / Body Building": "",
          "Sports / Bowling": "",
          "Sports / Boxing": "",
          "Sports / Cards": "",
          "Sports / Children / Baseball": "",
          "Sports / Christmas / Fishing": "",
          "Sports / Cycling": "",
          "Sports / Discussion": "",
          "Sports / Discussion / Baseball": "",
          "Sports / Discussion / Miscellaneous": "",
          "Sports / Discussion / Soccer": "",
          "Sports / Documentary": "",
          "Sports / Documentary / Auto Racing": "",
          "Sports / Documentary / Basketball": "",
          "Sports / Documentary / Boxing": "",
          "Sports / Documentary / Football": "",
          "Sports / Documentary / Hockey": "",
          "Sports / Documentary / Miscellaneous": "",
          "Sports / Documentary / Track &amp; Field": "",
          "Sports / Drama": "",
          "Sports / Equestrian": "",
          "Sports / eSports": "",
          "Sports / Extreme": "",
          "Sports / Field Hockey": "",
          "Sports / Fishing": "",
          "Sports / Fitness": "",
          "Sports / Football": "",
          "Sports / Golf": "",
          "Sports / Gymnastics": "",
          "Sports / Hockey": "",
          "Sports / Horse Racing": "",
          "Sports / Hunting": "",
          "Sports / Lacrosse": "",
          "Sports / Martial Arts": "",
          "Sports / Miscellaneous": "",
          "Sports / Motorcycle Racing": "",
          "Sports / News": "",
          "Sports / News / Baseball": "",
          "Sports / News / Basketball": "",
          "Sports / News / Golf": "",
          "Sports / News Magazine / Automotive": "",
          "Sports / News Magazine / Miscellaneous": "",
          "Sports / News / Miscellaneous": "",
          "Sports / News / News": "",
          "Sports / News / Soccer": "",
          "Sports / Olympics": "",
          "Sports / Outdoors": "",
          "Sports / Radio / Miscellaneous": "",
          "Sports / Radio / Talk Show": "",
          "Sports / Reality TV / Extreme": "",
          "Sports / Rodeo": "",
          "Sports / Rugby": "",
          "Sports / Skating": "",
          "Sports / Soccer": "",
          "Sports / Softball": "",
          "Sports / Specials / Baseball": "",
          "Sports / Specials / Football": "",
          "Sports / Specials / Miscellaneous": "",
          "Sports / Sports / Miscellaneous": "",
          "Sports / Sports / News": "",
          "Sports / Talk Shows / Miscellaneous": "",
          "Sports / Talk Show": "",
          "Sports / Talk Shows / Baseball": "",
          "Sports / Tennis": "",
          "Sports / Thanksgiving / Hockey": "",
          "Sports / Track &amp; Field": "",
          "Sports / Travel / Golf": "",
          "Sports / Volleyball": "",
          "Sports / Watersports": "",
          "Sports / Wrestling": "",
          "Spy": "",
          "Suspense": "",
          "Talk Shows": "",
          "Talk Shows / Comedy": "",
          "Talk Shows / Health": "",
          "Talk Shows / Religious": "",
          "TBA": "",
          "Telethon": "",
          "Thriller": "",
          "Travel": "",
          "Travel / Sports / Golf": "",
          "True Crime": "",
          "True Story": "",
          "Variety": "",
          "War": "",
          "Western": "",
          "Adult / Adult": "",
          "Animals / Documentary": "",                                                                                                                      
          "Animals / Hallowe'en": "",                                                                                                                       
          "Christmas / Horror": "",                                                                                                                         
          "Christmas / Mystery": "",
          "Comedy / Adult": "",
          "Comedy / Hallowe'en": "",
          "Discussion / Miscellaneous": "",
          "Docu-Series / Biography": "",
          "Docu-Series / Hallowe'en": "",
          "Docu-Series / Thanksgiving": "",
          "Drama / Horror": "",
          "Drama / Specials": "",
          "Fable": "",
          "Fashion / Christmas": "",
          "Food / Thanksgiving": "",
          "Game Shows / Children": "",
          "Hobbies &amp; Crafts / Automotive": "",
          "Music / Christmas": "",
          "Music / Documentary": "",
          "Music / True Story": "",
          "Parade / Sports": "",
          "Regular / Outdoors": "",
          "Religious / Animated": "",
          "Religious / Sports / Hunting": "",
          "Sci-Fi / Christmas": "",
          "Sci-Fi / Drama": "",
          "Short Film / Adventure": "",
          "Short Film / Christmas": "",
          "Short Film / Drama": "",
          "Sports / Discussion / Football": "",
          "Sports / Parade / Basketball": "",
          "Sports / Specials / Hockey": "",
          "Sports / Specials / News": "",
          "Sports / Specials / Olympics": "",
          "Specials / Music": "",
          "Sports / Docu-Series / Basketball": "",
          "Sports / Racket Sports": "",
          "Sports / Specials / Golf": "",
          "Christmas / Animated": "",
          "Documentary / Reality TV": "",
          "Drama / Documentary": "",
          "Hallowe'en / Thriller": "",
          "News / Current Affairs": "",
          "News Magazine / Sports": "",
          "News / Talk Shows": "",
          "Religious / Christmas": "",
          "Sci-Fi / Romance": "",
          "Sports / Award/Gala": "",
          "Sports / Curling": "",
          "Sports / Discussion / Hockey": "",
          "Sports / News / Football": "",
          "Sports / Skiing": "",
          "Sports / Sports / Fishing": "",
          "Sports / Sports / Talk Show": "",
          "Sports / Talk Shows / Basketball": "",
          "Sports / Winter Sports": "",
          "Talk Shows / Sports": "",
          "Thanksgiving / Comedy": ""
    }
  }
}
