{
  "channels": {
    "USA": {
      "5 Star Max - Eastern": "5StarMaxEastern.us",
      "A&amp;E US - Eastern Feed": "",
      "ABC (KABC) Los Angeles, CA": "",
      "ABC (KMBC) Kansas City, MO": "",
      "ABC (WABC) New York, NY": "",
      "ActionMax - Eastern": "",
      "Altitude 2": "",
      "Altitude Sports": "",
      "AMC - Eastern Feed": "",
      "American Heroes Channel": "",
      "America's Auction Channel": "",
      "Animal Planet US - East": "",
      "Arirang TV": "",
      "ASPiRE TV": "",
      "AT&amp;T Sportsnet  Pittsburgh": "",
      "AT&amp;T Sportsnet Rocky Mountains": "",
      "AT&amp;T Sportsnet Rocky Mountains - West HD": "",
      "AT&amp;T Sportsnet Rocky Mountain - Utah": "",
      "AT&amp;T Sportsnet Southwest - Houston": "",
      "Audience Network": "",
      "AXS TV USA HD": "",
      "Azteca America - East": "",
      "Baby First TV": "",
      "Bandamax": "",
      "BBC America - East": "",
      "BBC World - North America HD": "",
      "beIN Sport en Espanol": "",
      "BET - Eastern Feed": "",
      "BET Her": "",
      "Big Ten Network": "",
      "Big Ten Network OnDemand": "",
      "Big Ten Network Overflow 1": "",
      "Big Ten Network Overflow 2": "",
      "Big Ten Network Overflow 3": "",
      "Big Ten Network Overflow 4": "",
      "Boomerang": "",
      "Bloomberg TV USA": "",
      "Boomerang On Demand": "",
      "Bravo USA - Eastern Feed": "",
      "Brazzers TV": "",
      "BYU (Brigham Young University)": "",
      "Canal Once (Mexico)": "",
      "Cartoon Network USA - Eastern Feed": "",
      "Cartoon Network USA - Pacific Feed": "",
      "CBS (KCBS) Los Angeles, CA": "",
      "CBS (KCTV) Kansas City, MO": "",
      "CBS Sports Network USA": "",
      "CBS (WCBS) New York, NY": "",
      "CCTV-4 America": "",
      "CentroAmérica TV": "",
      "CGTN (CCTV4)": "",
      "Cinemax - Eastern Feed": "",
      "Cinemax - Eastern HD": "",
      "Cinemax on Demand": "",
      "Cinemax - Pacific Feed": "",
      "Cine Mexicano": "",
      "Cine Sony": "",
      "CMT US - Eastern Feed": "",
      "CMT US On Demand": "",
      "CNBC USA": "",
      "CNBC World": "",
      "CNN": "",
      "CNN Español": "",
      "CNN on demand": "",
      "Comedy Central on Demand": "",
      "Comedy Central (US) - Eastern Feed": "",
      "Comedy.TV": "",
      "Crime &amp; Investigation Network USA HD": "",
      "C-SPAN": "",
      "C-SPAN 2": "",
      "CTI-Zhong Tian Channel": "",
      "CTN - Christian Television Network": "",
      "CW (KCWE) Kansas City, MO": "",
      "CW (KFMB-TV2) San Diego, CA": "",
      "CW (WDCW) District of Columbia": "",
      "Daystar  - Network": "",
      "De Pelicula": "",
      "De Pelicula Clasico": "",
      "Destination America": "",
      "DirecTV MLB Extra Innings (721)": "",
      "DirecTV MLB Extra Innings (722)": "",
      "DirecTV MLB Extra Innings (723)": "",
      "DirecTV MLB Extra Innings (724)": "",
      "DirecTV MLB Extra Innings (725)": "",
      "DirecTV MLB Extra Innings (726)": "",
      "DirecTV MLB Extra Innings (727)": "",
      "DirecTV MLB Extra Innings (728)": "",
      "DirecTV MLB Extra Innings (729)": "",
      "DirecTV MLB Extra Innings (730)": "",
      "DirecTV MLB Extra Innings (731)": "",
      "DirecTV MLB Extra Innings (732)": "",
      "DirecTV MLB Extra Innings (733)": "",
      "DirecTV MLB Extra Innings (734)": "",
      "DirecTV MLB Extra Innings (735)": "",
      "DirecTV MLB Extra Innings (736)": "",
      "DirecTV MLB Extra Innings (737)": "",
      "DirecTV MLB Extra Innings (739)": "",
      "DirecTV MLB Extra Innings (740)": "",
      "DirecTV MLB Extra Innings (741)": "",
      "DirecTV MLB Extra Innings (742)": "",
      "DirecTV MLB Extra Innings (743)": "",
      "DirecTV MLB Extra Innings (744)": "",
      "DirecTV MLB Extra Innings (745)": "",
      "DirecTV MLB Extra Innings (746)": "",
      "DirecTV MLB Extra Innings (747)": "",
      "DirecTV MLB Extra Innings (748)": "",
      "DirecTV MLB Extra Innings (749)": "",
      "DirecTV MLB Extra Innings HD (728)": "",
      "DirecTV MLS Direct Kick (471)": "",
      "DirecTV MLS Direct Kick (472)": "",
      "DirecTV MLS Direct Kick (473)": "",
      "DirecTV MLS Direct Kick (474)": "",
      "DirecTV MLS Direct Kick (475)": "",
      "DirecTV MLS Direct Kick (476)": "",
      "DirecTV MLS Direct Kick (477)": "",
      "DirecTV MLS Direct Kick (478)": "",
      "DirecTV MLS Direct Kick (479)": "",
      "DirecTV NBA League Pass (750)": "",
      "DirecTV NBA League Pass (751)": "",
      "DirecTV NBA League Pass (752)": "",
      "DirecTV NBA League Pass (753)": "",
      "DirecTV NBA League Pass (754)": "",
      "DirecTV NBA League Pass (755)": "",
      "DirecTV NBA League Pass (756)": "",
      "DirecTV NBA League Pass (757)": "",
      "DirecTV NBA League Pass (758)": "",
      "DirecTV NBA League Pass (759)": "",
      "DirecTV NBA League Pass (760)": "",
      "DirecTV NBA League Pass (761)": "",
      "DirecTV NBA League Pass (762)": "",
      "DirecTV NBA League Pass (763)": "",
      "DirecTV NBA League Pass (764)": "",
      "DirecTV NBA League Pass (765)": "",
      "DirecTV NBA League Pass (766)": "",
      "DirecTV NBA League Pass (767)": "",
      "DirecTV NBA League Pass (768)": "",
      "DirecTV NHL Center Ice (769)": "",
      "DirecTV NHL Center Ice (769) HD": "",
      "DirecTV NHL Center Ice (770)": "",
      "DirecTV NHL Center Ice (770) HD": "",
      "DirecTV NHL Center Ice (771)": "",
      "DirecTV NHL Center Ice (771) HD": "",
      "DirecTV NHL Center Ice (772)": "",
      "DirecTV NHL Center Ice (772) HD": "",
      "DirecTV NHL Center Ice (773)": "",
      "DirecTV NHL Center Ice (773) HD": "",
      "DirecTV NHL Center Ice (774)": "",
      "DirecTV NHL Center Ice (774) HD": "",
      "DirecTV NHL Center Ice (775)": "",
      "DirecTV NHL Center Ice (775) HD": "",
      "DirecTV NHL Center Ice (776)": "",
      "DirecTV NHL Center Ice (776) HD": "",
      "DirecTV NHL Center Ice (777)": "",
      "DirecTV NHL Center Ice (777) HD": "",
      "DirecTV NHL Center Ice (778)": "",
      "DirecTV NHL Center Ice (778) HD": "",
      "DirecTV NHL Center Ice (779)": "",
      "DirecTV NHL Center Ice (779) HD": "",
      "DirecTV NHL Center Ice (780)": "",
      "DirecTV NHL Center Ice (780) HD": "",
      "DirecTV NHL Center Ice (781)": "",
      "DirecTV NHL Center Ice (781) HD": "",
      "DirecTV NHL Center Ice (782)": "",
      "DirecTV NHL Center Ice (782) HD": "",
      "DirecTV NHL Center Ice (783)": "",
      "DirecTV NHL Center Ice (783) HD": "",
      "DirecTV NHL Center Ice (784)": "",
      "DirecTV NHL Center Ice (784) HD": "",
      "DirecTV NHL Center Ice (785)": "",
      "DirecTV NHL Center Ice (786)": "",
      "DirecTV NHL Center Ice (787)": "",
      "DirecTV Sports 121": "",
      "DirecTV Sports 122": "",
      "DirecTV Sports 123": "",
      "DirecTV Sports 124": "",
      "DirecTV Sports 701": "",
      "DirecTV Sports 702": "",
      "DirecTV Sports 703": "",
      "DirecTV Sports 704": "",
      "DirecTV Sports 705": "",
      "DirecTV Sports 706": "",
      "DirecTV Sports 707": "",
      "DirecTV Sports 708": "",
      "DirecTV Sports 709": "",
      "DirecTV Sports 710": "",
      "DirecTV Sports 711": "",
      "DirecTV Sports 712": "",
      "DirecTV Sports 713": "",
      "DirecTV Sports 714": "",
      "DirecTV Sports 715": "",
      "DirecTV Sports 716": "",
      "DirecTV Sports 717": "",
      "DirecTV Sports 718": "",
      "DirecTV Sports 719": "",
      "DirecTV Sports 720": "",
      "Discovery Channel (US) - Eastern Feed": "",
      "Discovery Channel (US) on demand": "",
      "Discovery en Espanol": "",
      "Discovery Familia": "",
      "Discovery Family Channel": "",
      "Discovery Life Channel": "",
      "Disney - Eastern Feed": "",
      "Disney Junior USA - East": "",
      "Disney on Demand": "",
      "Disney - Pacific Feed": "",
      "Disney XD USA - Eastern Feed": "",
      "Do It Yourself Network (USA) - East": "",
      "E! Entertainment USA - Eastern Feed": "",
      "Eleven Sports": "",
      "El Rey Network": "",
      "Enlace": "",
      "ESPN": "",
      "ESPN2": "",
      "ESPN2 (Alternate)": "",
      "ESPN Alternate": "",
      "ESPN Classics USA": "",
      "ESPN College Extra 1": "",
      "ESPN College Extra 2": "",
      "ESPN College Extra 3": "",
      "ESPN College Extra 3 HD": "",
      "ESPN College Extra 4": "",
      "ESPN College Extra 4 HD": "",
      "ESPN College Extra 5": "",
      "ESPN College Extra 5 HD": "",
      "ESPN College Extra 6": "",
      "ESPN College Extra 7": "",
      "ESPN College Extra 8": "",
      "ESPN Deportes": "",
      "ESPN Deportes On Demand": "",
      "ESPN Goal Line": "",
      "ESPN News": "",
      "ESPN On Demand": "",
      "ESPN U": "",
      "ESPNU On Demand": "",
      "EVINE": "",
      "EWTN USA": "",
      "Family Entertainment TV": "",
      "FLIX - Eastern": "",
      "Food Network USA - Eastern Feed": "",
      "Fox Business": "",
      "Fox College Sports - Atlantic": "",
      "Fox College Sports - Central": "",
      "Fox College Sports - Pacific": "",
      "Fox Deportes": "",
      "FOX (KTTV) Los Angeles, CA": "",
      "Fox News": "",
      "FOX Soccer Plus": "",
      "FOX Soccer Plus HD": "",
      "Fox Sports 1": "",
      "Fox Sports 2": "",
      "Fox Sports Arizona": "",
      "Fox Sports Arizona - Alt B.": "",
      "Fox Sports Arizona - N.NM": "",
      "Fox Sports Arizona Plus": "",
      "Fox Sports Detroit": "",
      "Fox Sports Detroit +": "",
      "Fox Sports Florida": "",
      "Fox Sports Florida 1": "",
      "Fox Sports Florida 1 HD": "",
      "Fox Sports Florida 2": "",
      "Fox Sports Indiana": "",
      "Fox Sports Midwest - Kansas City": "",
      "Fox Sports Midwest - Kansas State": "",
      "Fox Sports Midwest - St. Louis": "",
      "Fox Sports New Orleans": "",
      "Fox Sports North": "",
      "Fox Sports Ohio - Cincinnati (2)": "",
      "Fox Sports Ohio - Cincinnati (2) HD": "",
      "Fox Sports Ohio - Cleveland": "",
      "Fox Sports Ohio - Cleveland HD": "",
      "Fox Sports Oklahoma": "",
      "Fox Sports San Diego": "",
      "Fox Sports South": "",
      "Fox Sports South - Carolinas": "",
      "Fox Sports Southeast": "",
      "Fox Sports Southeast - Georgia": "",
      "Fox Sports Southeast - North Carolina": "",
      "Fox Sports Southeast - South Carolina": "",
      "Fox Sports Southeast - Tennessee": "",
      "Fox Sports Southeast - Tennessee East": "",
      "Fox Sports Southeast - Tennessee Nashville": "",
      "Fox Sports South - TN Nashville": "",
      "Fox Sports Southwest": "",
      "FOX Sports Southwest - Houston": "",
      "Fox Sports Southwest - OK2": "",
      "Fox Sports Southwest - OK2 'HD Southwest Plus'": "",
      "Fox Sports Southwest - San Antonio": "",
      "Fox Sports Sun - Lightning/Magic": "",
      "Fox Sports Sun - Lightning/Magic HD": "",
      "Fox Sports West": "",
      "Fox Sports West Prime Ticket": "",
      "Fox Sports Wisconsin": "",
      "FOX (WDAF) Kansas City, MO": "",
      "FOX (WNYW) New York, NY": "",
      "Freeform - East Feed": "",
      "Freeform On Demand": "",
      "Free Speech Network": "",
      "Fuse On Demand": "",
      "FUSE TV - Eastern feed": "",
      "Fusion": "",
      "FX Movie Channel": "",
      "FX Networks East Coast": "",
      "FXX USA - Eastern": "",
      "FYI USA - Eastern": "",
      "GAC - Great American Country": "",
      "Galavision - Eastern Feed": "",
      "Game Show Network - East": "",
      "GEB America": "",
      "Gem Shopping Network": "",
      "GMA/Pinoy TV": "",
      "God TV USA": "",
      "Golf Channel USA": "",
      "Gol TV USA": "",
      "Hallmark - Eastern Feed": "",
      "Hallmark Movies &amp; Mysteries Eastern - HD": "",
      "HBO 2 - Eastern Feed": "",
      "HBO 2 - Pacific Feed": "",
      "HBO Comedy HD - East": "",
      "HBO - Eastern Feed": "",
      "HBO Family - Eastern Feed": "",
      "HBO Family - Pacific Feed": "",
      "HBO Latino (HBO 7) - Eastern": "",
      "HBO On Demand": "",
      "HBO - Pacific Feed": "",
      "HBO Signature (HBO 3) - Eastern": "",
      "HBO Zone HD - East": "",
      "HDNet Movies HD": "",
      "HDNet Movies On Dmenad": "",
      "HGTV USA - Eastern Feed": "",
      "Hillsong (K64FT) Alexandria, LA": "",
      "History Channel Espanol - Eastern": "",
      "History Channel US - Eastern Feed": "",
      "HITN": "",
      "HLN": "",
      "Hope Channel": "",
      "HSN  - Home Shopping Network": "",
      "Hustler TV USA On Demand": "",
      "Impact Television Network": "",
      "Independent Film Channel US": "",
      "INSP": "",
      "Investigation Discovery USA - Eastern": "",
      "ION  - Eastern Feed": "",
      "ION (KPXE) Kansas City, MO": "",
      "ION  - Pacific Feed": "",
      "IVC Net": "",
      "Jewelry Television": "",
      "Jewish Life Television": "",
      "Justice Central": "",
      "KMCI 38 (The Spot) - Kansas City, MO": "",
      "Lifetime Movies - East": "",
      "Lifetime Network US - Eastern Feed": "",
      "Link TV": "",
      "LOGO - East": "",
      "Longhorn Network": "",
      "MavTV USA": "",
      "MBC America (Korean)": "",
      "MBC Drama (Korean)": "",
      "Mega TV": "",
      "MGM HD (USA)": "",
      "MHz Worldview": "",
      "Mid-Atlantic Sports Network": "",
      "Mid-Atlantic Sports Network 2": "",
      "MLB Network": "",
      "MNT (KSMO) Kansas City, MO": "",
      "MoreMax  Eastern": "",
      "Motor Trend HD": "",
      "MovieMax (Max 6) - East": "",
      "MSG 2": "",
      "MSG (Madison Square Gardens)": "",
      "MSG Plus": "",
      "MSG Plus - Syracuse": "",
      "MSG - Syracuse": "",
      "MSNBC USA": "",
      "MTV 2 - East": "",
      "MTV Classic - East": "",
      "MTV Live HD": "",
      "MTV Tr3s - East": "",
      "MTV USA - Eastern Feed": "",
      "NASA Public Educational Channel": "",
      "National Geographic Mundo": "",
      "National Geographic US - Eastern": "",
      "National Geographic Wild": "",
      "National Religious Broadcasting - East": "",
      "NBA TV USA": "",
      "NBC (KNBC) Los Angeles, CA": "",
      "NBC (KSHB) Kansas City, MO": "",
      "NBC Sports Bay Area": "",
      "NBC Sports Bay Area/California Plus": "",
      "NBC Sports Bay Area/California Plus HD": "",
      "NBC Sports Boston": "",
      "NBC Sports California": "",
      "NBC Sports Chicago": "",
      "NBC Sports Chicago Plus": "",
      "NBC Sports Chicago Plus 2": "",
      "NBC Sports Network": "",
      "NBC Sports Washington": "",
      "NBC Sports Washington Plus": "",
      "NBC Universo - Eastern feed": "",
      "NBC (WNBC) New York, NY": "",
      "New England Sports Network": "",
      "New England Sports Network Plus": "",
      "NewsMax TV": "",
      "NFL Network": "",
      "NFL Red Zone": "",
      "NHL Network USA": "",
      "NHL Network USA Alternate": "",
      "Nickelodeon USA - East Feed": "",
      "Nickelodeon USA On Demand": "",
      "Nickelodeon USA - Pacific Feed": "",
      "Nick Jr. - East": "",
      "Nicktoons - East": "",
      "Olympic Channel": "",
      "Oprah Winfrey Network USA Eastern": "",
      "Outdoor Channel US": "",
      "Ovation": "",
      "Oxygen - Eastern Feed": "",
      "Paramount Network USA - Eastern Feed": "",
      "PBS (KCPT) Kansas City, MO": "",
      "PBS - Network HD - Eastern": "",
      "Penthouse TV USA": "",
      "Perú Mágico": "",
      "Phoenix InfoNews": "",
      "Playboy": "",
      "Playboy HD": "",
      "Playboy Interactive": "",
      "Playboy On Demand": "",
      "POP - East": "",
      "Premier League Extra Time 1": "",
      "Premier League Extra Time 2": "",
      "Premier League Extra Time 3": "",
      "Premier League Extra Time 4": "",
      "Premier League Extra Time 5": "",
      "Pursuit Channel": "",
      "QVC": "",
      "QVC2": "",
      "ReelzChannel": "",
      "Revolt TV": "",
      "RFD-TV": "",
      "Root Sports Northwest": "",
      "Root Sports Northwest - Seattle": "",
      "RTVi": "",
      "SALE Network": "",
      "SBS (Korean)": "",
      "SBTN (Saigon Broadcasting Television Network)": "",
      "Science": "",
      "SEC Network": "",
      "SEC Network Alternate": "",
      "Showtime 2 - Eastern": "",
      "Showtime Beyond HD - East": "",
      "Showtime - Eastern Feed": "",
      "Showtime Extreme - Eastern": "",
      "Showtime Next HD - Eastern": "",
      "Showtime on Demand": "",
      "Showtime Showcase - Eastern": "",
      "Showtime West": "",
      "Showtime Women HD - Eastern": "",
      "Smithsonian Channel USA HD": "",
      "SNY: SportsNet New York (Comcast)": "",
      "SonLife Network": "",
      "Sony Movie Channel": "",
      "Spectrum SportsNet": "",
      "Sportsman Channel": "",
      "Sportstime Ohio": "",
      "Starz Cinema HD - Eastern": "",
      "Starz Comedy HD - Eastern": "",
      "Starz - Eastern": "",
      "Starz Edge - Eastern": "",
      "Starz Encore Action - Eastern": "",
      "Starz Encore Black - Eastern": "",
      "Starz Encore Classics - Eastern": "",
      "Starz Encore - Eastern": "",
      "Starz Encore Family - Eastern": "",
      "Starz Encore on Demand": "",
      "Starz Encore - Pacific": "",
      "Starz Encore Suspense - Eastern": "",
      "Starz Encore Westerns - Eastern": "",
      "Starz In Black - Eastern": "",
      "Starz Kids &amp; Family - Eastern": "",
      "Starz On Demand": "",
      "Starz - Pacific": "",
      "SundanceTV USA - East": "",
      "Syfy - Eastern Feed": "",
      "TBN  - Trinity Broadcasting Network - East": "",
      "TBS - East": "",
      "TCT - Network": "",
      "TeenNick - Eastern": "",
      "Telecentro": "",
      "Telemundo  - Eastern Feed": "",
      "Telemundo  - Pacific Feed": "",
      "TFC - The Filipino Channel": "",
      "The Cooking Channel": "",
      "The Tennis Channel": "",
      "The Weather Channel": "",
      "The Word Network": "",
      "ThrillerMax - East": "",
      "TLC USA - Eastern": "",
      "TMC on Demand": "",
      "TMC (US) - Eastern Feed": "",
      "TMC (US) - Pacific Feed": "",
      "TMC Xtra HD - Eastern": "",
      "TNT - Eastern Feed": "",
      "Travel US - East": "",
      "TruTV on Demand": "",
      "truTV USA - Eastern": "",
      "TUDN": "",
      "Turner Classic Movies USA": "",
      "TVBS (Mandarin)": "",
      "TVBV (Vietnamese)": "",
      "TV Globo": "",
      "TVG - Television Games Network": "",
      "TV Land - Eastern": "",
      "TV One": "",
      "TyC Sports": "",
      "Uni Deportes": "",
      "UniMás  - Network Pacific": "",
      "Universal Kids": "",
      "Univision - Eastern Feed": "",
      "Univision - Pacific Feed": "",
      "UP": "",
      "USA Network - East Feed": "",
      "VH1 - Eastern Feed": "",
      "Viceland USA": "",
      "ViendoMovies": "",
      "V-Me Television HD": "",
      "Wapa America": "",
      "WeatherNation": "",
      "WE (Women's Entertainment) - Eastern": "",
      "WGN America - Eastern Feed": "",
      "World Harvest Television": "",
      "YES 2 Overflow": "",
      "YES Network": "",
      "ACC Network": "",
      "Caracol TV Internacional": "",
      "FOROtv": "",
      "Nuestra Tele": "",
      "RCN Nuestra Tele": "",
      "SHOPHQ": "",
      "VGNTV (Saigon Broadcasting Television Network)": "",
      "VICE": ""
    },
    "CA": {
      "A&amp;E Canada HD": "",
      "A&amp;E Canada": "",
      "ABC (KOMO) Seattle, WA HD": "",
      "ABC (KOMO) Seattle, WA": "",
      "ABC Spark HD": "",
      "ABC Spark": "",
      "ABC (WCVB) Boston, MA HD": "",
      "ABC (WCVB) Boston, MA": "",
      "Addik TV HD": "",
      "Addik TV": "",
      "Adult Swim - East": "",
      "Al Jazeera English": "",
      "AMC - Canada HD": "",
      "AMC - Canada": "",
      "American Heroes Channel": "",
      "AMI-Audio - East": "",
      "AMI-télé": "",
      "AMI-tv East": "",
      "Animal Planet Canada HD": "",
      "Animal Planet Canada": "",
      "APTN - East DV": "",
      "APTN - East": "",
      "APTN HD": "",
      "APTN - North DV": "",
      "APTN - North": "",
      "ARTV HD": "",
      "ARTV": "",
      "Assemblee nationale du Quebec": "",
      "ATN - Aapka Colors": "",
      "ATN - ARY Digital (Canada)": "",
      "ATN - B4U Movies (Hindi)": "",
      "ATN - Jaya TV (Tamil)": "",
      "ATN - News": "",
      "ATN - Punjabi": "",
      "BBC Canada East": "",
      "BBC Earth HD": "",
      "BBC World - North America": "",
      "beIN Sport Canada HD": "",
      "Bell: MLB Extra Innings 10 HD": "",
      "Bell: MLB Extra Innings 10": "",
      "Bell: MLB Extra Innings 11 HD": "",
      "Bell: MLB Extra Innings 11": "",
      "Bell: MLB Extra Innings 12 HD": "",
      "Bell: MLB Extra Innings 12": "",
      "Bell: MLB Extra Innings 13 HD": "",
      "Bell: MLB Extra Innings 13": "",
      "Bell: MLB Extra Innings 14": "",
      "Bell: MLB Extra Innings 1 HD": "",
      "Bell: MLB Extra Innings 1": "",
      "Bell: MLB Extra Innings 2 HD": "",
      "Bell: MLB Extra Innings 2": "",
      "Bell: MLB Extra Innings 3 HD": "",
      "Bell: MLB Extra Innings 3": "",
      "Bell: MLB Extra Innings 4 HD": "",
      "Bell: MLB Extra Innings 4": "",
      "Bell: MLB Extra Innings 5 HD": "",
      "Bell: MLB Extra Innings 5": "",
      "Bell: MLB Extra Innings 6 HD": "",
      "Bell: MLB Extra Innings 6": "",
      "Bell: MLB Extra Innings 7 HD": "",
      "Bell: MLB Extra Innings 7": "",
      "Bell: MLB Extra Innings 8 HD": "",
      "Bell: MLB Extra Innings 8": "",
      "Bell: MLB Extra Innings 9 HD": "",
      "Bell: MLB Extra Innings 9": "",
      "Bell: NBA League Pass 10": "",
      "Bell: NBA League Pass 11": "",
      "Bell: NBA League Pass 12": "",
      "Bell: NBA League Pass 1": "",
      "Bell: NBA League Pass 2": "",
      "Bell: NBA League Pass 3": "",
      "Bell: NBA League Pass 4": "",
      "Bell: NBA League Pass 5": "",
      "Bell: NBA League Pass 6": "",
      "Bell: NBA League Pass 7": "",
      "Bell: NBA League Pass 8": "",
      "Bell: NBA League Pass 9": "",
      "Bell: NBA League Pass HD 1": "",
      "Bell: NBA League Pass HD 2": "",
      "Bell: NBA League Pass HD 3": "",
      "Bell: NBA League Pass HD 4": "",
      "Bell: NBA League Pass HD 5": "",
      "Bell: NBA League Pass HD 6": "",
      "Bell: NBA League Pass HD 7": "",
      "Bell: NBA League Pass HD 8": "",
      "Bell: NBA League Pass HD 9": "",
      "Bell: NFL Sunday Ticket 10 HD": "",
      "Bell: NFL Sunday Ticket 10": "",
      "Bell: NFL Sunday Ticket 11": "",
      "Bell: NFL Sunday Ticket 12": "",
      "Bell: NFL Sunday Ticket 13": "",
      "Bell: NFL Sunday Ticket 14": "",
      "Bell: NFL Sunday Ticket 1 HD": "",
      "Bell: NFL Sunday Ticket 1": "",
      "Bell: NFL Sunday Ticket 2 HD": "",
      "Bell: NFL Sunday Ticket 2": "",
      "Bell: NFL Sunday Ticket 3 HD": "",
      "Bell: NFL Sunday Ticket 3": "",
      "Bell: NFL Sunday Ticket 4 HD": "",
      "Bell: NFL Sunday Ticket 4": "",
      "Bell: NFL Sunday Ticket 5 HD": "",
      "Bell: NFL Sunday Ticket 5": "",
      "Bell: NFL Sunday Ticket 6 HD": "",
      "Bell: NFL Sunday Ticket 6": "",
      "Bell: NFL Sunday Ticket 7 HD": "",
      "Bell: NFL Sunday Ticket 7": "",
      "Bell: NFL Sunday Ticket 8 HD": "",
      "Bell: NFL Sunday Ticket 8": "",
      "Bell: NFL Sunday Ticket 9 HD": "",
      "Bell: NFL Sunday Ticket 9": "",
      "Bell: NHL Centre Ice 10 HD": "",
      "Bell: NHL Centre Ice 10": "",
      "Bell: NHL Centre Ice 11 HD": "",
      "Bell: NHL Centre Ice 1 HD": "",
      "Bell: NHL Centre Ice 1": "",
      "Bell: NHL Centre Ice 2 HD": "",
      "Bell: NHL Centre Ice 2": "",
      "Bell: NHL Centre Ice 3 HD": "",
      "Bell: NHL Centre Ice 3": "",
      "Bell: NHL Centre Ice 4 HD": "",
      "Bell: NHL Centre Ice 4": "",
      "Bell: NHL Centre Ice 5 HD": "",
      "Bell: NHL Centre Ice 5": "",
      "Bell: NHL Centre Ice 6 HD": "",
      "Bell: NHL Centre Ice 6": "",
      "Bell: NHL Centre Ice 7 HD": "",
      "Bell: NHL Centre Ice 7": "",
      "Bell: NHL Centre Ice 8 HD": "",
      "Bell: NHL Centre Ice 8": "",
      "Bell: NHL Centre Ice 9 HD": "",
      "Bell: NHL Centre Ice 9": "",
      "Bell: U.S. College Sports 1": "",
      "Bell: U.S. College Sports 2": "",
      "Bell: U.S. College Sports 3": "",
      "Bell: U.S. College Sports 4": "",
      "Bell: U.S. College Sports 5": "",
      "Bell: U.S. College Sports 6": "",
      "Bell: U.S. College Sports 7": "",
      "Bell: U.S. College Sports 8": "",
      "Bell: U.S. College Sports": "",
      "BET - Canada": "",
      "BNN Bloomberg HD": "",
      "BNN Bloomberg": "",
      "Book Television": "",
      "Canal D HD": "",
      "Canal D": "",
      "Canal M DV": "",
      "Canal M": "",
      "Canal Vie HD": "",
      "Canal Vie": "",
      "Capital Networks: Disney XD": "",
      "Cartoon Network Canada": "",
      "CASA HD": "",
      "CASA": "",
      "CBC (CBHT) Halifax, NS DV": "",
      "CBC (CBHT) Halifax, NS HD": "",
      "CBC (CBHT) Halifax, NS": "",
      "CBC (CBLT) Toronto, ON DV": "",
      "CBC (CBLT) Toronto, ON HD": "",
      "CBC (CBLT) Toronto, ON": "",
      "CBC (CBMT) Montreal, QC HD": "",
      "CBC (CBMT) Montreal, QC": "",
      "CBC (CBNT) St-John's, NL": "",
      "CBC (CBOT) Ottawa, ON HD": "",
      "CBC (CBOT) Ottawa, ON": "",
      "CBC (CBRT) Calgary, AB HD": "",
      "CBC (CBRT) Calgary, AB": "",
      "CBC (CBUT) Vancouver, BC DV": "",
      "CBC (CBUT) Vancouver, BC HD": "",
      "CBC (CBUT) Vancouver, BC": "",
      "CBC (CBWT) Winnipeg, MB DV": "",
      "CBC (CBWT) Winnipeg, MB HD": "",
      "CBC (CBWT) Winnipeg, MB": "",
      "CBC News Network HD": "",
      "CBC News Network": "",
      "CBC (North) NWT": "",
      "CBS (KIRO) Seattle, WA HD": "",
      "CBS (KIRO) Seattle, WA": "",
      "CBS Sports Network Canada HD": "",
      "CBS (WBZ) Boston, MA HD": "",
      "CBS (WBZ) Boston, MA": "",
      "CFJC Kamloops, BC": "",
      "CHCH Hamilton, ON HD": "",
      "CHCH Hamilton, ON": "",
      "CHEK Vancouver Island, BC": "",
      "CHFD Thunder Bay, ON": "",
      "Cinépop HD": "",
      "Cinépop": "",
      "CITY Calgary, AB HD": "",
      "CITY Calgary, AB": "",
      "CITY Edmonton, AB": "",
      "CITY Montreal, QC": "",
      "CITY Saskatchewan": "",
      "CITY Toronto, ON DV": "",
      "CITY Toronto, ON HD": "",
      "CITY Toronto, ON": "",
      "CITY Vancouver, BC DV": "",
      "CITY Vancouver, BC HD": "",
      "CITY Vancouver, BC": "",
      "CITY Winnipeg. MB HD": "",
      "CITY Winnipeg, MB": "",
      "CJDC TV Dawson Creek, BC": "",
      "CJIL Lethbridge": "",
      "CJON (NTV) St-John, NL": "",
      "CKPG Prince George, BC": "",
      "CKSA Lloydminster, AB": "",
      "CMT Canada": "",
      "CNBC Canada": "",
      "CNN HD": "",
      "CNN International North America": "",
      "CNN": "",
      "Cooking Channel Canada HD": "",
      "Cooking Channel Canada": "",
      "Cottage Life HD": "",
      "Cottage Life": "",
      "CP24 (CablePulse 24) HD": "",
      "CP24 (CablePulse 24)": "",
      "CPAC (Francais)": "",
      "CPAC Ottawa": "",
      "Crave1 - East HD": "",
      "Crave1 - East": "",
      "Crave2 - East HD": "",
      "Crave2 - East": "",
      "Crave3 - East HD": "",
      "Crave3 - East": "",
      "Crave4": "",
      "Crime + Investigation": "",
      "CTV2 Alberta": "",
      "CTV2 Atlantic Region DV": "",
      "CTV2 Atlantic Region": "",
      "CTV2 London, ON": "",
      "CTV2 Ottawa, ON": "",
      "CTV2 Toronto, ON DV": "",
      "CTV2 Toronto, ON HD": "",
      "CTV2 Toronto, ON": "",
      "CTV2 Vancouver Island. BC DV": "",
      "CTV2 Vancouver Island. BC HD": "",
      "CTV2 Vancouver Island. BC": "",
      "CTV (CFCN) Calgary, AB DV": "",
      "CTV (CFCN) Calgary, AB HD": "",
      "CTV (CFCN) Calgary, AB": "",
      "CTV (CFRN) Edmonton, AB DV": "",
      "CTV (CFRN) Edmonton, AB": "",
      "CTV (CFTO) Toronto, ON DV": "",
      "CTV (CFTO) Toronto, ON HD": "",
      "CTV (CFTO) Toronto, ON": "",
      "CTV (CICI) Sudbury, ON": "",
      "CTV (CITL) Lloydminster, AB": "",
      "CTV (CJCH) Halifax HD": "",
      "CTV (CJCH) Halifax": "",
      "CTV (CKCK) Regina, SK": "",
      "CTV (CKY) Winnipeg, MB DV": "",
      "CTV (CKY) Winnipeg, MB HD": "",
      "CTV (CKY) Winnipeg, MB": "",
      "CTV Comedy - East DV": "",
      "CTV Comedy - East HD": "",
      "CTV Comedy - East": "",
      "CTV Comedy - West DV": "",
      "CTV Comedy - West": "",
      "CTV Drama DV": "",
      "CTV Drama HD": "",
      "CTV Drama": "",
      "CTV Life HD": "",
      "CTV Life": "",
      "CTV Life old": "",
      "CTV Montreal (CFCF), QC DV": "",
      "CTV Montreal (CFCF), QC": "",
      "CTV News Channel HD": "",
      "CTV News Channel": "",
      "CTV Ottawa (CJOH), ON": "",
      "CTV Sci-FiDV": "",
      "CTV Sci-Fi HD": "",
      "CTV Sci-Fi": "",
      "CTV Vancouver, BC DV": "",
      "CTV Vancouver, BC HD": "",
      "CTV Vancouver, BC": "",
      "Deja View": "",
      "Discovery Channel (CAN) DV": "",
      "Discovery Channel (CAN) HD": "",
      "Discovery Channel (CAN)": "",
      "Discovery Science Canada HD": "",
      "Discovery Science Canada": "",
      "Discovery Velocity HD": "",
      "Documentary Channel (Canada) HD": "",
      "Documentary Channel (Canada)": "",
      "Do It Yourself Network (Canada)": "",
      "Dorcel TV (Français)": "",
      "DTOUR - East": "",
      "DTOUR HD": "",
      "DW English": "",
      "E! Canada DV": "",
      "E! Canada HD": "",
      "E! Canada": "",
      "ELLE Fictions HD": "",
      "ELLE Fictions": "",
      "ERT World (Canada)": "",
      "ESPN Classic Canada": "",
      "Evasion HD": "",
      "Evasion": "",
      "EWTN Canada": "",
      "Explora HD": "",
      "Fairchild TV - East (Mandarin)": "",
      "Fairchild TV - East": "",
      "Fairchild TV - Pacific": "",
      "FaithTV": "",
      "Family Channel Canada - East HD": "",
      "Family Channel Canada - East": "",
      "Family Channel Canada - West": "",
      "Family Jr.": "",
      "Fashion Television DV": "",
      "Fashion Television": "",
      "Fight Network Canada": "",
      "Filipino TV": "",
      "FILMY": "",
      "Food Network Canada DV": "",
      "Food Network Canada HD": "",
      "Food Network Canada": "",
      "FOX (KCPQ) Tacoma, WA - Canada": "",
      "FOX (KCPQ) Tacoma, WA HD - Canada": "",
      "Fox News": "",
      "FOX (WFXT) Boston, MA HD": "",
      "FOX (WFXT) Boston, MA": "",
      "FX Networks Canada HD": "",
      "FXX Canada HD": "",
      "Game Show Network - East HD": "",
      "Game Show Network - East": "",
      "Game TV": "",
      "GEO TV": "",
      "Ginx eSports TV Canada HD": "",
      "Ginx eSports TV Canada": "",
      "Global BC DV": "",
      "Global BC HD": "",
      "Global BC": "",
      "Global (CFSK) Saskatoon, SK DV": "",
      "Global (CFSK) Saskatoon, SK": "",
      "Global (CHEX) Peterborough, ON": "",
      "Global (CHEX-TV-2) Durham, ON": "",
      "Global (CICT) Calgary, AB DV": "",
      "Global (CICT) Calgary, AB HD": "",
      "Global (CICT) Calgary, AB": "",
      "Global (CIHF) Dartmouth": "",
      "Global (CIII) Ontario DV": "",
      "Global (CIII) Ontario HD": "",
      "Global (CIII) Ontario": "",
      "Global (CITV) Edmonton, AB": "",
      "Global (CKND) Winnipeg, MB DV": "",
      "Global (CKND) Winnipeg, MB": "",
      "Global (CKWS) Kingston, ON": "",
      "GMA/Pinoy TV": "",
      "Golf Channel Canada HD": "",
      "Golf Channel Canada": "",
      "HBO HD": "",
      "HBO": "",
      "HBO West HD": "",
      "HBO West": "",
      "HGTV Canada DV": "",
      "HGTV Canada HD": "",
      "HGTV Canada": "",
      "HIFI": "",
      "Historia DV": "",
      "Historia HD": "",
      "Historia": "",
      "History 2 Canada": "",
      "History Canada East": "",
      "History Canada HD East": "",
      "History Canada HD West": "",
      "HLN HD": "",
      "HLN": "",
      "HPItv Alpha Numeric": "",
      "HPItv Canada": "",
      "ICI (CBAFT) Moncton, NB HD": "",
      "ICI (CBAFT) Moncton, NB": "",
      "ICI (CBFT) Montreal, QC DV": "",
      "ICI (CBFT) Montreal, QC HD": "",
      "ICI (CBFT) Montreal, QC": "",
      "ICI (CBOFT) Ottawa, ON HD": "",
      "ICI (CBOFT) Ottawa, ON": "",
      "ICI (CBUFT) Vancouver, BC HD": "",
      "ICI (CBUFT) Vancouver, BC": "",
      "ICI (CBVT) Quebec, QC": "",
      "ICI (CBWFT) Winnipeg, MB": "",
      "ICI (CBXFT) Edmonton, AB DV": "",
      "ICI (CBXFT) Edmonton, AB HD": "",
      "ICI (CBXFT) Edmonton, AB": "",
      "ICI (CKSH) Sherbrooke, QC": "",
      "Investigation Discovery Canada HD": "",
      "Investigation Discovery Canada": "",
      "Investigation HD": "",
      "Knowledge Network": "",
      "KTLA Los Angeles, CA HD": "",
      "KTLA Los Angeles, CA": "",
      "La Chaine Disney": "",
      "LCN HD": "",
      "LCN": "",
      "Leafs Nation Network HD": "",
      "Leafs Nation Network": "",
      "Lifetime TV - Canada HD": "",
      "Lifetime TV - Canada": "",
      "Love Nature": "",
      "LS Times": "",
      "Makeful": "",
      "MAX": "",
      "Mega TV": "",
      "Meteo-Media DV": "",
      "Meteo-Media": "",
      "MLB Network Canada HD": "",
      "MLB Network Canada": "",
      "Moi et compagnie": "",
      "Motor Trend HD": "",
      "MovieTime HD": "",
      "MovieTime": "",
      "MSNBC Canada HD": "",
      "MTV 2 Canada": "",
      "MTV Canada": "",
      "Much Music HD": "",
      "Much Music": "",
      "National Geographic Canada HD": "",
      "National Geographic Canada": "",
      "NBA TV Canada": "",
      "NBA TV Canada TV HD": "",
      "NBC (KING) Seattle, WA HD": "",
      "NBC (KING) Seattle, WA": "",
      "NBC (WBTS-LD) Boston, MA HD": "",
      "NBC (WBTS-LD) Boston, MA": "",
      "NFL Network HD": "",
      "NFL Network": "",
      "NFL Red Zone HD": "",
      "NFL Red Zone": "",
      "NHL Center Ice Extra": "",
      "Nickelodeon Canada": "",
      "Odyssey": "",
      "OMNI.1 HD": "",
      "OMNI.1 Television DV": "",
      "OMNI.1 Television": "",
      "OMNI.2 DV": "",
      "OMNI.2 HD": "",
      "OMNI.2": "",
      "OMNI Vancouver HD": "",
      "OMNI Vancouver": "",
      "ONE: GET FIT HD": "",
      "ONE: GET FIT": "",
      "Oprah Winfrey Network Canada HD": "",
      "Oprah Winfrey Network Canada": "",
      "Outdoor Life Network Canada HD": "",
      "Outdoor Life Network Canada": "",
      "OUTtv": "",
      "Paramount Network Canada": "",
      "PBS (KCTS) Seattle, WA DV": "",
      "PBS (KCTS) Seattle, WA HD": "",
      "PBS (KCTS) Seattle, WA": "",
      "PBS (WGBH) Boston, MA DV": "",
      "PBS (WGBH) Boston, MA HD": "",
      "PBS (WGBH) Boston, MA": "",
      "Peachtree TV (Canada) HD": "",
      "Peachtree TV (Canada)": "",
      "Penthouse TV Canada": "",
      "Playboy": "",
      "Prise 2 HD": "",
      "Prise 2": "",
      "PTC Punjabi": "",
      "RAI": "",
      "RDI (News) HD": "",
      "RDI (News)": "",
      "RDS 2 HD": "",
      "RDS 2": "",
      "RDS Info": "",
      "RDS (Réseau des sports)  HD": "",
      "RDS (Réseau des sports)": "",
      "Red Hot TV": "",
      "RT - Russia Today": "",
      "RTVi": "",
      "Salt &amp; Light": "",
      "Savoir Média": "",
      "Series + DV": "",
      "Series + HD": "",
      "Series +": "",
      "Showcase Canada HD": "",
      "Showcase Canada": "",
      "Silver Screen Classics": "",
      "Slice DV": "",
      "Slice HD": "",
      "Slice": "",
      "Smithsonian Channel Canada HD": "",
      "Sportsman Channel Canada": "",
      "Sportsnet 360 HD": "",
      "Sportsnet 360": "",
      "Sportsnet Canucks HD": "",
      "Sportsnet Canucks": "",
      "Sportsnet (East) HD": "",
      "Sportsnet (East) - Satellite/Digital HD": "",
      "Sportsnet (East) - Satellite/Digital": "",
      "Sportsnet One HD": "",
      "Sportsnet (Ontario) HD": "",
      "Sportsnet (Pacific) HD": "",
      "Sportsnet (Pacific) - Satellite/Digital HD": "",
      "Sportsnet (Pacific) - Satellite/Digital": "",
      "Sportsnet (West) HD": "",
      "Sportsnet (West) - Satellite/Digital HD": "",
      "Sportsnet (West) - Satellite/Digital": "",
      "Sportsnet World HD": "",
      "Sportsnet World": "",
      "STARZ1 - East HD": "",
      "STARZ1 - East": "",
      "STARZ2 - East": "",
      "Stingray: Adult Alternative": "",
      "Stingray: Around the World": "",
      "Stingray: Baroque": "",
      "Stingray: Big Band": "",
      "Stingray: Celtic": "",
      "Stingray: Chamber Music": "",
      "Stingray: Chill Lounge": "",
      "Stingray: Classic Rock": "",
      "Stingray: CMT": "",
      "Stingray: Country Classics": "",
      "Stingray: Dance Clubbin'": "",
      "Stingray: Easy Listening": "",
      "Stingray: Eclectic Electronic": "",
      "Stingray: Flashback 70's": "",
      "Stingray: Folk Roots": "",
      "Stingray: Franco Attitude": "",
      "Stingray: Franco Country": "",
      "Stingray: Franco Pop": "",
      "Stingray: Franco Retro": "",
      "Stingray: Hit List": "",
      "Stingray: Holiday Favourites": "",
      "Stingray: Jazz Café": "",
      "Stingray: Jazz Masters / Géants du Jazz": "",
      "Stingray: Jazz Now / Jazz d'aujourd'hui": "",
      "Stingray Juicebox": "",
      "Stingray: Jukebox Oldies": "",
      "Stingray: Latino Tropical": "",
      "Stingray: Masterworks": "",
      "Stingray: Mousses musique": "",
      "Stingray: Nature": "",
      "Stingray: Nostalgie": "",
      "Stingray: Nothin' But 90s": "",
      "Stingray: Opera Plus": "",
      "Stingray: Pop Adult": "",
      "Stingray: Popular Classical / Classique populaire": "",
      "Stingray: Remember the 80s": "",
      "Stingray: Riddim": "",
      "Stingray: Rock Alternative": "",
      "Stingray: Rock": "",
      "Stingray: Soul'n R&amp;B": "",
      "Stingray: Souvenirs": "",
      "Stingray: Swinging Standards": "",
      "Stingray: The Blues": "",
      "Stingray: The Light": "",
      "Stingray: The Spa": "",
      "Stingray: Urban Beat": "",
      "Stingray Vibe": "",
      "Super Channel Fuse DV": "",
      "Super Channel Fuse HD": "",
      "Super Channel Fuse": "",
      "Super Channel Heart &amp; Home   HD": "",
      "Super Channel Heart &amp; Home": "",
      "Super Channel Vault HD": "",
      "Super Channel Vault": "",
      "Super Ecran 2 HD": "",
      "Super Ecran 2": "",
      "Super Ecran 3 HD": "",
      "Super Ecran 3": "",
      "Super Ecran 4": "",
      "Super Ecran HD 1": "",
      "Super Ecran": "",
      "Talentvision": "",
      "TamilVision": "",
      "Telelatino": "",
      "Télémagino": "",
      "Tele-Quebec (CIVM) Montreal HD": "",
      "Tele-Quebec (CIVM) Montreal": "",
      "Teletoon - East DV": "",
      "Teletoon - East HD": "",
      "Teletoon - East": "",
      "TéléTOON - français DV": "",
      "TéléTOON - français": "",
      "Teletoon - West DV": "",
      "Teletoon - West": "",
      "TFO - Chaine Francaise DV": "",
      "TFO - Chaine Francaise HD": "",
      "TFO - Chaine Francaise": "",
      "TLC Canada HD": "",
      "TLC Canada": "",
      "Today's Shopping Choice": "",
      "Travel + Escape": "",
      "Treehouse DV": "",
      "Treehouse HD": "",
      "Treehouse": "",
      "TSN1 HD": "",
      "TSN1": "",
      "TSN2 HD": "",
      "TSN2": "",
      "TSN3 HD": "",
      "TSN3": "",
      "TSN4 HD": "",
      "TSN5 HD": "",
      "Turner Classic Movies Canada HD": "",
      "Turner Classic Movies Canada": "",
      "TV5 International - East": "",
      "TV5 International HD - East": "",
      "TVA (CFCM) Québec": "",
      "TVA (CFER) Rimouski": "",
      "TVA (CFTM) Montreal HD": "",
      "TVA (CFTM) Montréal": "",
      "TVA (CFTM) West Feed": "",
      "TVA (CHEM) Trois-Rivieres": "",
      "TVA (CHOT) Hull": "",
      "TVA (CJPM) Saguenay, QC": "",
      "TVA Sports 2 HD": "",
      "TVA Sports HD": "",
      "TVA Sports": "",
      "TVO (TV Ontario) DV": "",
      "TVO (TV Ontario)": "",
      "TV Polonia": "",
      "Unis - Est": "",
      "Univision Canada": "",
      "V (CFAP) Québec, QC": "",
      "V (CFGS) Gatineau, QC": "",
      "V (CFJP) Montreal, QC": "",
      "V (CFKM) Trois-Rivières, QC": "",
      "V (CFKS) Sherbrooke, QC": "",
      "V (CFRS) Saguenay/Lac St-Jean, QC": "",
      "V (CFTF) Riviere du Loup, QC": "",
      "V (CFVS) Val-d'Or, QC": "",
      "V HD": "",
      "Vision TV DV": "",
      "Vision TV Eastern": "",
      "VRAK DV": "",
      "VRAK HD": "",
      "VRAK": "",
      "Weather Network DV": "",
      "Weather Network": "",
      "WGN Canada HD": "",
      "WGN Canada": "",
      "Wild Pursuit Network": "",
      "WPIX New York (SUPERSTATION) HD": "",
      "WPIX New York (SUPERSTATION)": "",
      "WSBK (TV-38) Boston HD": "",
      "WSBK (TV-38) Boston": "",
      "W (WTN) - East HD": "",
      "W (WTN) - East": "",
      "Yes TV (CITS) Burlington, ON": "",
      "Yoopa HD": "",
      "Yoopa": "",
      "YTV (Youth Television) - East DV": "",
      "YTV (Youth Television) - East HD": "",
      "YTV (Youth Television) - East": "",
      "YTV (Youth Television) - Pacific DV": "",
      "YTV (Youth Television) - Pacific": "",
      "Z DV": "",
      "Zee TV Canada HD": "",
      "Zee TV Canada": "",
      "Zeste HD": "",
      "Zeste": "",
      "Z HD": "",
      "Z": ""
    }
  }
}
