 {
  "channels": {
    "CH": {
		"SRF 1 HD": "SRF1.ch",
		"SRF 2 HD": "SRF2.ch",
		"ProSieben HD": "Pro7.ch",
		"RTL CH HD": "RTL.ch",
		"RTL2 HD": "RTL2.ch",
		"SAT.1 HD": "Sat1.ch",
		"TV24 HD": "TV24.ch",
		"ORF Eins HD": "ORF1.at",
		"ORF 2 HD": "ORF2.at",
	    	"ORF3": "ORF3.at",
		"3+ HD": "3plus.ch",
		"VOX HD": "Vox.ch",
		"TeleZüri HD": "TeleZuri.ch",
		"Teleclub Zoom": "TCZoom.ch",
		"Kabel Eins HD": "Kabel.ch",
		"RTL NITRO HD": "RTLNitro.ch",
		"sixx HD": "Sixx.ch",
		"Das Erste HD": "ARD.de",
		"ZDF HD": "ZDF.de",
		"ARTE DE HD": "ARTE.de",
		"3sat HD": "3sat.de",
		"SUPER RTL HD": "SuperRTL.ch",
		"Puls acht": "Puls8.ch",
		"TV 25 HD": "TV25.ch",
		"4+ HD": "4plus.ch",
		"5+ HD": "5plus.ch",
		"6+ HD": "6plus.ch",
		"Swiss 1 TV": "Swiss1.ch",
		"MTV CH HD": "MTV.ch",
		"Kika HD": "Kika.de",
		"Nick Schweiz": "Nickelodeon.ch",
		"TLC Germany": "TLC.de",
		"DMAX": "DMax.ch",
		"Eurosport": "Eurosport1.de",
		"Sport1": "Sport1HD.de",
		"WELT": "WELT.de",
		"QS24": "QS24.ch",
		"n-tv HD": "ntv.ch",
		"SRF info HD": "SRFinfo.ch",
		"euronews DE": "Euronews.nws",
		"S1TV HD": "S1.ch",
		"Star TV": "StarTV.ch",
		"TELE TOP ZH": "TeleTop.ch",
		"TeleBärn": "TeleBaern.ch",
		"Telebasel": "TeleBasel.ch",
		"Wetter TV": "Wetterfernsehen.ch",
		"Kanal 9": "Kanal9.ch",
		"Phoenix HD": "phoenix.de",
		"Servus HD": "ServusHD.de",
		"ZDF Neo HD": "ZDFneo.de",
		"SWR HD": "SWR.de",
		"Disney Channel": "disneychannel.de",
		"Sat.1 Gold": "Sat1Gold.de",
		"Bayrischer Rundfunk": "BR.de",
		"TeleBielingue": "TeleBielingue.ch",
		"WDR HD": "WDR.de",
		"RIC": "RiC.de",
		"Deluxe Music TV": "DeLuxeMusic.de",
		"Tele 5": "Tele5.de",
		"Anixe HD": "AnixeHD.de",
		"ZDF Info HD": "ZDFinfo.de",
		"NDR HD": "ndr.de",
		"ARD-alpha": "ARD-alpha.de",
		"Tele 1 HD": "Tele1.ch",
		"Tele M1 HD": "TeleM1.ch",
		"Tele Ostschweiz HD": "TVO.ch",
		"TV Südostschweiz HD": "TSO.ch",
		"Comedy Central": "ComedyCentral/VIVA.ch",
		"MDR": "MDRS-Anhalt.de",
		"ProSieben MAXX": "ProSiebenMaxx.ch",
		"RTS UN HD": "RTSUn.ch",
		"RTS DEUX HD": "RTSDeux.ch",
		"M6 HD CH": "M6.fr",
		"TF1 HD": "TF1.fr",
		"France 2 HD": "France2.fr",
		"France 3": "France3.fr",
		"France 4": "France4.fr",
		"France 5": "France5.fr",
		"France O": "FranceO.fr",
		"6ter HD": "6ter.fr",
		"Rouge TV": "RougeTV.ch",
		"TV5Monde": "TV5MondeFBS.fr",
		"Léman bleu": "LemanBleu.ch",
		"ARTE FR HD": "ARTE.fr",
		"L'equipe 21": "EquipeTV.fr",
		"TVM3": "TVM3.ch",
		"Chérie HD": "Cherie25.fr",
		"RMC Story": "Numero23.fr",
		"RMC Découverte HD": "RMCdecouverte.fr",
		"TF1 Séries Films": "TF1SeriesFilms.fr",
		"RSI La 1 HD": "RSILa1.ch",
		"RSI La 2 HD": "RSILa2.ch",
		"TeleTicino": "TeleTicino.ch",
		"CNN International": "CNN.nws",
		"BBC News HD": "BBCNews.nws",
		"BBC World News": "BBCWorldNews.nws",
		"E4": "E4.uk",
		"Channel 4 HD": "Channel4.uk",
		"BFM TV": "BFMTV.fr",
		"NRJ12": "NRJ12.fr",
		"TFX": "TFX.fr",
		"TMC": "TMC.fr",
		"W9 CH": "W9.fr",
		"Gulli": "Gulli.fr",
		"Euronews FR": "EuronewsFR.nws",
		"France 24": "France24fr.fr",
		"Rai 1 HD": "Rai1.it",
		"Rai 2": "Rai2.it",
		"Rai 3": "Rai3.it",
		"Rai Sport 1": "RaiSport.it",
		"Rai Sport 2": "RaiSportPlus.it",
		"Rai News": "RaiNews.it",
		"Rai Gulp": "RaiGulp.it",
		"La7": "La7.it",
		"iTV HD": "ITV1London.uk",
		"iTV 2": "ITV2.uk",
		"iTV 3": "ITV3.uk",
		"ITV 4": "ITV4.uk",
		"ITVBe": "ITVBe.uk",
		"More 4": "More4.uk",
		"Channel 5": "Channel5.uk",
		"Al Jazeera English": "AlJazeera.nws",
		"Bloomberg TV": "Bloomberg.nws",
		"CNBC": "CNBC.nws",
		"BBC One HD": "BBC1London.uk",
		"BBC Two HD": "BBC2.uk",
		"TVE Int.": "TVE.es",
		"Record TV": "tvrecord.pt",
		"RTP Internacional": "RTPi.pt",
		"Film 4": "Film4.uk",
		"Cielo": "Cielo.it",
		"Canale 5 HD": "Canale5.it",
		"Euronews IT": "EuronewsIT.nws",
		"Rete4 HD": "Rete4.it",
		"RTL 102.5 TV": "RTL102.5TV.it",
		"TV 8": "Tv8.it",
		"Euronews EN": "Euronews.nws",
		"Canal Alpha NE HD": "CanalAlpha.ch",
		"Italia 1 HD": "Italia1.it",
		"la télé": "LaTele.ch",
		"BBC three": "CBBC.uk",
		"C8": "C8.ch",
		"20 Mediaset": "20Mediaset.it",
		"24H": "Canal24Horas.es",
		"4Seven": "4Seven.uk",
		"5SELECT": "5Select.uk",
		"5Spike": "5Spike.uk",
		"5USA": "FiveUSA.uk",
		"Alice": "Alice.it",
		"BBC Arabic": "BBCArabic.uk",
		"BBC Four": "BBC4.uk",
		"BBC Parliament": "BBCParliament.uk",
		"beCuriousTV": "BeCuriousTV.ch",
		"Bibel TV": "BibelTV.de",
		"Boing": "Boing.ir",
		"Booster TV": "BoosterTV.ch",
		"Box Upfront": "BoxUpfront.uk",
		"BVN": "BVN.be",
		"Canal9": "Canal9.ch",
		"Canale Italia": "CanaleItalia.it",
		"Cartoonito": "Cartoonito.it",
		"CBeebies": "CBeebies.uk",
		"Challenge": "Challenge.uk",
		"Channel 55": "Channel55.ch",
		"Chart Show TV": "ChartShowTV.uk",
		"Class TV Moda": "ClassTVModa.it",
		"Clubland TV": "ClublandTV.uk",
		"CNEWS": "CNews.fr",
		"CNN Money Switzerland": "CNNMoney.ch",
		"CNN Türk": "CNN.tr",
		"CSTAR": "CStar.fr",
		"Dave": "Dave.uk",
		"Der Aktionär TV": "DAF.de",
		"Deutsche Welle": "DeutscheWelleDE.de",
		"Deutsche Welle English": "DeutscheWelleEN.de",
		"Deutsche Welle Arabic": "DeutscheWelleAR.de",
		"Deutsche Welle Spanish": "DeutscheWelleES.de",
		"Deutsches Musik Fernsehen": "DeutschesMusikFernsehen.de",
		"DMAX Italia": "DMAX.it",
		"Drama": "Drama.uk",
		"Dream Türk": "DreamTurk.tr",
		"eoTV": "eoTV.de",
		"Euro D": "EuroD.bg",
		"Euro Star": "EUROSTAR.il",
		"Fashion TV": "FashionTV.eu",
		"Focus": "Focus.it",
		"Food Network": "FoodNetwork.uk",
		"France 24 EN": "France24.fr",
		"France Info": "Franceinfo.fr",
		"FreeSports": "FreeSports.uk",
		"Frisbee": "Frisbee.it",
		"Giallo": "Giallo.it",
		"GOD Channel": "The God Channel",
		"GoTV": "go.tv",
		"Haber Turk": "31.HaberTURK.digiturk.com.tr",
		"Halk TV": "HalkTV.tr",
		"Health.tv": "HealthTV.de",
		"HR": "HR.de",
		"HSE 24": "HSE24.de",
		"HSE24 Extra": "HSE24Extra.de",
		"HSE24 Trend": "HSE24Trend.de",
		"i24NEWS EN": "i24News.en.nws",
		"i24NEWS FR": "i24News.fr",
		"Iris": "Iris.it",
		"Italia 2": "Italia2.it",
		"K-TV": "KTV.de",
		"K2": "K2.it",
		"Kabel 1 Doku": "KabelEinsDoku.de",
		"Kanal 7 Avrupa": "Kanal7.tr",
		"Kiss TV": "KissTV.uk",
		"KTO": "KTO.fr",
		"KuriakosTV": "KURIAKOSTV.pt",
		"La 7 d": "La7d.it",
		"La5": "LA5.it",
		"LCI": "LCI.fr",
		"Marcopolo": "Marcopolo.it",
		"N24 Doku": "N24Doku.de",
		"NASA TV": "NASA.us",
		"NETVIET": "NetViet.vn",
		"NOVE": "Nove.it",
		"Now 90s": "ChilledTV.uk",
		"ONE": "One.de",
		"Paramount Channel Italy": "ParamountChannel.it",
		"Paramount Network": "ParamountNetwork.uk",
		"PBS America": "PBS.uk",
		"Pick": "PickTV.uk",
		"Power Turk TV": "PowerTurk.tr",
		"R9 Österreich": "R9Osterreich.at",
		"Radio Bremen TV": "RadioBremen.de",
		"Rai 4": "Rai4.it",
		"Rai 5": "Rai5.it",
		"Rai Movie": "RaiMovie.it",
		"Rai Premium": "RaiPremium.it",
		"Rai Scuola": "RaiScuola.it",
		"Rai Storia": "RaiStoria.it",
		"Rai Yoyo": "RaiYoyo.it",
		"rbb Berlin": "rbbBerlin.de",
		"Real Time": "RealTime.it",
		"Record News": "RecordNews.pt",
		"Rocket Beans TV": "RocketBeansTV.de",
		"RT Doc": "RTDocumentary.pl",
		"RTLplus": "RTLPlus.de",
		"RTP 3": "RTP3.pt",
		"S4C": "S4C.uk",
		"Show Turk": "15.Show TV.digiturk.com.tr",
		"Sky News": "SkyNews.uk",
		"Sky TG24": "SkyTG24.it",
		"Sky Sport News": "SkySportNewsHD.de",
		"SONLife": "Sonlife.uk",
		"Spike Italia": "Spike.it",
		"SR Fernsehen": "SRFernsehen.de",
		"Super!": "Super!.it",
		"tagesschau24": "tagesschau24.de",
		"Telepace": "Telepace.it",
		"TOGGO plus": "TOGGOplus.de",
		"Travel Channel": "TravelChannel.uk",
		"TV 8 int": "TV8.tr",
		"UniNettuno University TV": "UNINETTUNOUniversityTV.it",
		"VISIT-X.tv": "VisitX.de",
		"Welt der Wunder": "WeltDerWunder.de",
		"Yesterday": "Yesterday.uk",
		"Zee.One": "ZeeOne.de",
		"Teleclub Zoom FR": "TCZoomFR.ch",
		"Mediaset Extra": "CineSonyItalia.it",
		"VOXup": "VOXup.de",
		"HGTV": "HGTV.de",
	    	"one": "OneTV.ch",
      		"lfm tv": "LFMTV.ch",
	    
	    	"SRF 1": "SRF1.ch",
		"SRF 2": "SRF2.ch",
		"ProSieben": "Pro7.ch",
		"RTL CH": "RTL.ch",
		"RTL2": "RTL2.ch",
		"SAT.1": "Sat1.ch",
		"TV24": "TV24.ch",
		"ORF Eins": "ORF1.at",
		"ORF 2": "ORF2.at",
		"3+": "3plus.ch",
		"VOX": "Vox.ch",
		"TeleZüri": "TeleZuri.ch",
		"Kabel Eins": "Kabel.ch",
		"RTL NITRO": "RTLNitro.ch",
		"sixx": "Sixx.ch",
		"Das Erste": "ARD.de",
		"ZDF": "ZDF.de",
		"ARTE DE": "ARTE.de",
		"3sat": "3sat.de",
		"SUPER RTL": "SuperRTL.ch",
		"TV 25": "TV25.ch",
		"4+": "4plus.ch",
		"5+": "5plus.ch",
		"6+": "6plus.ch",
		"MTV CH": "MTV.ch",
		"Kika": "Kika.de",
		"n-tv": "ntv.ch",
		"SRF info": "SRFinfo.ch",
		"S1TV": "S1.ch",
		"Phoenix": "phoenix.de",
		"Servus": "ServusHD.de",
		"ZDF Neo": "ZDFneo.de",
		"SWR": "SWR.de",
		"WDR": "WDR.de",
		"Anixe": "AnixeHD.de",
		"ZDF Info": "ZDFinfo.de",
		"NDR": "ndr.de",
		"Tele 1": "Tele1.ch",
		"Tele M1": "TeleM1.ch",
		"Tele Ostschweiz": "TVO.ch",
		"TV Südostschweiz": "TSO.ch",
		"RTS UN": "RTSUn.ch",
		"RTS DEUX": "RTSDeux.ch",
		"TF1": "TF1.fr",
		"France 2": "France2.fr",
		"6ter": "6ter.fr",
		"ARTE FR": "ARTE.fr",
		"Chérie": "Cherie25.fr",
		"RMC Découverte": "RMCdecouverte.fr",
		"RSI La 1": "RSILa1.ch",
		"RSI La 2": "RSILa2.ch",
		"BBC News": "BBCNews.nws",
		"Channel 4": "Channel4.uk",
		"Rai 1": "Rai1.it",
		"iTV": "ITV1London.uk",
		"BBC One": "BBC1London.uk",
		"BBC Two": "BBC2.uk",
		"Canale 5": "Canale5.it",
		"Rete4": "Rete4.it",
		"Canal Alpha NE": "CanalAlpha.ch",
		"Italia 1": "Italia1.it"
		}
	}
}
