{
  "categories": {
    "DE": {
      "Abenteuerfilm": "Adventure / Western / War",
      "Abenteuerkomödie": "Adventure / Western / War",
      "Abenteuerserie": "Adventure / Western / War",
      "Abenteuer und Action": "Adventure / Western / War",
      "Action": "Adventure / Western / War",
      "Action, Comedy": "Adventure / Western / War",
      "Actionfilm": "Adventure / Western / War",
      "Actionkomödie": "Adventure / Western / War",
      "Actionserie": "Adventure / Western / War",
      "Adventure": "Adventure / Western / War",
      "Adventure, Comedy": "Adventure / Western / War",
      "Adventure, Fantasy": "Adventure / Western / War",
      "Adventure Gameshow": "Adventure / Western / War",
      "Agentenfilm": "Detective / Thriller",
      "Alpinismus": "Tourism / Travel",
      "Animationsfilm": "Cartoons / Puppets",
      "Animationsserie": "Cartoons / Puppets",
      "Animefilm": "Cartoons / Puppets",
      "Animeserie": "Cartoons / Puppets",
      "Anwaltsserie": "Detective / Thriller",
      "Architektur": "Technology / Natural sciences",
      "Archäologie": "Technology / Natural sciences",
      "Arztreihe": "Medicine / Physiology / Psychology",
      "Arztserie": "Soap / Melodrama / Folkloric",
      "Astronomie": "Technology / Natural sciences",
      "Auslandsreportage": "Magazines / Reports / Documentary",
      "Autos & Vehicles": "Motoring",
      "Autosport": "Motor sport",
      "Basketball": "Sports",
      "Beruf und Bildung": "Education / Science / Factual topics",
      "Biografie": "Documentary",
      "Boulevardmagazin": "Magazines / Reports / Documentary",
      "Boxen": "Sports",
      "Brauchtum": "Magazines / Reports / Documentary",
      "Castingshow": "Game show / Quiz / Contest",
      "Chemie": "Education / Science / Factual topics",
      "Classic Comic, Action, Comedy": "Cartoons / Puppets",
      "Clipshow": "Show / Game show",
      "Comedy": "Comedy",
      "Comedyserie": "Comedy",
      "Comedyshow": "Comedy",
      "Computer und Informatik": "Education / Science / Factual topics",
      "Countrymusik": "Music / Ballet / Dance",
      "Daily Soap": "Soap / Melodrama / Folkloric",
      "Darts": "Sports",
      "Dateshow": "Show / Game show",
      "Detectives": "Detective / Thriller",
      "Deutsch": "Languages",
      "Diskussion": "Discussion / Interview / Debate",
      "Documentary series/Society": "Documentary",
      "Dokudrama": "Documentary",
      "Dokumentarfilm": "Documentary",
      "Dokumentation": "Documentary",
      "Doku-Reihe": "Documentary",
      "Doku-Soap": "Documentary",
      "Drama": "Movie / Drama",
      "Drogen": "Medicine / Physiology / Psychology",
      "Edutainment": "Game show / Quiz / Contest",
      "Edutainment, Comedy": "Game show / Quiz / Contest",
      "Eishockey": "Sports",
      "Englisch": "Languages",
      "Entertainment": "Show / Game show",
      "Episodenfilm": "Movie / Drama",
      "Erotik": "Adult movie / Drama",
      "Erotikfilm": "Adult movie / Drama",
      "Erotikkomödie": "Adult movie / Drama",
      "Erwachsenenbildung": "Education / Science / Factual topics",
      "Esoterik": "Fitness and health",
      "Essen und Trinken": "Cooking",
      "Europa": "Languages",
      "Familienfilm": "Movie / Drama",
      "Familienreihe": "Soap / Melodrama / Folkloric",
      "Familienserie": "Soap / Melodrama / Folkloric",
      "Familie und Erziehung": "Soap / Melodrama / Folkloric",
      "Fantasy": "Science fiction / Fantasy / Horror",
      "Fantasy, Action": "Science fiction / Fantasy / Horror",
      "Fantasy, Adventure": "Science fiction / Fantasy / Horror",
      "Fantasy, Comedy": "Science fiction / Fantasy / Horror",
      "Fantasyfilm": "Science fiction / Fantasy / Horror",
      "Fantasyserie": "Science fiction / Fantasy / Horror",
      "Film/Kino/TV": "Movie / Drama",
      "Film und Theater": "Movie / Drama",
      "Fitness": "Fitness and health",
      "Formel 1": "Motor sport",
      "Französisch": "Languages",
      "Frauenmagazin": "Magazines / Reports / Documentary",
      "Freizeit und Hobby": "Leisure hobbies",
      "Fußball": "Football / Soccer",
      "Fun-Sport": "Sports",
      "Gaming": "Show / Game show",
      "Geistliche Musik": "Music / Ballet / Dance",
      "Geografie": "Nature / Animals / Environment",
      "Gerichtsserie": "Soap / Melodrama / Folkloric",
      "Geschichte": "Education / Science / Factual topics",
      "Gesellschaftskomödie": "Comedy",
      "Gesellschaft und Politik": "Social / Political issues / Economics",
      "Gesellschaft und Soziales": "Social / Political issues / Economics",
      "Gespräch": "Discussion / Interview / Debate",
      "Gesundheit": "Fitness and health",
      "Gewinnshow": "Game show / Quiz / Contest",
      "Golf": "Sports",
      "Gottesdienst": "Religion",
      "Gute-Nacht-Geschichte": "Movie / Drama",
      "Gymnastik": "Fitness and health",
      "Handball": "Team sports (excluding football)",
      "Haus/Bauen/Wohnen": "Handicraft",
      "Heimatfilm": "Soap / Melodrama / Folkloric",
      "Heimatkomödie": "Comedy",
      "Highlights / Neu": "Further education",
      "Historienserie": "Serious / Classical / Religious / Historical movie / Drama",
      "Horrorfilm": "Science fiction / Fantasy / Horror",
      "Horrorserie": "Science fiction / Fantasy / Horror",
      "Humanima": "Fitness and health",
      "Infomagazin": "Magazines / Reports / Documentary",
      "Infotainment": "Magazines / Reports / Documentary",
      "Italienisch": "Languages",
      "Italowestern": "Adventure / Western / War",
      "Jazz": "Jazz",
      "Jugendfilm": "Children's / Youth programs",
      "Jugendserie": "Children's / Youth programs",
      "Kabarettshow": "Serious music / Classical music",
      "Kamerafahrt": "Tourism / Travel",
      "Karate": "Martial Sports",
      "Kickboxen": "Martial Sports",
      "Kids / Animation": "Cartoons / Puppets",
      "Kindergeschichte": "Children's / Youth programs",
      "Kindermagazin": "Informational / Educational / School programs",
      "Kindernachrichten": "Informational / Educational / School programs",
      "Kinderquiz": "Children's / Youth programs",
      "Kindersendung": "Children's / Youth programs",
      "Kinderserie": "Children's / Youth programs",
      "Kinder-Unterhaltung": "Children's / Youth programs",
      "Kinomagazin": "Magazines / Reports / Documentary",
      "Kirche und Religion": "Religion",
      "Klassische Musik": "Serious music / Classical music",
      "Künstlerinnenporträt": "Arts magazines / Culture magazines",
      "Künstlerporträt": "Leisure hobbies",
      "Kochen & Lifestyle": "Cooking",
      "Kochshow": "Cooking",
      "Komödie": "Comedy",
      "Konsumentenmagazin": "Magazines / Reports / Documentary",
      "Konzert": "Music / Ballet / Dance",
      "Krankenhausserie": "Soap / Melodrama / Folkloric",
      "Krimikomödie": "Detective / Thriller",
      "Kriminalfilm": "Detective / Thriller",
      "Krimireihe": "Detective / Thriller",
      "Krimiserie": "Detective / Thriller",
      "Kunst und Kultur": "Arts / Culture (without music)",
      "Kurzfilm": "Movie / Drama",
      "Landschaftsbild": "Nature / Animals / Environment",
      "Land und Leute": "Nature / Animals / Environment",
      "Leichte Musik": "Music / Ballet / Dance",
      "Liebesdrama": "Romance",
      "Liebesfilm": "Romance",
      "Liebesgeschichte": "Romance",
      "Liebeskomödie": "Comedy",
      "Liebesmelodram": "Romance",
      "Lieder und Chanson": "Music / Ballet / Dance",
      "Lifestyle": "Arts / Culture (without music)",
      "Literatur": "Literature",
      "Lottoziehung": "Show / Game show",
      "Love Storie": "Romance",
      "Love Stories": "Romance",
      "Luftverkehr": "Technology / Natural sciences",
      "Lustspiel": "Comedy",
      "Magazin": "Magazines / Reports / Documentary",
      "Magazine/Nature": "Magazines / Reports / Documentary",
      "Magazine/Political drama": "Economics / Social advisory",
      "Malerei": "Arts / Culture (without music)",
      "Mathematik": "Technology / Natural sciences",
      "Medien": "Magazines / Reports / Documentary",
      "Melodram": "Soap / Melodrama / Folkloric",
      "Menschen": "Social / Political issues / Economics",
      "Menschen Wissenschaft": "Social / Political issues / Economics",
      "Militär": "Magazines / Reports / Documentary",
      "MMA": "Arts / Culture (without music)",
      "Mode": "Fashion",
      "Monumentalfilm": "Movie / Drama",
      "Motorradsport": "Motor sport",
      "Motorsport": "Motor sport",
      "Märchen": "Children's / Youth programs",
      "Märchenfilm": "Children's / Youth programs",
      "Musik": "Music / Ballet / Dance",
      "Musik-Clips": "Music / Ballet / Dance",
      "Musikerporträt": "Music / Ballet / Dance",
      "Musikfilm": "Music / Ballet / Dance",
      "Musikmagazin": "Music / Ballet / Dance",
      "Musikshow": "Music / Ballet / Dance",
      "Mysteries of the deep": "Nature / Animals / Environment",
      "Mysteryserie": "Science fiction / Fantasy / Horror",
      "Nachrichten": "News / Current affairs",
      "Nascar": "Motor sport",
      "Natur und Umwelt": "Nature / Animals / Environment",
      "Operette": "Musical / Opera",
      "Pflanzen": "Nature / Animals / Environment",
      "Phantastische Tierwelt": "Nature / Animals / Environment",
      "Philosophie": "Medicine / Physiology / Psychology",
      "Physik": "Technology / Natural sciences",
      "Politik": "Social / Political issues / Economics",
      "Porträt": "Leisure hobbies",
      "Programm nach Ansage": "Undefined content",
      "Programmvorschau": "Undefined content",
      "Psychodrama": "Movie / Drama",
      "Psychologie": "Medicine / Physiology / Psychology",
      "Psychothriller": "Detective / Thriller",
      "Puppentrickserie": "Cartoons / Puppets",
      "Quizshow": "Game show / Quiz / Contest",
      "Ralley": "Motor sport",
      "Rankingshow": "Game show / Quiz / Contest",
      "Ratespiel": "Show / Game show",
      "Ratgeber": "Further education",
      "Reality-Soap": "Soap / Melodrama / Folkloric",
      "Recht und Kriminalität": "Social / Political issues / Economics",
      "Regionalmagazin": "Magazines / Reports / Documentary",
      "Reisen": "Tourism / Travel",
      "Reisen / Tierwelt": "Tourism / Travel",
      "Reportage": "Magazines / Reports / Documentary",
      "Reportagereihe": "Magazines / Reports / Documentary",
      "Revuefilm": "Movie / Drama",
      "Roadmovie": "Movie / Drama",
      "Rock und Pop": "Rock / Pop",
      "Romantik": "Romance",
      "Romanze": "Romance",
      "Russisch": "Languages",
      "Satireshow": "Comedy",
      "Schauspiel": "Performing arts",
      "Schiffs-Reihe": "Magazines / Reports / Documentary",
      "Schlager": "Folk / Traditional music",
      "Schulfernsehen": "Informational / Educational / School programs",
      "Science and Technology": "Technology / Natural sciences",
      "Science-Fiction-Film": "Science fiction / Fantasy / Horror",
      "Science-Fiction-Serie": "Science fiction / Fantasy / Horror",
      "SCI-Fiction": "Science fiction / Fantasy / Horror",
      "SCI-Fiction, Adventure": "Science fiction / Fantasy / Horror",
      "Sexualität": "Magazines / Reports / Documentary",
      "Show": "Show / Game show",
      "Sitcom": "Soap / Melodrama / Folkloric",
      "Sketch": "Comedy",
      "Spanisch": "Languages",
      "Spielshow": "Game show / Quiz / Contest",
      "Sport": "Sports",
      "Sportdrama": "Sports",
      "Sportnews": "Sports magazines",
      "Sports reality": "Sports magazines",
      "Staatsskunde": "Foreign countries / Expeditions",
      "Stadtbild": "Foreign countries / Expeditions",
      "Talkshow": "Talk show",
      "Talk und Musik": "Music / Ballet / Dance",
      "Technik": "Technology / Natural sciences",
      "Telenovela": "Soap / Melodrama / Folkloric",
      "Thriller": "Detective / Thriller",
      "Thriller-Serie": "Detective / Thriller",
      "Tierarztserie": "Medicine / Physiology / Psychology",
      "Tiere": "Nature / Animals / Environment",
      "Tourismus": "Tourism / Travel",
      "Tragikomödie": "Comedy",
      "Travel and Adventure": "Tourism / Travel",
      "Truck Racing": "Motor sport",
      "TV-Abenteuerfilm": "Adventure / Western / War",
      "TV-Actionfilm": "Adventure / Western / War",
      "TV-Biografie": "Performing arts",
      "TV-Dokudrama": "Documentary",
      "TV-Drama": "Movie / Drama",
      "TV-Familienfilm": "Movie / Drama",
      "TV-Heimatfilm": "Movie / Drama",
      "TV-Historienfilm": "Serious / Classical / Religious / Historical movie / Drama",
      "TV-Katastrophenfilm": "Movie / Drama",
      "TV-Komödie": "Comedy",
      "TV-Kriminalfilm": "Detective / Thriller",
      "TV-Liebesdrama": "Romance",
      "TV-Liebesfilm": "Romance",
      "TV-Liebeskomödie": "Romance",
      "TV-Liebesmelodram": "Romance",
      "TV-Melodram": "Soap / Melodrama / Folkloric",
      "TV-Märchenfilm": "Children's / Youth programs",
      "TV-Romanze": "Romance",
      "TV-Thriller": "Detective / Thriller",
      "Universum": "Technology / Natural sciences",
      "Unkategorisiert": "Undefined content",
      "Unterhaltung": "Game show / Quiz / Contest",
      "Verkehr": "Motoring",
      "Versteckte Kamera": "Comedy",
      "Volksmusik": "Folk / Traditional music",
      "Volksstück": "Folk / Traditional music",
      "Volkstümliche Unterhaltung": "Show / Game show",
      "Volleyball": "Team sports (excluding football)",
      "Wasserball": "Water sport",
      "Wassersport": "Water sport",
      "Werbesendung": "Advertisement / Shopping",
      "Werbung": "Advertisement / Shopping",
      "Western": "Adventure / Western / War",
      "Westernkomödie": "Adventure / Western / War",
      "Westernserie": "Adventure / Western / War",
      "Wetterbericht": "News / Weather report",
      "Wirtschaft": "Economics / Social advisory",
      "Wirtschaft und Konsum": "Economics / Social advisory",
      "Wissenschaft": "Technology / Natural sciences",
      "Wohnen": "Gardening",
      "Wrestling": "Martial Sports",
      "Zeichentrick": "Cartoons / Puppets",
      "Zeichentrickserie": "Cartoons / Puppets",
      "Zeitgenössische Musik": "Music / Ballet / Dance",
      "Zeitgeschehen": "Documentary",
      "Zeitgeschichte": "Documentary",
      "Zoo-Doku": "Documentary"
    }
  }
}
