{"channellist": [{"contentId":"90494","name": "1-2-3.tv","lang": "DE","pictures": [{"href": "https://ondemo.tmsimg.com/assets/s90494_ll_h15_ab.png?w=180&h=135"}]},{"contentId":"83544","name": "13th Street","lang": "DE","pictures": [{"href": "https://ondemo.tmsimg.com/assets/s83544_ll_h15_ab.png?w=180&h=135"}]},{"contentId":"83657","name": "Sat.1 NRW","lang": "DE","pictures": [{"href": "https://ondemo.tmsimg.com/assets/s83657_ll_h15_aa.png?w=180&h=135"}]},{"contentId":"66621","name": "3sat","lang": "DE","pictures": [{"href": "https://ondemo.tmsimg.com/assets/s66621_ll_h15_ac.png?w=180&h=135"}]},{"contentId":"49968","name": "Al Jazeera English","lang": "EN-GB","pictures": [{"href": "https://ondemo.tmsimg.com/assets/s49968_ll_h15_ac.png?w=180&h=135"}]},{"contentId":"84044","name": "ANIXE+","lang": "DE","pictures": [{"href": "https://ondemo.tmsimg.com/assets/s84044_ll_h15_ab.png?w=180&h=135"}]},{"contentId":"67145","name": "ANIXE","lang": "DE","pictures": [{"href": "https://ondemo.tmsimg.com/assets/s67145_ll_h15_ac.png?w=180&h=135"}]},{"contentId":"86951","name": "Aragon TV","lang": "ES-ES","pictures": [{"href": "https://ondemo.tmsimg.com/assets/s86951_ll_h9_ab.png?w=180&h=135"}]},{"contentId":"110440","name": "ARD-alpha","lang": "DE","pictures": [{"href": "https://ondemo.tmsimg.com/assets/s110440_ll_h15_ac.png?w=180&h=135"}]},{"contentId":"90447","name": "Das Erste","lang": "DE","pictures": [{"href": "https://ondemo.tmsimg.com/assets/s90447_ll_h15_ab.png?w=180&h=135"}]},{"contentId":"119081","name": "Arirang TV","lang": "EN-GB","pictures": [{"href": "https://ondemo.tmsimg.com/assets/s119081_ll_h15_aa.png?w=180&h=135"}]},{"contentId":"113311","name": "Aristo.TV","lang": "DE","pictures": [{"href": ""}]},{"contentId":"87847","name": "ARTE","lang": "DE","pictures": [{"href": "https://ondemo.tmsimg.com/assets/s87847_ll_h15_ac.png?w=180&h=135"}]},{"contentId":"119764","name": "UHD1 by ASTRA UHD","lang": "DE","pictures": [{"href": ""}]},{"contentId":"101672","name": "ATV II","lang": "DE","pictures": [{"href": "https://ondemo.tmsimg.com/assets/s101672_ll_h15_aa.png?w=180&h=135"}]},{"contentId":"88733","name": "ATV","lang": "DE","pictures": [{"href": "https://ondemo.tmsimg.com/assets/s88733_ll_h15_ac.png?w=180&h=135"}]},{"contentId":"83656","name": "Sat.1 Bayern","lang": "DE","pictures": [{"href": "https://ondemo.tmsimg.com/assets/s83656_ll_h9_ab.png?w=180&h=135"}]},{"contentId":"36844","name": "BBC News","lang": "EN","pictures": [{"href": "https://ondemo.tmsimg.com/assets/s36844_ll_h15_ad.png?w=180&h=135"}]},{"contentId":"83558","name": "Bayerisches Fernsehen Süd","lang": "DE","pictures": [{"href": "https://ondemo.tmsimg.com/assets/s83558_ll_h15_ad.png?w=180&h=135"}]},{"contentId":"90442","name": "Bibel TV","lang": "DE","pictures": [{"href": "https://ondemo.tmsimg.com/assets/s90442_ll_h9_ab.png?w=180&h=135"}]},{"contentId":"103002","name": "Bloomberg","lang": "EN-GB","pictures": [{"href": "https://ondemo.tmsimg.com/assets/s103002_ll_h15_aa.png?w=180&h=135"}]},{"contentId":"90624","name": "BR Fernsehen Nord","lang": "DE","pictures": [{"href": "https://ondemo.tmsimg.com/assets/s90624_ll_h15_ac.png?w=180&h=135"}]},{"contentId":"90623","name": "BR Fernsehen Süd","lang": "DE","pictures": [{"href": "https://ondemo.tmsimg.com/assets/s90623_ll_h15_ab.png?w=180&h=135"}]},{"contentId":"110037","name": "BEATE-UHSE.TV","lang": "DE","pictures": [{"href": "https://ondemo.tmsimg.com/assets/s110037_ll_h15_aa.png?w=180&h=135"}]},{"contentId":"100667","name": "BVN","lang": "NL","pictures": [{"href": "https://ondemo.tmsimg.com/assets/s100667_ll_h15_ae.png?w=180&h=135"}]},{"contentId":"83741","name": "Cartoonito","lang": "DE","pictures": [{"href": "https://ondemo.tmsimg.com/assets/s83741_ll_h15_ab.png?w=180&h=135"}]},{"contentId":"113656","name": "CGTN Documentary","lang": "EN","pictures": [{"href": "https://ondemo.tmsimg.com/assets/s113656_ll_h9_aa.png?w=180&h=135"}]},{"contentId":"116702","name": "CGTN","lang": "EN-GB","pictures": [{"href": "https://ondemo.tmsimg.com/assets/s116702_ll_h15_ac.png?w=180&h=135"}]},{"contentId":"123379","name": "CGTN Français","lang": "FR-CA","pictures": [{"href": "https://ondemo.tmsimg.com/assets/s123379_ll_h15_aa.png?w=180&h=135"}]},{"contentId":"106914","name": "Channel 21","lang": "DE","pictures": [{"href": "https://ondemo.tmsimg.com/assets/s106914_ll_h15_ab.png?w=180&h=135"}]},{"contentId":"83565","name": "Channel21","lang": "DE","pictures": [{"href": "https://ondemo.tmsimg.com/assets/s83565_ll_h15_ab.png?w=180&h=135"}]},{"contentId":"90284","name": "Crime+Investigation","lang": "DE","pictures": [{"href": "https://ondemo.tmsimg.com/assets/s90284_ll_h15_ac.png?w=180&h=135"}]},{"contentId":"122526","name": "Clip my horse","lang": "DE","pictures": [{"href": "https://ondemo.tmsimg.com/assets/s122526_ll_h15_ab.png?w=180&h=135"}]},{"contentId":"113145","name": "CNBC","lang": "EN-GB","pictures": [{"href": "https://ondemo.tmsimg.com/assets/s113145_ll_h15_ab.png?w=180&h=135"}]},{"contentId":"83564","name": "Cartoon Network","lang": "DE","pictures": [{"href": "https://ondemo.tmsimg.com/assets/s83564_ll_h15_ab.png?w=180&h=135"}]},{"contentId":"17664","name": "CNN International","lang": "EN","pictures": [{"href": "https://ondemo.tmsimg.com/assets/s17664_ll_h15_ab.png?w=180&h=135"}]},{"contentId":"84034","name": "Comedy Central (Austria)","lang": "DE","pictures": [{"href": "https://ondemo.tmsimg.com/assets/s84034_ll_h15_ab.png?w=180&h=135"}]},{"contentId":"101463","name": "DASDING","lang": "DE","pictures": [{"href": "https://ondemo.tmsimg.com/assets/s101463_ll_h15_ab.png?w=180&h=135"}]},{"contentId":"111745","name": "DAZN 1","lang": "DE","pictures": [{"href": "https://ondemo.tmsimg.com/assets/s111745_ll_h15_ab.png?w=180&h=135"}]},{"contentId":"111746","name": "DAZN 2","lang": "DE","pictures": [{"href": "https://ondemo.tmsimg.com/assets/s111746_ll_h9_ac.png?w=180&h=135"}]},{"contentId":"135375","name": "Deluxe Dance by Kontor","lang": "DE","pictures": [{"href": "https://ondemo.tmsimg.com/assets/s135375_ll_h15_aa.png?w=180&h=135"}]},{"contentId":"135373","name": "Deluxe Flashback","lang": "DE","pictures": [{"href": "https://ondemo.tmsimg.com/assets/s135373_ll_h15_aa.png?w=180&h=135"}]},{"contentId":"106074","name": "Deutschlandfunk","lang": "DE","pictures": [{"href": "https://ondemo.tmsimg.com/assets/s106074_ll_h15_ab.png?w=180&h=135"}]},{"contentId":"135376","name": "Deluxe Rap","lang": "DE","pictures": [{"href": "https://ondemo.tmsimg.com/assets/s135376_ll_h15_aa.png?w=180&h=135"}]},{"contentId":"135374","name": "Deluxe Rock","lang": "DE","pictures": [{"href": "https://ondemo.tmsimg.com/assets/s135374_ll_h15_aa.png?w=180&h=135"}]},{"contentId":"86871","name": "Disney Channel","lang": "DE","pictures": [{"href": "https://ondemo.tmsimg.com/assets/s86871_ll_h15_ac.png?w=180&h=135"}]},{"contentId":"101532","name": "Deutschlandfunk Kultur","lang": "DE","pictures": [{"href": "https://ondemo.tmsimg.com/assets/s101532_ll_h15_ab.png?w=180&h=135"}]},{"contentId":"106108","name": "Deluxe Music HD","lang": "DE","pictures": [{"href": "https://ondemo.tmsimg.com/assets/s106108_ll_h15_ab.png?w=180&h=135"}]},{"contentId":"100346","name": "DMAX","lang": "DE","pictures": [{"href": "https://ondemo.tmsimg.com/assets/s100346_ll_h15_aa.png?w=180&h=135"}]},{"contentId":"83570","name": "DMF","lang": "DE","pictures": [{"href": "https://ondemo.tmsimg.com/assets/s83570_ll_h15_ac.png?w=180&h=135"}]},{"contentId":"83569","name": "Deluxe Music TV Europe","lang": "DE","pictures": [{"href": "https://ondemo.tmsimg.com/assets/s83569_ll_h15_ac.png?w=180&h=135"}]},{"contentId":"84340","name": "Deluxe Music Europe","lang": "DE","pictures": [{"href": "https://ondemo.tmsimg.com/assets/s84340_ll_h15_ac.png?w=180&h=135"}]},{"contentId":"83573","name": "Discovery Channel","lang": "DE","pictures": [{"href": "https://ondemo.tmsimg.com/assets/s83573_ll_h15_ac.png?w=180&h=135"}]},{"contentId":"105247","name": "DW","lang": "DE","pictures": [{"href": "https://ondemo.tmsimg.com/assets/s105247_ll_h9_aa.png?w=180&h=135"}]},{"contentId":"101533","name": "Deutschlandfunk Nova","lang": "DE","pictures": [{"href": "https://ondemo.tmsimg.com/assets/s101533_ll_h15_ab.png?w=180&h=135"}]},{"contentId":"105460","name": "Sportdigital EDGE","lang": "DE","pictures": [{"href": "https://ondemo.tmsimg.com/assets/s105460_ll_h9_ab.png?w=180&h=135"}]},{"contentId":"107349","name": "egoFM","lang": "DE","pictures": [{"href": "https://ondemo.tmsimg.com/assets/s107349_ll_h15_aa.png?w=180&h=135"}]},{"contentId":"83682","name": "eSportsONE","lang": "DE","pictures": [{"href": "https://ondemo.tmsimg.com/assets/s83682_ll_h15_ac.png?w=180&h=135"}]},{"contentId":"59421","name": "euronews","lang": "DE","pictures": [{"href": "https://ondemo.tmsimg.com/assets/s59421_ll_h15_ab.png?w=180&h=135"}]},{"contentId":"83583","name": "Eurosport 1","lang": "DE","pictures": [{"href": "https://ondemo.tmsimg.com/assets/s83583_ll_h15_ab.png?w=180&h=135"}]},{"contentId":"83733","name": "EWTN Katholisches Fernsehen","lang": "DE","pictures": [{"href": "https://ondemo.tmsimg.com/assets/s83733_ll_h15_ac.png?w=180&h=135"}]},{"contentId":"70130","name": "France 24 English","lang": "EN","pictures": [{"href": "https://ondemo.tmsimg.com/assets/s70130_ll_h15_aa.png?w=180&h=135"}]},{"contentId":"101540","name": "Cosmo","lang": "DE","pictures": [{"href": "https://ondemo.tmsimg.com/assets/s101540_ll_h15_ac.png?w=180&h=135"}]},{"contentId":"106139","name": "FM4","lang": "DE","pictures": [{"href": "https://ondemo.tmsimg.com/assets/s106139_ll_h15_aa.png?w=180&h=135"}]},{"contentId":"119765","name": "Folx TV","lang": "DE","pictures": [{"href": "https://ondemo.tmsimg.com/assets/s119765_ll_h15_aa.png?w=180&h=135"}]},{"contentId":"58685","name": "France 24","lang": "FR-FR","pictures": [{"href": "https://ondemo.tmsimg.com/assets/s58685_ll_h15_aa.png?w=180&h=135"}]},{"contentId":"123020","name": "Franken Plus","lang": "DE","pictures": [{"href": "https://ondemo.tmsimg.com/assets/s123020_ll_h9_aa.png?w=180&h=135"}]},{"contentId":"122284","name": "Handystar TV","lang": "DE","pictures": [{"href": "https://ondemo.tmsimg.com/assets/s122284_ll_h9_aa.png?w=180&h=135"}]},{"contentId":"122283","name": "Handystar TV 2","lang": "DE","pictures": [{"href": "https://ondemo.tmsimg.com/assets/s122283_ll_h9_aa.png?w=180&h=135"}]},{"contentId":"83873","name": "Heimatkanal","lang": "DE","pictures": [{"href": "https://ondemo.tmsimg.com/assets/s83873_ll_h15_ab.png?w=180&h=135"}]},{"contentId":"83593","name": "HISTORY","lang": "DE","pictures": [{"href": "https://ondemo.tmsimg.com/assets/s83593_ll_h15_ab.png?w=180&h=135"}]},{"contentId":"111015","name": "Home & Garden TV","lang": "DE","pictures": [{"href": "https://ondemo.tmsimg.com/assets/s111015_ll_h15_aa.png?w=180&h=135"}]},{"contentId":"113324","name": "HOPE Channel","lang": "DE","pictures": [{"href": "https://ondemo.tmsimg.com/assets/s113324_ll_h15_aa.png?w=180&h=135"}]},{"contentId":"83594","name": "hr-fernsehen","lang": "DE","pictures": [{"href": "https://ondemo.tmsimg.com/assets/s83594_ll_h9_aa.png?w=180&h=135"}]},{"contentId":"90460","name": "HSE EXTRA","lang": "DE","pictures": [{"href": "https://ondemo.tmsimg.com/assets/s90460_h3_bc.png?w=180&h=135"}]},{"contentId":"91980","name": "HSE","lang": "DE","pictures": [{"href": "https://ondemo.tmsimg.com/assets/s91980_ll_h15_ac.png?w=180&h=135"}]},{"contentId":"83610","name": "HSE TREND","lang": "DE","pictures": [{"href": "https://ondemo.tmsimg.com/assets/s83610_ll_h15_ac.png?w=180&h=135"}]},{"contentId":"87374","name": "i24 News","lang": "FR-FR","pictures": [{"href": "https://ondemo.tmsimg.com/assets/s87374_ll_h15_aa.png?w=180&h=135"}]},{"contentId":"67213","name": "ZDFinfo","lang": "DE","pictures": [{"href": "https://ondemo.tmsimg.com/assets/s67213_ll_h15_ab.png?w=180&h=135"}]},{"contentId":"104967","name": "INPLUS","lang": "DE","pictures": [{"href": "https://ondemo.tmsimg.com/assets/s104967_ll_h15_ac.png?w=180&h=135"}]},{"contentId":"102985","name": "tv.ingolstadt","lang": "DE","pictures": [{"href": "https://ondemo.tmsimg.com/assets/s102985_ll_h9_ac.png?w=180&h=135"}]},{"contentId":"84028","name": "JukeBox","lang": "DE","pictures": [{"href": "https://ondemo.tmsimg.com/assets/s84028_ll_h9_ab.png?w=180&h=135"}]},{"contentId":"90461","name": "Juwelo","lang": "DE","pictures": [{"href": ""}]},{"contentId":"83673","name": "Juwelo TV","lang": "DE","pictures": [{"href": "https://ondemo.tmsimg.com/assets/s83673_ll_h9_ab.png?w=180&h=135"}]},{"contentId":"118440","name": "kabel eins Doku","lang": "DE","pictures": [{"href": "https://ondemo.tmsimg.com/assets/s118440_ll_h15_aa.png?w=180&h=135"}]},{"contentId":"67197","name": "kabel eins","lang": "DE","pictures": [{"href": "https://ondemo.tmsimg.com/assets/s67197_ll_h15_aa.png?w=180&h=135"}]},{"contentId":"67198","name": "KiKA","lang": "DE","pictures": [{"href": "https://ondemo.tmsimg.com/assets/s67198_ll_h15_aa.png?w=180&h=135"}]},{"contentId":"116245","name": "krone.tv","lang": "DE","pictures": [{"href": "https://ondemo.tmsimg.com/assets/s116245_ll_h15_aa.png?w=180&h=135"}]},{"contentId":"83612","name": "K-TV","lang": "DE","pictures": [{"href": "https://ondemo.tmsimg.com/assets/s83612_ll_h15_ab.png?w=180&h=135"}]},{"contentId":"113660","name": "KURIER TV","lang": "DE","pictures": [{"href": "https://ondemo.tmsimg.com/assets/s113660_ll_h15_ab.png?w=180&h=135"}]},{"contentId":"120497","name": "Lilo TV","lang": "DE","pictures": [{"href": "https://ondemo.tmsimg.com/assets/s120497_ll_h15_aa.png?w=180&h=135"}]},{"contentId":"88616","name": "LT1","lang": "DE","pictures": [{"href": "https://ondemo.tmsimg.com/assets/s88616_ll_h15_aa.png?w=180&h=135"}]},{"contentId":"84214","name": "L-TV Landesfernsehen","lang": "DE","pictures": [{"href": "https://ondemo.tmsimg.com/assets/s84214_ll_h9_ab.png?w=180&h=135"}]},{"contentId":"83905","name": "MDR Sachsen-Anhalt","lang": "DE","pictures": [{"href": "https://ondemo.tmsimg.com/assets/s83905_ll_h9_aa.png?w=180&h=135"}]},{"contentId":"83904","name": "MDR Sachsen","lang": "DE","pictures": [{"href": "https://ondemo.tmsimg.com/assets/s83904_ll_h15_aa.png?w=180&h=135"}]},{"contentId":"91982","name": "MDR Thüringen","lang": "DE","pictures": [{"href": "https://ondemo.tmsimg.com/assets/s91982_ll_h15_ab.png?w=180&h=135"}]},{"contentId":"84061","name": "MediaShop - Neuheiten","lang": "DE","pictures": [{"href": "https://ondemo.tmsimg.com/assets/s84061_ll_h15_ab.png?w=180&h=135"}]},{"contentId":"84017","name": "MeinTV Shop","lang": "DE","pictures": [{"href": "https://ondemo.tmsimg.com/assets/s84017_ll_h9_ab.png?w=180&h=135"}]},{"contentId":"89579","name": "Melodie TV","lang": "DE","pictures": [{"href": "https://ondemo.tmsimg.com/assets/s89579_ll_h15_ac.png?w=180&h=135"}]},{"contentId":"83619","name": "Motorvision TV","lang": "DE","pictures": [{"href": "https://ondemo.tmsimg.com/assets/s83619_ll_h9_ab.png?w=180&h=135"}]},{"contentId":"122204","name": "MediaShop - Immer etwas Neues","lang": "DE","pictures": [{"href": "https://ondemo.tmsimg.com/assets/s122204_ll_h15_aa.png?w=180&h=135"}]},{"contentId":"122203","name": "MediaShop - Meine Einkaufswelt","lang": "DE","pictures": [{"href": "https://ondemo.tmsimg.com/assets/s122203_ll_h15_aa.png?w=180&h=135"}]},{"contentId":"122758","name": "MTV HD (Austria)","lang": "DE","pictures": [{"href": "https://ondemo.tmsimg.com/assets/s122758_ll_h15_af.png?w=180&h=135"}]},{"contentId":"66604","name": "MTV Deutschland","lang": "DE","pictures": [{"href": "https://ondemo.tmsimg.com/assets/s66604_ll_h15_ab.png?w=180&h=135"}]},{"contentId":"98534","name": "München TV","lang": "DE","pictures": [{"href": "https://ondemo.tmsimg.com/assets/s98534_ll_h15_ab.png?w=180&h=135"}]},{"contentId":"100347","name": "N24 Doku","lang": "DE","pictures": [{"href": "https://ondemo.tmsimg.com/assets/s100347_ll_h15_aa.png?w=180&h=135"}]},{"contentId":"122336","name": "Nicer Dicer TV","lang": "DE","pictures": [{"href": ""}]},{"contentId":"90622","name": "NDR Fernsehen HH","lang": "DE","pictures": [{"href": "https://ondemo.tmsimg.com/assets/s90622_ll_h15_aa.png?w=180&h=135"}]},{"contentId":"53753","name": "NDR Fernsehen MV","lang": "DE","pictures": [{"href": "https://ondemo.tmsimg.com/assets/s53753_ll_h9_aa.png?w=180&h=135"}]},{"contentId":"53754","name": "NDR Fernsehen NDS","lang": "DE","pictures": [{"href": "https://ondemo.tmsimg.com/assets/s53754_ll_h15_ad.png?w=180&h=135"}]},{"contentId":"53755","name": "NDR Fernsehen SH","lang": "DE","pictures": [{"href": "https://ondemo.tmsimg.com/assets/s53755_ll_h9_aa.png?w=180&h=135"}]},{"contentId":"59155","name": "NHK World TV","lang": "EN","pictures": [{"href": "https://ondemo.tmsimg.com/assets/s59155_ll_h15_aa.png?w=180&h=135"}]},{"contentId":"112728","name": "Nick/Comedy Central +1","lang": "DE","pictures": [{"href": "https://ondemo.tmsimg.com/assets/s112728_ll_h15_ae.png?w=180&h=135"}]},{"contentId":"83738","name": "Nick Jr.","lang": "DE","pictures": [{"href": "https://ondemo.tmsimg.com/assets/s83738_ll_h15_ab.png?w=180&h=135"}]},{"contentId":"86879","name": "Nicktoons","lang": "DE","pictures": [{"href": "https://ondemo.tmsimg.com/assets/s86879_ll_h15_ab.png?w=180&h=135"}]},{"contentId":"83660","name": "Sat.1 Niedersachsen/Bremen","lang": "DE","pictures": [{"href": "https://ondemo.tmsimg.com/assets/s83660_ll_h15_aa.png?w=180&h=135"}]},{"contentId":"122923","name": "Niederbayern TV Deggendorf / Straubing","lang": "DE","pictures": [{"href": "https://ondemo.tmsimg.com/assets/s122923_ll_h9_aa.png?w=180&h=135"}]},{"contentId":"105868","name": "Nitro","lang": "DE","pictures": [{"href": "https://ondemo.tmsimg.com/assets/s105868_ll_h15_aa.png?w=180&h=135"}]},{"contentId":"123871","name": "Nickelodeon Ukraine Pluto TV","lang": "EN-GB","pictures": [{"href": "https://ondemo.tmsimg.com/assets/s123871_ll_h15_aa.png?w=180&h=135"}]},{"contentId":"122443","name": "n-tv","lang": "DE","pictures": [{"href": "https://ondemo.tmsimg.com/assets/s122443_ll_h15_aa.png?w=180&h=135"}]},{"contentId":"100923","name": "OE24 TV","lang": "DE","pictures": [{"href": "https://ondemo.tmsimg.com/assets/s100923_ll_h9_aa.png?w=180&h=135"}]},{"contentId":"90457","name": "one","lang": "DE","pictures": [{"href": "https://ondemo.tmsimg.com/assets/s90457_ll_h15_ad.png?w=180&h=135"}]},{"contentId":"88636","name": "ORF 1","lang": "DE","pictures": [{"href": "https://ondemo.tmsimg.com/assets/s88636_ll_h15_ab.png?w=180&h=135"}]},{"contentId":"101712","name": "ORF 2 Burgenland","lang": "DE","pictures": [{"href": "https://ondemo.tmsimg.com/assets/s101712_ll_h15_aa.png?w=180&h=135"}]},{"contentId":"101713","name": "ORF 2 Kärnten","lang": "DE","pictures": [{"href": "https://ondemo.tmsimg.com/assets/s101713_ll_h15_aa.png?w=180&h=135"}]},{"contentId":"101714","name": "ORF 2 Niederösterreich","lang": "DE","pictures": [{"href": "https://ondemo.tmsimg.com/assets/s101714_ll_h15_aa.png?w=180&h=135"}]},{"contentId":"101715","name": "ORF 2 Oberösterreich","lang": "DE","pictures": [{"href": "https://ondemo.tmsimg.com/assets/s101715_ll_h15_aa.png?w=180&h=135"}]},{"contentId":"101716","name": "ORF 2 Salzburg","lang": "DE","pictures": [{"href": "https://ondemo.tmsimg.com/assets/s101716_ll_h15_aa.png?w=180&h=135"}]},{"contentId":"101717","name": "ORF 2 Steiermark","lang": "DE","pictures": [{"href": "https://ondemo.tmsimg.com/assets/s101717_ll_h15_aa.png?w=180&h=135"}]},{"contentId":"101718","name": "ORF 2 Tirol","lang": "DE","pictures": [{"href": "https://ondemo.tmsimg.com/assets/s101718_ll_h15_aa.png?w=180&h=135"}]},{"contentId":"101719","name": "ORF 2 Vorarlberg","lang": "DE","pictures": [{"href": "https://ondemo.tmsimg.com/assets/s101719_ll_h15_aa.png?w=180&h=135"}]},{"contentId":"101720","name": "ORF 2 Wien","lang": "DE","pictures": [{"href": "https://ondemo.tmsimg.com/assets/s101720_ll_h15_aa.png?w=180&h=135"}]},{"contentId":"99318","name": "ORF III","lang": "DE","pictures": [{"href": "https://ondemo.tmsimg.com/assets/s99318_ll_h15_aa.png?w=180&h=135"}]},{"contentId":"99347","name": "ORF SPORT +","lang": "DE","pictures": [{"href": "https://ondemo.tmsimg.com/assets/s99347_ll_h15_ab.png?w=180&h=135"}]},{"contentId":"123023","name": "OTVA","lang": "DE","pictures": [{"href": "https://ondemo.tmsimg.com/assets/s123023_ll_h9_aa.png?w=180&h=135"}]},{"contentId":"90464","name": "Pearl.tv","lang": "DE","pictures": [{"href": "https://ondemo.tmsimg.com/assets/s90464_ll_h15_aa.png?w=180&h=135"}]},{"contentId":"83658","name": "SAT.1 Rheinland-Pfalz & Hessen","lang": "DE","pictures": [{"href": "https://ondemo.tmsimg.com/assets/s83658_ll_h15_aa.png?w=180&h=135"}]},{"contentId":"83627","name": "PHOENIX","lang": "DE","pictures": [{"href": "https://ondemo.tmsimg.com/assets/s83627_ll_h15_ab.png?w=180&h=135"}]},{"contentId":"67203","name": "ProSieben","lang": "DE","pictures": [{"href": "https://ondemo.tmsimg.com/assets/s67203_ll_h15_ab.png?w=180&h=135"}]},{"contentId":"120565","name": "ProSiebenSat.1 UHD","lang": "DE","pictures": [{"href": "https://ondemo.tmsimg.com/assets/s120565_ll_h9_aa.png?w=180&h=135"}]},{"contentId":"84352","name": "ProSieben MAXX","lang": "DE","pictures": [{"href": "https://ondemo.tmsimg.com/assets/s84352_ll_h15_aa.png?w=180&h=135"}]},{"contentId":"112506","name": "Puls 24","lang": "DE","pictures": [{"href": "https://ondemo.tmsimg.com/assets/s112506_ll_h15_aa.png?w=180&h=135"}]},{"contentId":"88738","name": "PULS 4","lang": "DE","pictures": [{"href": "https://ondemo.tmsimg.com/assets/s88738_ll_h15_aa.png?w=180&h=135"}]},{"contentId":"74338","name": "QVC Zwei","lang": "DE","pictures": [{"href": "https://ondemo.tmsimg.com/assets/s74338_ll_h15_ag.png?w=180&h=135"}]},{"contentId":"122447","name": "QVC Zwei UHD","lang": "DE","pictures": [{"href": "https://ondemo.tmsimg.com/assets/s122447_ll_h15_aa.png?w=180&h=135"}]},{"contentId":"106106","name": "QVC Style","lang": "DE","pictures": [{"href": "https://ondemo.tmsimg.com/assets/s106106_ll_h15_ac.png?w=180&h=135"}]},{"contentId":"73259","name": "QVC","lang": "DE","pictures": [{"href": "https://ondemo.tmsimg.com/assets/s73259_ll_h15_ad.png?w=180&h=135"}]},{"contentId":"113659","name": "QVC UHD (Germany)","lang": "DE","pictures": [{"href": "https://ondemo.tmsimg.com/assets/s113659_ll_h15_aa.png?w=180&h=135"}]},{"contentId":"101224","name": "R9","lang": "DE","pictures": [{"href": "https://ondemo.tmsimg.com/assets/s101224_ll_h15_aa.png?w=180&h=135"}]},{"contentId":"102852","name": "Radio Bremen","lang": "DE","pictures": [{"href": "https://ondemo.tmsimg.com/assets/s102852_ll_h15_ab.png?w=180&h=135"}]},{"contentId":"78803","name": "Rai News 24","lang": "IT","pictures": [{"href": "https://ondemo.tmsimg.com/assets/s78803_ll_h15_ad.png?w=180&h=135"}]},{"contentId":"91975","name": "RBB Berlin Fernsehen","lang": "DE","pictures": [{"href": "https://ondemo.tmsimg.com/assets/s91975_ll_h15_ac.png?w=180&h=135"}]},{"contentId":"83892","name": "RBB Brandenburg Fernsehen","lang": "DE","pictures": [{"href": "https://ondemo.tmsimg.com/assets/s83892_ll_h15_ab.png?w=180&h=135"}]},{"contentId":"84216","name": "REGIO TV SCHWABEN","lang": "DE","pictures": [{"href": "https://ondemo.tmsimg.com/assets/s84216_ll_h9_ab.png?w=180&h=135"}]},{"contentId":"84136","name": "RiC","lang": "DE","pictures": [{"href": "https://ondemo.tmsimg.com/assets/s84136_ll_h15_ab.png?w=180&h=135"}]},{"contentId":"83638","name": "Romance TV","lang": "DE","pictures": [{"href": "https://ondemo.tmsimg.com/assets/s83638_ll_h9_ac.png?w=180&h=135"}]},{"contentId":"66610","name": "RTLZWEI","lang": "DE","pictures": [{"href": "https://ondemo.tmsimg.com/assets/s66610_ll_h15_ac.png?w=180&h=135"}]},{"contentId":"90630","name": "RTL Bayern","lang": "DE","pictures": [{"href": "https://ondemo.tmsimg.com/assets/s90630_ll_h9_ab.png?w=180&h=135"}]},{"contentId":"52564","name": "RTL","lang": "DE","pictures": [{"href": "https://ondemo.tmsimg.com/assets/s52564_ll_h9_ac.png?w=180&h=135"}]},{"contentId":"122160","name": "RTL HB NDS","lang": "DE","pictures": [{"href": "https://ondemo.tmsimg.com/assets/s122160_ll_h15_aa.png?w=180&h=135"}]},{"contentId":"84137","name": "RTL Schleswig-Holstein","lang": "DE","pictures": [{"href": "https://ondemo.tmsimg.com/assets/s84137_ll_h9_ac.png?w=180&h=135"}]},{"contentId":"114029","name": "RTL UHD","lang": "DE","pictures": [{"href": "https://ondemo.tmsimg.com/assets/s114029_ll_h9_ac.png?w=180&h=135"}]},{"contentId":"53951","name": "RTLup","lang": "DE","pictures": [{"href": "https://ondemo.tmsimg.com/assets/s53951_ll_h9_ac.png?w=180&h=135"}]},{"contentId":"90628","name": "RTL West","lang": "DE","pictures": [{"href": "https://ondemo.tmsimg.com/assets/s90628_ll_h9_ab.png?w=180&h=135"}]},{"contentId":"123026","name": "SACHSEN EINS","lang": "DE","pictures": [{"href": "https://ondemo.tmsimg.com/assets/s123026_ll_h9_aa.png?w=180&h=135"}]},{"contentId":"21842","name": "Sat.1","lang": "DE","pictures": [{"href": "https://ondemo.tmsimg.com/assets/s21842_ll_h15_aa.png?w=180&h=135"}]},{"contentId":"100837","name": "Sat.1 Gold Österreich","lang": "DE","pictures": [{"href": "https://ondemo.tmsimg.com/assets/s100837_ll_h15_aa.png?w=180&h=135"}]},{"contentId":"118443","name": "Schlager Deluxe","lang": "DE","pictures": [{"href": "https://ondemo.tmsimg.com/assets/s118443_ll_h15_aa.png?w=180&h=135"}]},{"contentId":"99536","name": "ServusTV AT","lang": "DE","pictures": [{"href": "https://ondemo.tmsimg.com/assets/s99536_ll_h15_aa.png?w=180&h=135"}]},{"contentId":"83772","name": "SWR Fernsehen BW","lang": "DE","pictures": [{"href": "https://ondemo.tmsimg.com/assets/s83772_ll_h15_ae.png?w=180&h=135"}]},{"contentId":"119695","name": "Shop LC","lang": "DE","pictures": [{"href": "https://ondemo.tmsimg.com/assets/s119695_ll_h9_aa.png?w=180&h=135"}]},{"contentId":"83661","name": "sixx","lang": "DE","pictures": [{"href": "https://ondemo.tmsimg.com/assets/s83661_ll_h15_ac.png?w=180&h=135"}]},{"contentId":"104844","name": "Sky Sport Bundesliga UHD","lang": "DE","pictures": [{"href": "https://ondemo.tmsimg.com/assets/s104844_ll_h9_aa.png?w=180&h=135"}]},{"contentId":"84357","name": "Sky Sport 10","lang": "DE","pictures": [{"href": "https://ondemo.tmsimg.com/assets/s84357_ll_h15_ac.png?w=180&h=135"}]},{"contentId":"101423","name": "Sky One","lang": "DE","pictures": [{"href": "https://ondemo.tmsimg.com/assets/s101423_ll_h15_ac.png?w=180&h=135"}]},{"contentId":"83725","name": "Sky Sport 1","lang": "DE","pictures": [{"href": "https://ondemo.tmsimg.com/assets/s83725_ll_h15_ac.png?w=180&h=135"}]},{"contentId":"83740","name": "Sky Sport 2","lang": "DE","pictures": [{"href": "https://ondemo.tmsimg.com/assets/s83740_ll_h15_aa.png?w=180&h=135"}]},{"contentId":"83666","name": "Sky Atlantic","lang": "DE","pictures": [{"href": "https://ondemo.tmsimg.com/assets/s83666_ll_h15_ab.png?w=180&h=135"}]},{"contentId":"90484","name": "Sky Sport Bundesliga 10","lang": "DE","pictures": [{"href": "https://ondemo.tmsimg.com/assets/s90484_ll_h15_ac.png?w=180&h=135"}]},{"contentId":"90482","name": "Sky Sport Bundesliga 2","lang": "DE","pictures": [{"href": "https://ondemo.tmsimg.com/assets/s90482_ll_h15_ac.png?w=180&h=135"}]},{"contentId":"90483","name": "Sky Sport Bundesliga 3","lang": "DE","pictures": [{"href": "https://ondemo.tmsimg.com/assets/s90483_ll_h15_ac.png?w=180&h=135"}]},{"contentId":"90408","name": "Sky Sport Bundesliga 4","lang": "DE","pictures": [{"href": "https://ondemo.tmsimg.com/assets/s90408_ll_h15_ac.png?w=180&h=135"}]},{"contentId":"90486","name": "Sky Sport Bundesliga 5","lang": "DE","pictures": [{"href": "https://ondemo.tmsimg.com/assets/s90486_ll_h15_ac.png?w=180&h=135"}]},{"contentId":"90488","name": "Sky Sport Bundesliga 6","lang": "DE","pictures": [{"href": "https://ondemo.tmsimg.com/assets/s90488_ll_h15_ac.png?w=180&h=135"}]},{"contentId":"90489","name": "Sky Sport Bundesliga 7","lang": "DE","pictures": [{"href": "https://ondemo.tmsimg.com/assets/s90489_ll_h15_ac.png?w=180&h=135"}]},{"contentId":"90490","name": "Sky Sport Bundesliga 8","lang": "DE","pictures": [{"href": "https://ondemo.tmsimg.com/assets/s90490_ll_h15_ac.png?w=180&h=135"}]},{"contentId":"90492","name": "Sky Sport Bundesliga 9","lang": "DE","pictures": [{"href": "https://ondemo.tmsimg.com/assets/s90492_ll_h15_ac.png?w=180&h=135"}]},{"contentId":"86882","name": "Sky Sport Bundesliga 1","lang": "DE","pictures": [{"href": "https://ondemo.tmsimg.com/assets/s86882_ll_h15_ab.png?w=180&h=135"}]},{"contentId":"125281","name": "Sky Sport Bundesliga","lang": "DE","pictures": [{"href": "https://ondemo.tmsimg.com/assets/s125281_ll_h15_ab.png?w=180&h=135"}]},{"contentId":"83675","name": "Sky Cinema Premiere","lang": "DE","pictures": [{"href": "https://ondemo.tmsimg.com/assets/s83675_ll_h9_ad.png?w=180&h=135"}]},{"contentId":"117520","name": "Sky Crime","lang": "DE","pictures": [{"href": "https://ondemo.tmsimg.com/assets/s117520_ll_h15_aa.png?w=180&h=135"}]},{"contentId":"119981","name": "Sky Documentaries","lang": "DE","pictures": [{"href": "https://ondemo.tmsimg.com/assets/s119981_ll_h15_aa.png?w=180&h=135"}]},{"contentId":"117522","name": "Sky Sport F1","lang": "DE","pictures": [{"href": "https://ondemo.tmsimg.com/assets/s117522_ll_h15_aa.png?w=180&h=135"}]},{"contentId":"125289","name": "Sky Sport Golf","lang": "DE","pictures": [{"href": "https://ondemo.tmsimg.com/assets/s125289_ll_h15_ab.png?w=180&h=135"}]},{"contentId":"112470","name": "Sky Krimi","lang": "DE","pictures": [{"href": "https://ondemo.tmsimg.com/assets/s112470_ll_h15_ab.png?w=180&h=135"}]},{"contentId":"125288","name": "Sky Sport Mix","lang": "DE","pictures": [{"href": "https://ondemo.tmsimg.com/assets/s125288_ll_h15_ab.png?w=180&h=135"}]},{"contentId":"119982","name": "Sky Nature","lang": "DE","pictures": [{"href": "https://ondemo.tmsimg.com/assets/s119982_ll_h15_aa.png?w=180&h=135"}]},{"contentId":"16234","name": "Sky News","lang": "EN-GB","pictures": [{"href": "https://ondemo.tmsimg.com/assets/s16234_ll_h15_ad.png?w=180&h=135"}]},{"contentId":"125287","name": "Sky Sport Premier League","lang": "DE","pictures": [{"href": "https://ondemo.tmsimg.com/assets/s125287_ll_h15_ab.png?w=180&h=135"}]},{"contentId":"111212","name": "Sky Replay","lang": "DE","pictures": [{"href": "https://ondemo.tmsimg.com/assets/s111212_ll_h15_ab.png?w=180&h=135"}]},{"contentId":"84360","name": "Sky Sport 3","lang": "DE","pictures": [{"href": "https://ondemo.tmsimg.com/assets/s84360_ll_h15_aa.png?w=180&h=135"}]},{"contentId":"84361","name": "Sky Sport 4","lang": "DE","pictures": [{"href": "https://ondemo.tmsimg.com/assets/s84361_ll_h15_aa.png?w=180&h=135"}]},{"contentId":"84362","name": "Sky Sport 5","lang": "DE","pictures": [{"href": "https://ondemo.tmsimg.com/assets/s84362_ll_h15_aa.png?w=180&h=135"}]},{"contentId":"84366","name": "Sky Sport 6","lang": "DE","pictures": [{"href": "https://ondemo.tmsimg.com/assets/s84366_ll_h15_aa.png?w=180&h=135"}]},{"contentId":"84367","name": "Sky Sport 7","lang": "DE","pictures": [{"href": "https://ondemo.tmsimg.com/assets/s84367_ll_h15_aa.png?w=180&h=135"}]},{"contentId":"84368","name": "Sky Sport 8","lang": "DE","pictures": [{"href": "https://ondemo.tmsimg.com/assets/s84368_ll_h15_aa.png?w=180&h=135"}]},{"contentId":"84369","name": "Sky Sport 9","lang": "DE","pictures": [{"href": "https://ondemo.tmsimg.com/assets/s84369_ll_h15_aa.png?w=180&h=135"}]},{"contentId":"111742","name": "Sky Sport Austria 2","lang": "DE","pictures": [{"href": "https://ondemo.tmsimg.com/assets/s111742_ll_h15_aa.png?w=180&h=135"}]},{"contentId":"111743","name": "Sky Sport Austria 3","lang": "DE","pictures": [{"href": "https://ondemo.tmsimg.com/assets/s111743_ll_h15_aa.png?w=180&h=135"}]},{"contentId":"111744","name": "Sky Sport Austria 4","lang": "DE","pictures": [{"href": "https://ondemo.tmsimg.com/assets/s111744_ll_h15_aa.png?w=180&h=135"}]},{"contentId":"99806","name": "Sky Sport","lang": "DE","pictures": [{"href": "https://ondemo.tmsimg.com/assets/s99806_ll_h15_ab.png?w=180&h=135"}]},{"contentId":"125325","name": "Sky Showcase","lang": "DE","pictures": [{"href": "https://ondemo.tmsimg.com/assets/s125325_ll_h15_aa.png?w=180&h=135"}]},{"contentId":"87131","name": "Sky Sport News","lang": "DE","pictures": [{"href": "https://ondemo.tmsimg.com/assets/s87131_ll_h15_ac.png?w=180&h=135"}]},{"contentId":"120028","name": "Sky Sport Austria 5","lang": "DE","pictures": [{"href": "https://ondemo.tmsimg.com/assets/s120028_ll_h15_aa.png?w=180&h=135"}]},{"contentId":"120029","name": "Sky Sport Austria 6","lang": "DE","pictures": [{"href": "https://ondemo.tmsimg.com/assets/s120029_ll_h15_aa.png?w=180&h=135"}]},{"contentId":"120030","name": "Sky Sport Austria 7","lang": "DE","pictures": [{"href": "https://ondemo.tmsimg.com/assets/s120030_ll_h15_aa.png?w=180&h=135"}]},{"contentId":"104845","name": "Sky Sport UHD","lang": "DE","pictures": [{"href": "https://ondemo.tmsimg.com/assets/s104845_ll_h15_ab.png?w=180&h=135"}]},{"contentId":"125285","name": "Sky Sport Tennis","lang": "DE","pictures": [{"href": "https://ondemo.tmsimg.com/assets/s125285_ll_h15_ab.png?w=180&h=135"}]},{"contentId":"125283","name": "Sky Sport Top Event","lang": "DE","pictures": [{"href": "https://ondemo.tmsimg.com/assets/s125283_ll_h15_ab.png?w=180&h=135"}]},{"contentId":"83766","name": "sonnenklar.TV","lang": "DE","pictures": [{"href": "https://ondemo.tmsimg.com/assets/s83766_ll_h15_aa.png?w=180&h=135"}]},{"contentId":"67214","name": "SPORT1","lang": "DE","pictures": [{"href": "https://ondemo.tmsimg.com/assets/s67214_ll_h15_aa.png?w=180&h=135"}]},{"contentId":"83764","name": "Spiegel Geschichte","lang": "DE","pictures": [{"href": "https://ondemo.tmsimg.com/assets/s83764_ll_h15_ac.png?w=180&h=135"}]},{"contentId":"84316","name": "Curiosity Channel","lang": "DE","pictures": [{"href": "https://ondemo.tmsimg.com/assets/s84316_ll_h15_ag.png?w=180&h=135"}]},{"contentId":"92464","name": "SPORTDIGITAL FUSSBALL","lang": "DE","pictures": [{"href": "https://ondemo.tmsimg.com/assets/s92464_ll_h15_ab.png?w=180&h=135"}]},{"contentId":"87536","name": "Sportdigital 1+","lang": "DE","pictures": [{"href": "https://ondemo.tmsimg.com/assets/s87536_ll_h15_ac.png?w=180&h=135"}]},{"contentId":"83957","name": "Super RTL Österreich","lang": "DE","pictures": [{"href": "https://ondemo.tmsimg.com/assets/s83957_ll_h9_aa.png?w=180&h=135"}]},{"contentId":"130908","name": "Stimmungsgarten TV","lang": "DE","pictures": [{"href": "https://ondemo.tmsimg.com/assets/s130908_ll_h9_ab.png?w=180&h=135"}]},{"contentId":"83890","name": "SWR Fernsehen RP","lang": "DE","pictures": [{"href": "https://ondemo.tmsimg.com/assets/s83890_ll_h15_ac.png?w=180&h=135"}]},{"contentId":"90621","name": "SR Fernsehen","lang": "DE","pictures": [{"href": "https://ondemo.tmsimg.com/assets/s90621_ll_h15_aa.png?w=180&h=135"}]},{"contentId":"100790","name": "Sky Cinema Family","lang": "DE","pictures": [{"href": "https://ondemo.tmsimg.com/assets/s100790_ll_h15_ab.png?w=180&h=135"}]},{"contentId":"86884","name": "SyFy","lang": "DE","pictures": [{"href": "https://ondemo.tmsimg.com/assets/s86884_ll_h9_ab.png?w=180&h=135"}]},{"contentId":"90439","name": "tagesschau24","lang": "DE","pictures": [{"href": "https://ondemo.tmsimg.com/assets/s90439_ll_h15_aa.png?w=180&h=135"}]},{"contentId":"88701","name": "Tele 5","lang": "DE","pictures": [{"href": "https://ondemo.tmsimg.com/assets/s88701_ll_h15_ab.png?w=180&h=135"}]},{"contentId":"122757","name": "TLC (Austria)","lang": "DE","pictures": [{"href": "https://ondemo.tmsimg.com/assets/s122757_ll_h15_aa.png?w=180&h=135"}]},{"contentId":"100062","name": "Toggo Plus","lang": "DE","pictures": [{"href": "https://ondemo.tmsimg.com/assets/s100062_ll_h15_aa.png?w=180&h=135"}]},{"contentId":"117028","name": "TRT World","lang": "EN-GB","pictures": [{"href": "https://ondemo.tmsimg.com/assets/s117028_ll_h15_aa.png?w=180&h=135"}]},{"contentId":"95641","name": "TV5 Monde Europe","lang": "FR-FR","pictures": [{"href": "https://ondemo.tmsimg.com/assets/s95641_ll_h15_ab.png?w=180&h=135"}]},{"contentId":"84374","name": "Universal Channel","lang": "DE","pictures": [{"href": "https://ondemo.tmsimg.com/assets/s84374_ll_h15_aa.png?w=180&h=135"}]},{"contentId":"119470","name": "Volksmusik TV","lang": "DE","pictures": [{"href": "https://ondemo.tmsimg.com/assets/s119470_ll_h15_aa.png?w=180&h=135"}]},{"contentId":"66616","name": "VOX","lang": "DE","pictures": [{"href": "https://ondemo.tmsimg.com/assets/s66616_ll_h9_ab.png?w=180&h=135"}]},{"contentId":"113043","name": "VOXup","lang": "DE","pictures": [{"href": "https://ondemo.tmsimg.com/assets/s113043_ll_h9_ab.png?w=180&h=135"}]},{"contentId":"112100","name": "Waidwerk","lang": "DE","pictures": [{"href": "https://ondemo.tmsimg.com/assets/s112100_ll_h9_aa.png?w=180&h=135"}]},{"contentId":"90373","name": "WBTV Comedy","lang": "DE","pictures": [{"href": "https://ondemo.tmsimg.com/assets/s90373_ll_h15_ac.png?w=180&h=135"}]},{"contentId":"83802","name": "WBTV Film","lang": "DE","pictures": [{"href": "https://ondemo.tmsimg.com/assets/s83802_ll_h15_ac.png?w=180&h=135"}]},{"contentId":"83867","name": "WBTV Serie","lang": "DE","pictures": [{"href": "https://ondemo.tmsimg.com/assets/s83867_ll_h15_ad.png?w=180&h=135"}]},{"contentId":"54108","name": "WDR Bielefeld","lang": "DE","pictures": [{"href": "https://ondemo.tmsimg.com/assets/s54108_ll_h15_ad.png?w=180&h=135"}]},{"contentId":"83989","name": "WDR Bonn","lang": "DE","pictures": [{"href": "https://ondemo.tmsimg.com/assets/s83989_ll_h15_ac.png?w=180&h=135"}]},{"contentId":"84145","name": "WDR Duisburg","lang": "DE","pictures": [{"href": "https://ondemo.tmsimg.com/assets/s84145_ll_h15_ad.png?w=180&h=135"}]},{"contentId":"84070","name": "WDR Düsseldorf","lang": "DE","pictures": [{"href": "https://ondemo.tmsimg.com/assets/s84070_ll_h15_ac.png?w=180&h=135"}]},{"contentId":"84068","name": "WDR Essen","lang": "DE","pictures": [{"href": "https://ondemo.tmsimg.com/assets/s84068_ll_h15_ac.png?w=180&h=135"}]},{"contentId":"97252","name": "WDR Köln","lang": "DE","pictures": [{"href": "https://ondemo.tmsimg.com/assets/s97252_ll_h15_ac.png?w=180&h=135"}]},{"contentId":"101527","name": "Die Maus","lang": "DE","pictures": [{"href": "https://ondemo.tmsimg.com/assets/s101527_ll_h15_ab.png?w=180&h=135"}]},{"contentId":"84071","name": "WDR Münster","lang": "DE","pictures": [{"href": "https://ondemo.tmsimg.com/assets/s84071_ll_h15_ac.png?w=180&h=135"}]},{"contentId":"84069","name": "WDR Siegen","lang": "DE","pictures": [{"href": "https://ondemo.tmsimg.com/assets/s84069_ll_h15_ad.png?w=180&h=135"}]},{"contentId":"83917","name": "WDR Aachen","lang": "DE","pictures": [{"href": "https://ondemo.tmsimg.com/assets/s83917_ll_h15_ac.png?w=180&h=135"}]},{"contentId":"83918","name": "WDR Dortmund","lang": "DE","pictures": [{"href": "https://ondemo.tmsimg.com/assets/s83918_ll_h15_ad.png?w=180&h=135"}]},{"contentId":"84146","name": "WDR Wuppertal","lang": "DE","pictures": [{"href": "https://ondemo.tmsimg.com/assets/s84146_ll_h15_ac.png?w=180&h=135"}]},{"contentId":"137218","name": "Welt HD","lang": "DE","pictures": [{"href": ""}]},{"contentId":"67217","name": "ZDF","lang": "DE","pictures": [{"href": "https://ondemo.tmsimg.com/assets/s67217_ll_h15_ab.png?w=180&h=135"}]},{"contentId":"67216","name": "ZDFneo","lang": "DE","pictures": [{"href": "https://ondemo.tmsimg.com/assets/s67216_ll_h15_ab.png?w=180&h=135"}]}]}