{
  "channels": {
    "CZ": {},
    "SK": {},
    "AT": {
      "ATV": "atv.at",
      "ATV2": "atv2.at"
    },
    "DE": {
    "#DABEI": "DABEI.de",
    "Das Erste": "ARD.de",
    "ZDF": "ZDF.de",
    "RTL": "RTL.de",
    "SAT.1": "Sat1.de",
    "ProSieben": "Pro7.de",
    "VOX": "Vox.de",
    "kabel eins": "Kabel.de",
    "Kabel Eins": "Kabel.de", 
    "RTL II": "RTL2.de",
    "RTLZWEI HD": "RTL2.de",
    "RTLZWEI": "RTL2.de",
    "Super RTL": "SuperRTL.de",
    "KiKA": "Kika.de",
    "3sat": "3sat.de",
    "WELT": "WELT.de",
    "n-tv": "ntv.de",
    "phoenix": "phoenix.de",
    "TELE 5": "Tele5.de",
    "ZDFneo": "ZDFneo.de",
    "BR Fernsehen Süd": "BR.de",
    "hr-fernsehen": "HR.de",
    "MDR-Fernsehen Sachsen": "MDRSachsen.de",
    "NDR Fernsehen Niedersachsen": "ndrnds.de",
    "PHOENIX" : "phoenix.de",
    "Radio Bremen TV": "RadioBremen.de",
    "rbb fernsehen Berlin": "rbbBerlin.de",
    "SR Fernsehen": "SRFernsehen.de",
    "SWR Fernsehen BW": "SWR.de",
    "SWR Fernsehen RP": "SWR-rp.de",
    "WDR Fernsehen Köln": "WDR.de",
    "SPORT1": "Sport1HD.de",
    "Sky Sport News": "SkySportNewsHD.de",
    "ARTE": "ARTE.de",
    "ONE": "One.de",
    "ANIXE HD Serie": "Anixe.de",
    "Comedy Central": "ComedyCentral/VIVA.de",
    "Disney Channel": "disneychannel.de",
    "DMAX": "DMax.de",
    "HGTV": "HGTV.de",
    "eoTV": "eoTV.de",
    "ProSieben MAXX": "ProSiebenMaxx.de",
    "NITRO": "RTLNitro.de",
    "RTLup": "RTLPlus.de",
    "SAT.1 GOLD": "Sat1Gold.de",
    "ServusTV": "ServusHD.de",
    "sixx": "Sixx.de",
    "TLC": "TLC.de",
    "TOGGO plus": "TOGGOplus.de",
    "Zee.One": "ZeeOne.de",
    "ARD-alpha": "ARD-alpha.de",
    "Bibel TV": "BibelTV.de",
    "DW": "DeutscheWelleDE.de",
    "EuroN D": "EuronewsDE.nws",
    "Euronews Deutsch": "EuronewsDE.nws",
    "CEM TV": "cem.hr",
    "K-TV": "KTV.de",
    "Kabel Eins Doku": "KabelEinsDoku.de",
    "N24 Doku": "N24Doku.de",
    "tagesschau24": "tagesschau24.de",
    "Welt der Wunder": "WeltDerWunder.de",
    "ZDFinfo": "ZDFinfo.de",
    "DELUXE MUSIC": "DeLuxeMusic.de",
    "Viva": "ComedyCentral/Viva.de",
    "Nick/MTV+": "Nickelodeon.de",
    "Nick/Comedy Central+1": "Nickelodeon.de",
    "MTV": "MTVGermany.de",
    "MTV Live": "MTVLiveHD.eu",
    "MTV Dance": "MTVDance.eu",
    "MTV Brand Neu": "MTVBrandNew.nl",
    "MTV Rocks": "MTVRocks.eu",
    "MTV Hits": "MTVHits.eu",
    "MTV Music 24": "MTVMusic.eu",
    "HSE": "HSE24.de",
    "QVC": "QVC.de",
    "1-2-3.tv": "123.tv.de",
    "Baden TV": "BadenTV.de",
    "Baden TV Süd": "BadenTVSud.de",
    "sonnenklar.TV": "SonnenKlar.de",
    "Magenta Musik 1": "MagentaMusik1.de",
    "Magenta Musik 2": "MagentaMusik2.de",
    "Magenta Musik 3": "MagentaMusik3.de",
    "13TH STREET": "13thStreet.de",
    "SONY AXN": "AXN.de",
    "Disney Cinemagic": "DisneyCinemagic.de",
    "Disney+ Select": "DisneyPlus.de",  
    "FOX": "FOX.de",
    "Kabel Eins CLASSICS": "KabelEinsClassic.de",
    "Kinowelt TV": "Kinowelt.de",
    "ProSieben FUN": "ProSiebenFun.de",
    "RTL Crime": "RTLCrime.de",
    "Syfy": "SciFi.de",
    "TNT Comedy": "TNTComedy.de",
    "TNT Film": "TNTFilm.de",
    "TNT Serie": "TNTSerie.de",
    "Universal TV": "Universal.de",
    "Baby TV": "BabyTV.uk",
    "Boomerang": "Boomerang.de",
    "Boomerang (Sky)": "Boomerang.de",
    "Cartoon Network": "CartoonNetwork.de",
    "Cartoon Network (Sky)": "CartoonNetwork.de",
    "Disney XD": "DisneyXD.de",
    "Disney Junior": "DisneyJunior.de",
    "Nick Jr.": "NickJr.de",
    "Nick Jr. (Sky)": "NickJr.de",
    "Nicktoons (Sky)": "NickToons.de",
    "BonGusto": "BonGusto.de",
    "E! Entertainment": "EEntertainment.de",
    "Fashion TV": "FashionTV.eu",
    "Heimatkanal": "Heimatkanal.de",
    "RTL Passion": "RTLPassion.de",
    "Romance TV": "Romance.de",
    "RTL Living": "RTLLiving.de",
    "SAT.1 emotions": "Sat1Comedy.de",
    "SONY CHANNEL": "SonyEntertainmentTV.de",
    "wetter.com TV": "Wetterfernsehen.de",
    "Animal Planet": "AnimalPlanet.de",
    "A&amp;E": "AandE.de",
    "Discovery Channel": "DiscoveryChannel.de",
    "Discovery": "DiscoveryChannel.de",
    "Discovery (Sky)": "DiscoveryChannel.de",
    "GEO": "GEOTV.de",
    "HISTORY": "History.de",
    "National Geographic": "NatGeo.de",
    "National Geographic WILD": "NatGeoWild.de",
    "doxx": "PLANET.de",
    "Spiegel TV Wissen": "SpiegelTV.de",
    "auto motor und sport": "AutoMotorSport.de",
    "Eurosport 1": "Eurosport1.de",
    "Eurosport 2": "Eurosport2.de",
    "Eurosport360 HD 1": "Eurosport360HD1.de",
    "Eurosport360 HD 2": "Eurosport360HD2.de",
    "Eurosport360 HD 3": "Eurosport360HD3.de",
    "Eurosport360 HD 4": "Eurosport360HD4.de",
    "Eurosport360 HD 5": "Eurosport360HD5.de",
    "Eurosport360 HD 6": "Eurosport360HD6.de",
    "Eurosport360 HD 7": "Eurosport360HD7.de",
    "Eurosport360 HD 8": "Eurosport360HD8.de",
    "Eurosport360 HD 9": "Eurosport360HD9.de",
    "Extreme Sports": "ExtremeSports.de",
    "More Than Sports TV": "eoTV.de",
    "MOTORVISION.TV": "MotorVision.de",
    "SPORT1+": "SPORT1Plus.de",
    "eSPORTS1": "Sport1US.de",
    "SPORTDIGITAL FUSSBALL": "sportdigital.de",
    "VOXup": "VOXup.de",
    "ÜLKE TV": "UlkeTV.tr",
    "RCK TV": "RCKTV.de",
    "Trace Urban": "TraceUrban.fr",
    "MyTeam TV - Basketball 1": "MyTeamTVBasketball1.de",
    "MyTeam TV - Basketball 2": "MyTeamTVBasketball2.de",
    "MyTeam TV - Basketball 3": "MyTeamTVBasketball3.de",
    "Liveübertragungen der BBL-Spiele 5-9": "BBLLive.de",
    "MyTeam TV - Eishockey 1": "MyTeamTVEishockey1.de",
    "MyTeam TV - Eishockey 2": "MyTeamTVEishockey2.de",
    "MyTeam TV - Eishockey 3": "MyTeamTVEishockey3.de",
    "MyTeam TV - Eishockey 4": "MyTeamTVEishockey4.de",
    "MyTeam TV - Eishockey 5": "MyTeamTVEishockey5.de",
    "MyTeam TV - Eishockey 6": "MyTeamTVEishockey6.de",
    "MyTeam TV - Eishockey 7": "MyTeamTVEishockey7.de",
    "MyTeam TV - Eishockey 8": "MyTeamTVEishockey8.de",
    "FC BAYERN.TV LIVE": "FCBayernTV.de",
    "Sky Sport Kompakt 1": "SkySportKompakt1.de",
    "Sky Sport Kompakt 2": "SkySportKompakt2.de",
    "Sky Sport Kompakt 3": "SkySportKompakt3.de",
    "Sky Sport Kompakt 4": "SkySportKompakt4.de",
    "Sky Sport Kompakt 5": "SkySportKompakt5.de",
    "MyTeam TV - Fußball 1": "MyTeamTVFussball1.de",
    "MyTeam TV - Fußball 2": "MyTeamTVFussball2.de",
    "MyTeam TV - Fußball 3": "MyTeamTVFussball3.de",
    "MyTeam TV - Fußball 4": "MyTeamTVFussball4.de",
    "MyTeam TV - Fußball 5": "MyTeamTVFussball5.de",
    "MyTeam TV - Fußball 6": "MyTeamTVFussball6.de",
    "MyTeam TV - Fußball 7": "MyTeamTVFussball7.de",
    "Weitere Liveübertragungen der 3. Liga": "FussballLiga3.de",
    "Zur Zeit keine Liveübertragung, bitte besuchen Sie Kanal 330 bis 336 oder www.magentasport.de": "MyTeamTVDummy.de",
    "ran FIGHTING TV": "ranFIGHTING.de",
    "Regio TV": "regioTV.de",
    "RNF": "RNF.de",
    "RNFplus": "RNFplus.de",
    "a.tv": "a.tv.de",
    "allgäu.tv": "allgaeuTV.de",
    "BR Fernsehen Nord": "BRNord.de",
    "Donau TV": "DonauTV.de",
    "Franken Fernsehen": "FrankenTV.de",
    "intv": "intv.de",
    "ISAR TV": "ISARTV.de",
    "main.tv": "maintv.de",
    "münchen.tv": "MunchenTV.de",
    "Oberpfalz TV": "OberpfalzTV.de",
    "RFO": "Oberbayern.de",
    "SAT.1 Bayern": "Sat1Bayern.de",
    "TRP1": "TRP1.de",
    "TV Oberfranken": "tvo.de",
    "TV Mainfranken Schweinfurt": "TVMainfrankenS.de",
    "TV Mainfranken Würzburg": "TVMainfrankenW.de",
    "TVA Ostbayern": "TVA.de",
    "RFH Regionalfernsehen Harz": "RFH.de",
    "ALEX Berlin": "ALEXberlin.de",
    "Potsdam TV": "PotsdamTV.de",
    "tv.berlin": "TVBerlin.de",
    "rbb fernsehen Brandenburg": "rbbBrandenburg.de",
    "RTL HB NDS": "RTLHBNDS.de",
    "SAT.1 NDS Bremen": "Sat1HBNDS.de",
    "Hamburg 1": "Hamburg1.de",
    "NDR Fernsehen Hamburg": "ndr.de",
    "NDR Fernsehen Schleswig-Holstein": "ndrsh.de",
    "RTL HH SH": "RTLHHSH.de",
    "SAT.1 HH SH": "Sat1HHSH.de",
    "OF-TV": "oftv.de",
    "Rhein-Main TV": "rheinmaintv.de",
    "RTL Hessen": "RTLHessen.de",
    "NDR Fernsehen Mecklenburg-Vorpommern": "ndrmv.de",
    "CityVision": "CityVision.de",
    "nrwision": "nrwision.de",
    "RTL NRW": "RTLNRW.de",
    "SAT.1 NRW": "Sat1NRW.de",
    "Studio 47": "Studio47.de",
    "WDR Fernsehen Aachen": "WDRAachen.de",
    "WDR Fernsehen Bielefeld": "WDRBielefeld.de",
    "WDR Fernsehen Bonn": "WDRBonn.de",
    "WDR Fernsehen Dortmund": "WDRDortmund.de",
    "WDR Fernsehen Duisburg": "WDRDuisburg.de",
    "WDR Fernsehen Düsseldorf": "WDRDuesseldorf.de",
    "WDR Fernsehen Essen": "WDREssen.de",
    "WDR Fernsehen Münster": "WDRMuenster.de",
    "WDR Fernsehen Siegen": "WDRSiegen.de",
    "WDR Fernsehen Wuppertal": "WDRWuppertal.de",
    "DRF1": "DRF1.de",
    "Friesischer Rundfunk": "FRF.de",
    "ems TV": "emsTV.de",
    "OK4": "OK4.de",
    "OK54 Trier": "OK54.de",
    "OK Weinstraße": "OKWeinstraße.de",
    "OK-TV Ludwigshafen": "OKTV-L.de",
    "OK:TV Mainz": "OKTV-M.de",
    "SAT.1 RhlPf Hessen": "Sat1RPHessen.de",
    "TV Mittelrhein": "TVM.de",
    "WWTV": "WWTV.de",
    "Chemnitz Fernsehen": "ChemnitzTV.de",
    "Dresden Fernsehen": "DresdenTV.de",
    "Leipzig Fernsehen": "LeipzigTV.de",
    "TV Westsachsen": "TVWestsachsen.de",
    "LAUSITZWELLE": "LausitzWelle.de",
    "MDR-Fernsehen Sachsen-Anhalt": "MDRS-Anhalt.de",
    "MDR-Fernsehen Thüringen": "MDRThuringen.de",
    "Rennsteig.TV": "RennsteigTV.de",
    "salve.tv": "salvetv.de",
    "Sky 1": "Sky1.de",
    "Sky One": "Sky1.de",
    "SkyArts": "SkyArts.de",
    "SkyAtlantic": "SkyAtlanticHD.de",
    "Fox": "Fox.de",
    "Spiegel Geschichte": "SpiegelGeschichte.de",
    "Spiegel Geschichte (Sky)": "SpiegelGeschichte.de",
    "SkyKrimi": "SkyKrimi.de",
    "Classica (Sky)": "Classica.eu",
    "Jukebox (Sky)": "Jukebox.de",
    "Jukebox": "Jukebox.de",
    "Junior (Sky)": "Junior.de",
    "Sky Cinema": "SkyCinema.de",
    "Sky Cinema +1": "SkyCinemaPlus1.de",
    "Sky Cinema +24": "SkyCinemaPlus24.de",
    "Sky Cinema Hits": "SkyCinemaHits.de",
    "Sky Cinema Action": "SkyAction.de",
    "Sky Cinema Family": "SkyCinemaFamily.de",
    "Sky Cinema Comedy": "SkyComedy.de",
    "Sky Cinema Emotion": "SkyEmotion.de",
    "Sky Cinema Nostalgie": "SkyNostalgie.de",
    "Sky Cinema Bonanza": "SkyNostalgie.de",
    "Sky Cinema Special": "SkyCinemaSpecial.de",
    "Sky Cinema 007": "SkyCinemaSpecial.de",
    "Sky Cinema Halloween": "SkyCinemaSpecial.de",
    "Sky Cinema Special HD": "SkyCinemaSpecial.de",
    "Sky Cinema Western":  "SkyCinemaSpecial.de",
    "Sky Cinema Dwayne Johnson": "SkyCinemaSpecial.de",
    "Sky Cinema Fast &amp; Furious": "SkyCinemaSpecial.de",
    "Sky Cinema Harry Potter": "SkyCinemaSpecial.de",
    "Sky Serien &amp; Shows": "SkySerienAndShows.de",
    "Sky Cinema Classics": "SkyCinemaClassics", 
    "Sky Cinema Best of": "SkyCinemaBestPf.de",
    "Sky Cinema Fun": "SkyCinemaFun.de",
    "Sky Cinema Premieren" : "SkyCinemaPremieren.de",
    "Sky Cinema Premieren +24" : "SkyCinemaPremierenPlus24.de",
    "Sky Cinema Thriller" : "SkyCinemaThriller.de",
    "Sky Serien & Shows" : "SkySerienUndShows.de",
    "Sky Serien & Shows HD" : "SkySerienUndShows.de",
    "Sky Sport Bundesliga 1": "SkyBundesliga.de",
    "Sky Sport Bundesliga 2": "SkyBundesliga2.de",
    "Sky Sport Bundesliga 3": "SkyBundesliga3.de",
    "Sky Sport Bundesliga 4": "SkyBundesliga4.de",
    "Sky Sport Bundesliga 5": "SkyBundesliga5.de",
    "Sky Sport Bundesliga 6": "SkyBundesliga6.de",
    "Sky Sport Bundesliga 7": "SkyBundesliga7.de",
    "Sky Sport Bundesliga 8": "SkyBundesliga8.de",
    "Sky Sport Bundesliga 9": "SkyBundesliga9.de",
    "Sky Sport Bundesliga 10": "SkyBundesliga10.de",
    "Sky Sport Austria": "SkySportAustria.de",
    "Sky Sport 1": "SkySport1.de",
    "Sky Sport 2": "SkySport2.de",
    "Sky Sport 3": "SkySport3.de",
    "Sky Sport 4": "SkySport4.de",
    "Sky Sport 5": "SkySport5.de",
    "Sky Sport 6": "SkySport6.de",
    "Sky Sport 7": "SkySport7.de",
    "Sky Sport 8": "SkySport8.de",
    "Sky Sport 9": "SkySport9.de",
    "Sky Sport 10": "SkySport10.de",
    "Sky Sport 11": "SkySport11.de",
    "13TH STREET (Sky)": "13thStreet.de",
    "BBC World":  "BBCWorldNews.nws",
    "Beate-Uhse.TV (Sky)":  "BeateUhse.de",
    "beIN Gurme": "beINGurme.fr",
    "beIN iZ": "beINBelgesel.fr",
    "Haber Türk": "31.HaberTURK.digiturk.com.tr",
    "beIN Movies Turk": "beINMoviesTurk.fr",
    "Blue Hustler": "BlueHustler.ero",
    "CNN International": "CNN.nws",
    "CNN Türk": "CNN.tr",
    "Discovery Channel (Sky)": "DiscoveryChannel.de",
    "Disney Junior (Sky)": "DisneyJunior.de",
    "Disney XD (Sky)": "DisneyXD.de",
    "Dream Türk": "DreamTurk.tr",
    "E! Entertainment (Sky)": "EEntertainment.de",
    "Euro D": "EuroD.bg",
    "EuroN I": "EuronewsIT.nws",
    "EuroN RUS": "EuronewsRU.nws",
    "Eurosport 1 (Sky)": "Eurosport1.de",
    "Eurosport 2 (Sky)": "Eurosport2.de",
    "EURO STAR": "EUROSTAR.il",
    "Fox (Sky)": "FOX.de",
    "Heimatkanal (Sky)": "Heimatkanal.de",
    "The HISTORY Channel (Sky)": "History.de",
    "Instore TV": "Instore.tv",
    "iTVN": "iTVN.pl",
    "Kanal 7": "Kanal7.tr",
    "Kinomir": "Kinomir",
    "KinoweltTV (Sky)": "Kinowelt.de",
    "Lokal-TV": "Lokal-TV",
    "L-TV": "L-TV",
    "Lust pur": "LustPur.de",
    "National Geographic (Sky)": "NatGeo.de",
    "National Geographic Wild (Sky)": "NatGeoWild.de",
    "Ost West": "Ost West",
    "Penthouse Passion": "PenthousePassion.ero",
    "Playboy Europe": "PlayboyEurope.ero",
    "Power Türk TV": "PowerTurk.tr",
    "Rai Due": "Rai2.it",
    "Rai Tre": "Rai3.it",
    "Rai Uno": "Rai1.it",
    "Romance TV (Sky)": "Romance.de",
    "RTR Planeta": "RTRPlaneta.pl",
    "Show Max": "Showmax.tr",
    "Show Turk": "15.Show TV.digiturk.com.tr",
    "Spiegel TV Wissen (Sky)": "SpiegelTV.de",
    "SYFY (Sky)": "SciFi.de",
    "T-Bom/T-Dom": "T-Bom/T-Dom",
    "TNT Comedy (Sky)": "TNTComedy.de",
    "TNT Film (Sky)": "TNTFilm.de",
    "TNT Serie (Sky)": "TNTSerie.de",
    "TV8 Int": "TV8.nws",
    "TV Polonia": "TVPolonia.pl",
    "Universal TV (Sky)" :"Universal.de",
    "maxdome": "maxdome",
    "Megathek": "Megathek",
    "Meine Aufnahmen": "Meine Aufnahmen",
    "Demokanal": "Demokanal",
    "Testkanal H01": "Testkanal H01",
    "Testkanal I01": "Testkanal I01",
    "Testkanal I03": "Testkanal I03",
    "Testkanal L01": "Testkanal L01",
    "Testkanal L02": "Testkanal L02",
    "Testkanal L03": "Testkanal L03",
    "Testkanal L04": "Testkanal L04",
    "Testkanal L05": "Testkanal L05",
    "Testkanal L06": "Testkanal L06",
    "Testkanal L07": "Testkanal L07",
    "Testkanal L08": "Testkanal L08",
    "Testkanal L09": "Testkanal L09",
    "altenburg.tv": "AltenburgTV.de",
    "ANIXE+": "AnixePlus.de",
    "Crime+Investigation": "CrimeInvestigation.de",
    "Crime+Investigation (Sky)" : "CrimeInvestigation.de",
    "HAUPTSTADT.TV": "HauptstadtTV.de",
    "MyTeam TV - Basketball 4": "MyTeamTVBasketball4.de",
    "NIEDERBAYERN TV - DEG": "NiederbayernTVDEG.de",
    "NIEDERBAYERN TV - LA": "NiederbayernTVLA.de",
    "NIEDERBAYERN TV - PA": "NiederbayernTVPA.de",
    "Sky Sport 12": "SkySport12.de",
    "Sky Sport 13": "SkySport13.de",
    "Sky Sport 14": "SkySport14.de",
    "Sky Sport Austria 1": "SkySportAustria1.de",
    "Sky Sport Austria 2": "SkySportAustria2.de",
    "Sky Sport Austria 3": "SkySportAustria3.de",
    "Sky Sport Austria 4": "SkySportAustria4.de",
    "tv.ingolstadt": "TVIngolstadt.de",
    "TV Mainfranken": "TVMainfranken.de"
    }
  }
}
