{
  "channels": {
    "CH": {
        "13eme Rue": "13RUE.fr",
        "13th Street": "13thStreet.de",
        "20 Mediaset": "20Mediaset.it",
        "2M Monde": "2MMonde.fr",
        "3+": "3plus.ch",
        "360": "360.tr",
        "3D Demo": "3DDemoHD.tv",
        "3sat": "3sat.ch",
        "4+": "4plus.ch",
        "4K Universe": "4KUniverseUHD.tv",
        "4Seven": "4Seven.uk",
        "5+": "5plus.ch",
        "5SELECT": "My5.uk",
        "5Spike": "Spike.uk",
        "5Star": "5star.uk",
        "5USA": "FiveUSA.uk",
        "6+": "6plus.ch",
        "6ter": "6ter.ch",
        "Crime + Investigation": "AandE.de",
        "AB1": "AB1.fr",
        "AB 3": "AB3.be",
        "Action": "Action.fr",
        "Ajoie TV": "AjoieTV.ch",
        "Al Arabiya": "AlarabiyaHD.net",
        "ALF-TV": "ALF-TV.ch",
        "Alice": "Alice.it",
        "Al Jazeera": "AlJazeera.ae",
        "Al Jazeera English": "AlJazeera.nws",
        "Alpenland TV": "AlpenlandTV.ch",
        "Andalucía Televisión": "AndalucíaTV.es",
        "Animal Planet D": "AnimalPlanet.de",
        "Animal Planet I": "AnimalPlanet.it",
        "Animaux": "Animaux.fr",
        "Animax": "Animax.tv",
        "Anixe": "AnixeHD.de",
        "Antenna 3": "Antenna3.it",
        "ARD-alpha": "ARD-alpha.de",
        "Arte Deutsch": "ARTE.de",
        "Arte Français": "ARTE.fr",
        "Arirang": "rirangTv.kr",
        "ATV (TR)": "ATV.tr",
        "ATV Avrupa": "ATVAvrupa.tr",
        "Auftanken TV": "AuftankenTV.ch",
        "auto motor und sport": "AutoMotorSport.de",
        "AUTOMOTO": "AUTOMOTO.fr",
        "AXN Deutschland": "AXN.de",
        "B1 TV": "B1TV.ro",
        "BBC Entertainment": "BBCEntertainment.de",
        "BBC Four": "BBC4.uk",
        "BBC News": "BBCNews.nws",
        "BBC One": "BBC1.uk",
        "BBC Parliament": "BBCParliament.uk",
        "BBC Three": "BBC3.uk",
        "BBC Two": "BBC2.uk",
        "BBC World News": "BBCWorldNews.nws",
        "BeCurious TV HD": "BeCuriousTV.ch",
        "BFM Business": "BFMBusiness.fr",
        "BFM TV": "BFMTV.ch",
        "Bibel TV": "BibelTV.de",
        "Bliss": "Bliss.tv",
        "Bloomberg TV": "Bloomberg.nws",
        "BN TV Sat": "BNTV.hr",
        "Bodensee TV": "BodenseeTV.de",
        "Body in Balance": "BodyInBalance.gr",
        "Boing F": "Boing.fr",
        "Boing I": "Boing.ir",
        "BonGusto" : "BonGusto.de",
        "Boomerang D": "Boomerang.de",
        "Boomerang F": "Boomerang.fr",
        "Booster TV": "BoosterTV.ch",
        "Box Upfront": "BoxUpfront.uk",
        "BR": "BR.de",
        "BVN TV": "BVN.be",
        "C8": "C8.ch",
        "CANAL+": "CANALplus.fr",
        "Canal 24 Horas": "Canal24Horas.es",
        "Canal 9": "Canal9.ch",
        "Canal Alpha JU": "CanalAlphaJU.ch",
        "Canal Alpha NE": "CanalAlpha.ch",
        "CANAL+ Cinema": "CANALplusCINEMA.fr",
        "CANAL+ Décalé": "CANALplusDECALE.fr",
        "Canal de las Estrellas Europe": "CanalEstrellas.es",
        "Canale 5": "Canale5.it",
        "Canale Italia": "CanaleItalia.it",
        "Canal+ en clair": "CANALplusENCLAIR.fr",
        "Canal Extremadura": "CanalExtremadura.es",
        "CANAL+ Family": "CANALplusFamily.fr",
        "Canal J": "CanalJ.fr",
        "CANAL+ Series": "CanalplusSeries.fr",
        "CANAL+ Sport": "CANALplusSPORT.fr",
        "Capital TV": "CapitalTV.uk",
        "cartoonito": "Cartoonito.it",
        "Cartoon Network D": "CartoonNetwork.ch",
        "Cartoon Network F": "CartoonNetwork.fr",
        "CBBC": "CBBC.uk",
        "CBeebies": "CBeebies.uk",
        "CBS Reality": "CBSReality.uk",
        "CCONE": "CCONE.ch",
        "CCTV4": "CCTV4.nws",
        "CGTN": "CGTN.cn",
        "CTC International": "CTCInternational.nws",
        "Challenge": "Challenge.uk",
        "Channel 1 Russia": "Channel1Rus.il",
        "Channel 4": "Channel4.uk",
        "Channel 55": "Channel55.ch",
        "Chart Show TV": "ChartShowTV.uk",
        "Chasse et Peche": "ChassePeche.fr",
        "Chelsea TV": "ChelseaTV.uk",
        "Chérie 25": "Cherie25.fr",
        "CHTV": "CHTV.ch",
        "Cielo": "Cielo.it",
        "Ciné+ Classic": "CinecinemaClassic.fr",
        "Ciné+ Club": "CinecinemaClub.fr",
        "Cine+ Emotion": "CinecinemaEmotion.fr",
        "Ciné+ Famiz": "CinecinemaFamiz.fr",
        "Cine+ Frisson": "CinecinemaFrisson.fr",
        "Ciné FX": "CineFX.fr",
        "Ciné Polar": "CinePolar.fr",
        "Ciné + Premier": "CinecinemaPremier.fr",
        "Cine Sony": "CineSonyItalia.it",
        "Class TV Moda": "ClassTVModa.it",
        "Clubland TV": "ClublandTV.uk",
        "CNBC Europe": "CNBC.nws",
        "CNEWS": "CNews.fr",
        "CNN": "CNN.nws",
        "CNN Money Switzerland": "CNNMoney.ch",
        "CNN Türk": "CNN.tr",
        "Collection": "Collection.tv",
        "Comedie!+": "Comedie.fr",
        "Comedy Central": "ComedyCentral/VIVA.ch",
        "Crime District": "CrimeDistrict.fr",
        "Croatian Music Channel": "CMC.hr",
        "CSTAR": "CStar.fr",
        "Cuisine+": "MyCuisine.fr",
        "Das Erste": "ARD.de",
        "Dave": "Dave.uk",
        "DAZN": "DAZN.de",
        "Deepam TV": "DeepamTV.uk",
        "Deluxe Music": "DeLuxeMusic.de",
        "Deluxe Music HD": "DeLuxeMusic.de",
        "De Pelicula": "DePelicula.mx",
        "Deutsches Musik Fernsehen": "DeutschesMusikFernsehen.de",
        "Digiturk": "DigiturkUHD.tr",
        "Discovery Channel D": "DiscoveryChannel.de",
        "Discovery Channel I": "Discovery.it",
        "Discovery F": "Discovery.fr",
        "Discovery Travel + Living I": "DiscoveryTravel.it",
        "Disney Channel D": "disneychannel.de",
        "Disney Channel F": "DisneyChannel.fr",
        "Disney Cinema F": "DisneyCinema.fr",
        "Disney Cinemagic": "DisneyCinemagic.de",
        "Disney Junior D": "DisneyJunior.de",
        "Disney Junior F": "DisneyJunior.fr",
        "Disney Junior Italia": "DisneyJunior.it",
        "Disney XD D": "DisneyXD.de",
        "Disney XD F": "DisneyXD.fr",
        "DMAX": "DMax.ch",
        "DMAX Italia": "DMAX.it",
        "DMAX UK": "DMax.uk",
        "DM Sat TV": "DMSat.bg",
        "Drama": "Drama.uk",
        "Dubai TV": "DubaiTVHD.net",
        "Duna TV": "Duna.hu",
        "Duna World": "Duna2.hu",
        "DW Deutsch": "DeutscheWelleDE.de",
        "DW Englisch": "DeutscheWelleEN.de",
        "E4": "E4.uk",
        "E! Entertainment Deutschland": "EEntertainment.de",
        "E! Entertainment Europe": "E.uk",
        "E! Entertainment France": "Eentertainment.fr",
        "Eins Plus": "EinsPlus.de",
        "ELLE GIRL": "ELLEGirl.fr",
        "Energy TV": "Energy.ch",
        "English Club TV": "EnglishClubTV.uk",
        "eo TV": "eoTV.de",
        "Equidia Life": "EquidiaLife.fr",
        "Equidia Live": "EquidiaLive.fr",
        "ERT World": "ERTWorld.gr",
        "ES1": "ES1.fr",
        "ESC (Al Masriya)": "ESC1.eg",
        "eSports1": "Sport1US.de",
        "esportsTV": "eSportsTV.eu",
        "Euro D": "EuroD.bg",
        "Euronews D": "EuronewsDE.nws",
        "Euronews E": "Euronews.nws",
        "Euronews F": "EuronewsFR.nws",
        "Euronews I": "EuronewsIT.nws",
        "Eurosport 1 D": "Eurosport1.de",
        "Eurosport 1 E": "Eurosport1.uk",
        "Eurosport 1 F": "Eurosport1.fr",
        "Eurosport 1 I": "Eurosport1.it",
        "Eurosport 2 D": "Eurosport2.de",
        "Eurosport 2 F": "Eurosport2.fr",
        "Eurosport 2 I": "Eurosport2.it",
        "Eurosport 2 XTRA HD": "Eurosport2Xtra.de",
        "Eurosport 2 XTRA": "Eurosport2Xtra.de",
        "Euro Star": "EUROSTAR.il",
        "Extreme Sports": "ExtremeSports.de",
        "Fashion One 4K": "FashionOne4k.eu",
        "Fashion TV": "FashionTV.eu",
        "Film Four": "Film4.uk",
        "Fine Living": "FineLiving.eu",
        "Five": "Channel5.uk",
        "Flava": "Flava.uk",
        "Focus": "Focus.it",
        "folx.tv": "FolxTV.de",
        "Food Network E": "FoodNetwork.uk",
        "Food Network IT": "FoodNetwork.it",
        "Fox": "Fox.de",
        "France 2": "France2.fr",
        "France 24 English": "France24.fr",
        "France 24": "France24fr.fr",
        "France 3": "France3.fr",
        "France 4": "France4.fr",
        "France 5": "France5.fr",
        "franceinfo": "Franceinfo.fr",
        "France O": "FranceO.fr",
        "Fransat UHD Demo": "FransatUHDDemo.fr",
        "FreeSports": "FreeSports.uk",
        "Frisbee": "Frisbee.it",
        "Fun Box Ultra": "FunBoxUltra.tv",
        "Game TV": "GameTV.ch",
        "Game TV HD": "GameTV.ch",
        "Genève Région Télévision/TéléVersoix": "GeneveTV.ch",
        "GEO Television": "GEOTV.de",
        "Giallo": "Giallo.it",
        "Ginx TV": "GINXeSportsTV.uk",
        "Golf Channel": "GolfChannel.us",
        "GOLF+": "Golfplus.fr",
        "gotv": "go.tv",
        "Grand Genève TV": "GrandGeneveTV.ch",
        "Gulli": "Gulli.fr",
        "Hayat FOLK": "HayatFolk.ba",
        "Hayat Music": "HayatMusic.ba",
        "Hayat PLUS": "hayat-plus.ba",
        "Heart TV": "HeartTV.uk",
        "Heimatkanal": "Heimatkanal.de",
        "Hispasat 4K": "Hispasat4K.tv",
        "histoire": "Histoire.fr",
        "History": "History.de",
        "History IT": "History.it",
        "Home & Garden TV": "HGTV.de",
        "Home & Garden TV IT": "HGTV.it",
        "Home & Garden TV UK": "HGTV.uk",
        "Hope Channel": "HopeChannel.de",
        "Hot Bird 4K1": "HotBird4K1.tv",
        "HR": "HR.de",
        "HRT 1": "HRT1TV.hr",
        "HRT Int.": "HRT5.hr",
        "HSE 24": "HSE24.de",
        "i24 News": "i24News.en.nws",
        "i24 News Français": "i24News.fr",
        "infosport+": "Infosport.fr",
        "Info TV Davos Klosters": "InfoTVDavosKlosters.ch",
        "Insight": "Insight.eu",
        "Insight UHD": "InsightUHD.eu",
        "IRIS": "Iris.it",
        "Italia 1": "Italia1.it",
        "Italia 2": "Italia2.it",
        "Italia Channel": "ItaliaChannel.it",
        "itv 1": "ITV1.uk",
        "itv 2": "ITV2.uk",
        "itv 3": "ITV3.uk",
        "itv 4": "ITV4.uk",
        "ITV Be": "ITVBe.uk",
        "joiz": "Joiz.ch",
        "Junior": "Junior.de",
        "K2": "K2.it",
        "Kabel eins": "Kabel.ch",
        "kabel eins CLASSICS": "KabelEinsClassic.de",
        "kabel eins Doku": "KabelEinsDoku.ch",
        "Kanal 9": "Kanal9.ch",
        "KBS World": "KBSWorld.kr",
        "Kerrang!": "Kerrang.uk",
        "KiKa": "Kika.de",
        "Kinomir": "NaschKinomir.rs",
        "Kinowelt": "Kinowelt.de",
        "Kiss TV": "KissTV.uk",
        "Klan Kosova": "KlanKosova.tv",
        "KTO": "KTO.fr",
        "K-TV": "KTV.de",
        "KTV Kohavision": "Kohavision.tv",
        "Kurdistan TV": "KurdistanTV.iq",
        "Kurdsat": "Kurdsat.tv",
        "Kuriakos TV": "KURIAKOSTV.pt",
        "La5": "LA5.it",
        "La 7": "La7.it",
        "La 7d": "La7d.it",
        "La Chaine Info": "LCI.fr",
        "Lancy TV": "lancy.tv",
        "La Télé": "LaTele.ch",
        "La Télé - Fribourg": "LaTeleFRI.ch",
        "LATINOS 1": "LATINOS1.es",
        "Léman Bleu Télévision": "LemanBleu.ch",
        "L'Equipe": "EquipeTV.fr",
        "lfm TV": "LFMTV.ch",
        "Loly TV": "LolyTV.ch",
        "Love Nature 4K": "LoveNature4K.tv",
        "M6 Boutique": "M6Boutique.fr",
        "M6": "M6.ch",
        "Maison+": "MaisonPlus.fr",
        "Mangas": "Mangas.fr",
        "Marco Polo TV": "Marcopolo.it",
        "Max TV": "Max.tv",
        "MCM Top": "MCMtop.fr",
        "MDR": "MDRSachsen.de",
        "Mediaset Extra": "MediasetExtra.it",
        "MelodieTV": "MelodieTV.at",
        "Mezzo": "Mezzo.be",
        "Mezzo Live": "MezzoLive.be",
        "MGM": "MGM.de",
        "Montagne TV": "MontagneTV.ch",
        "More 4": "More4.uk",
        "Motorsport TV": "MotorsportTV.fr",
        "Motor Trend": "MotorTrend.it",
        "Motorvision": "MotorVision.de",
        "Motorvision TV": "MotorVision.de",
        "Motorvision.TV France": "MotorVision.fr",
        "MPT Sat": "MPTSat.tv",
        "MTV Brand New": "MTVBrandNew.nl",
        "MTV": "MTV.ch",
        "MTV Dance": "MTVDance.ch",
        "MTV Hits": "MTVHits.eu",
        "MTV Live": "MTVLiveHD.eu",
        "MTV Music 24": "MTVMusic.eu",
        "MTV Rocks": "MTVRocks.eu",
        "musig24": "musig24.ch",
        "MUTV": "MUTV.uk",
        "my Canal": "myCanal.fr",
        "My Cuisine": "MyCuisine.fr",
        "My Music": "MyMusic.al",
        "myMTV Music": "myMTVMusic.ch",
        "MySports One D": "MySports1.ch",
        "MySports One F": "MySports1.fr",
        "MySports Preview D": "MySportsPreview.ch",
        "MySports Preview F": "MySportsPreview.fr",
        "N24 Doku": "N24Doku.de",
        "NASA TV": "NASA.us",
        "Nat Geo People I": "NatGeoPeople.it",
        "National Geographic D": "NatGeo.de",
        "National Geographic F": "NationalGeographic.fr",
        "National Geographic I": "NationalGeo.it",
        "National Geographic Wild D": "NatGeoWild.de",
        "National Geographic Wild F": "NatGeoWildHD.fr",
        "National Geographic Wild I": "NatGeoWild.it",
        "Nautical Channel": "Nautical.eu",
        "NDR": "ndr.de",
        "Netflix": "Netflix.tv",
        "NHK World": "NHKworld.jp",
        "Nick": "Nickelodeon.ch",
        "Nicktoons" : "Nicktoons.de",
        "Nickelodeon": "Nickelodeon.fr",
        "Nickelodeon Junior": "NickJr.fr",
        "Nitro": "RTLNitro.ch",
        "NOVE": "Nove.it",
        "Now 70s": "Now70s.uk",  
        "Now 80s": "Now80s.uk",
        "Now 90s": "ChilledTV.uk",
        "NRJ12": "NRJ12.fr",
        "NRTV": "NRTV.ch",
        "NTV Avrupa": "NTVAvrupa.tr",
        "n-tv": "ntv.ch",
        "Nuvola61": "Nuvola61.it",
        "OBN TV": "OBN.hr",
        "OCS App": "OCSApp.tv",
        "OCS Choc": "OrangeCinechoc.fr",
        "OCS City génération HBO": "OrangeCineHappy.fr",
        "OCS Géants": "OrangeCineGeants.fr",
        "OCS Max": "OrangeCinemax.fr",
        "One": "One.de",
        "One TV": "OneTV.ch",
        "ORF 1": "ORF1.at",
        "ORF 2": "ORF2.at",
        "ORF 3": "ORF3.at",
        "ORF eins": "ORF1.at",
        "OstWest": "OstWest.rs",
        "Paramount Channel I": "Paramountchannel.it",
        "Paramount F": "Paramountchannel.fr",
        "Paramount Network UK": "ParamountNetwork.uk",
        "PBS America": "PBS.uk",
        "Phoenix Info News": "PhoenixInfoNews.hk",
        "Phoenix TV": "phoenix.de",
        "Pick": "PickTV.uk",
        "Pilatus Beatz": "PilatusBeatz.ch",
        "Pink Extra": "PinkExtra.si",
        "Pink Film": "PinkFilm.rs",
        "Pink Folk": "PinkFolk1.rs",
        "Pink Kids": "PINKKids.rs",
        "Pink Koncert": "PinkLive.rs",
        "Pink Music": "PinkMusic.si",
        "Pink Plus": "PINKPlus.hr",
        "Pink Reality": "PinkReality.rs",
        "Pink Serije": "PinkSerije.rs",
        "Pink World": "PinkWorld.rs",
        "Piwi+": "PIWI.fr",
        "Planet D": "PLANET.de",
        "Planète+": "PLANETE.fr",
        "Planète+ A&E": "PLANETEnoLIMIT.fr",
        "Planète+ C&I": "PLANETEJustice.fr",
        "Planète+ Thalassa": "PLANETEThalassa.fr",
        "Polar+": "PolarPlus.fr",
        "Powertürk": "PowerTurk.tr",
        "ProSieben": "Pro7.ch",
        "pro 7 fun" : "ProSiebenFun.de",
        "ProSieben MAXX": "ProSiebenMaxx.ch",
        "Pro TV International": "ProTVInternational.ro",
        "PTPC": "PTPC.rs",
        "Puls 24": "Puls24.at",
        "Puls 8": "Puls8.ch",
        "Quest": "Quest.uk",
        "R9 Österreich": "R9Osterreich.at",
        "Radionorba TV": "RadionorbaTV.it",
        "Rai 1": "Rai1.it",
        "Rai 2": "Rai2.it",
        "Rai 3": "Rai3.it",
        "Rai 4": "Rai4.it",
        "Rai 5": "Rai5.it",
        "Rai Gulp": "RaiGulp.it",
        "Rai HD": "RaiHD.it",
        "Rai Movie": "RaiMovie.it",
        "Rai News": "RaiNews.it",
        "Rai Premium": "RaiPremium.it",
        "Rai Scuola": "RaiScuola.it",
        "Rai Sport 1": "RaiSport.it",
        "Rai Sport 2": "RaiSportPlus.it",
        "Rai Storia": "RaiStoria.it",
        "Rai Yoyo": "RaiYoyo.it",
        "RBB": "rbbBerlin.de",
        "Real Time": "RealTime.it",
        "Record TV": "tvrecord.pt",
        "regioTVplus": "regioTVplus.ch",
        "Rete 4": "Rete4.it",
        "RFM TV": "RFMTV.fr",
        "Rheinwelten TV": "RheinweltenTV.ch",
        "RIC TV": "RiC.de",
        "RIK Sat": "RikSat.gr",
        "Ritmoson": "Ritmoson.mx",
        "RMC Découverte": "RMCdecouverte.fr",
        "RMC Sport 4": "RMCSport4.fr",
        "RMC Sport Access 1": "RMCSportAccess1.fr",
        "RMC Sport Access 2": "RMCSportAccess2.fr",
        "RMC Sport Access 3": "RMCSportAccess3.fr",
        "RMC Sport News": "RMCSportNews.fr",
        "RMC Story": "Numero23.fr",
        "Romance TV": "Romance.de",
        "Rouge TV": "RougeTV.ch",
        "RSI La 1": "RSILa1.ch",
        "RSI LA 2": "RSILa2.ch",
        "RTK1": "RTK.sl",
        "RTL 102.5 TV": "RTL102.5TV.it",
        "RTL ZWEI": "RTL2.ch",
        "RTL9": "RTL9.ch",
        "RTL": "RTL.ch",
        "RTL Crime": "RTLCrime.de",
        "RTL Living": "RTLLiving.de",
        "RTL Passion": "RTLPassion.de",
        "RTL Plus": "RTLPlus.de",
        "RTP 3": "RTP3.pt",
        "RTP Internacional": "RTPi.pt",
        "RTR Planeta": "RTRPlaneta.pl",
        "RTS deux": "RTSDeux.ch",
        "RTSH 1": "RTSH1.al",
        "RTS Sat": "RTSSat.rs",
        "RTS Svet": "RTSSAT.rs",
        "RTS un": "RTSUn.ch",
        "RTV 21 Sat": "RTV21.al",
        "RTVi": "RTVi.il",
        "Rudaw TV": "Rudaw.tv",
        "RT": "RussiaToday.uk",
        "S1": "S1.ch",
        "SAT.1": "Sat1.ch",
        "Sat.1 emotions": "Sat1Emotions.de",
        "SAT.1 GOLD": "Sat1Gold.ch",
        "Schaffhauser Fernsehen": "SchaffhauserFernsehen.ch",
        "SHf - Schaffhauser Fernsehen": "SchaffhauserFernsehen.ch",
        "Schlager Deluxe": "SchlagerDeluxe.de",
        "Schweiz 5": "SCHWEIZ5.ch",
        "Science &amp; Vie": "ScienceVie.fr",
        "Science Channel F": "ScienceChannel.fr",
        "Science Channel I": "ScienceChannel.it",
        "Seasons": "Seasons.fr",
        "Servus TV": "ServusHD.ch",
        "Session Council Of States": "SessionCouncilOfStates.ch",
        "Session National Council": "SessionNationalCouncil.ch",
        "SFR Sport 4K": "SFRSport4k.fr",
        "Showmax": "Showmax.tr",
        "Show Türk": "15.Show TV.digiturk.com.tr",
        "SIC Internacional": "sic.pt",
        "SIC Noticias": "sicnoticias.pt",
        "sixx": "Sixx.ch",
        "Sky 1": "Sky1.de",
        "Sky 1+ 1": "Sky1Plus1.de",
        "Sky App": "SkyApp.tv",
        "Sky Atlantic": "SkyAtlantic.de",
        "Sky Atlantic +1": "SkyAtlanticplus1.de",
        "Sky Krimi": "SkyKrimi.de",
        "Sky News International": "SkyNews.uk",
        "Sky Sport 1": "SkySport1.de",
        "Sky Sport 2": "SkySport2.de",
        "Sky Sport Bundesliga 1": "SkyBundesliga1.de",
        "Sky Sport News": "SkySportNewsHD.de",
        "sky TG 24": "SkyTG24.it",
        "Smithsonian Channel UK": "SmithsonianChannel.uk",
        "Sony Channel": "SonyEntertainmentTV.de",
        "Spiegel Geschichte": "SpiegelGeschichte.de",
        "Spiegel TV Wissen": "SpiegelTV.de",
        "Spike": "Spike.it",
        "Sport1": "Sport1HD.ch",
        "SPORT1+": "SPORT1Plus.de",
        "SPORTDIGITAL FUSSBALL" : "sportdigital.de",
        "Sport Italia": "Sportitalia.it",
        "Sport Szene Fernsehen": "SchweizerSportFernsehen.ch",
        "SRF 1": "SRF1.ch",
        "SR Fernsehen": "SRFernsehen.de",
        "SRF info": "SRFinfo.ch",
        "SRF zwei": "SRF2.ch",
        "Star Gold": "StarGold.uk",
        "Star Plus": "StarPlus.uk",
        "Star TV": "StarTV.ch",
        "Star TV Tur": "StarTV.tr",
        "Star Vijay": "StarVijay.in",
        "Stingray Classica D": "Classica.eu",
        "Stingray Classica F": "Classica.fr",
        "Stingray Classica I": "Classica.it",
        "Stingray Festival 4K": "StingrayFestival.fr",
        "Stingray iConcerts": "StingrayIconcerts.eu",
        "STS International": "STSInt.rs",
        "Stylia": "Stylia.fr",
        "Super!": "Super!.it",
        "Super RTL": "SuperRTL.ch",
        "SuperTennis TV": "SuperTennis.it",
        "Svet Plus": "SvetPlus3.rs",
        "SWISS1": "Swiss1.ch",
        "SWR": "SWR.de",
        "Syfy D": "SciFi.de",
        "Syfy F": "Syfy.fr",
        "Tagesschau24": "tagesschau24.de",
        "TC Flash D": "TCFlash.tv",
        "TCM CINEMA": "TCMCinema.fr",
        "Tele 1": "Tele1.ch",
        "Tele 5": "Tele5.de",
        "Tele Bärn": "TeleBaern.ch",
        "Telebasel": "TeleBasel.ch",
        "Tele Bielingue": "TeleBielingue.ch",
        "TeleBom - TeleDom": "TTelebomTeleDom.rs",
        "Telecity 7 Gold": "Telecity7Gold.it",
        "blue Action": "blueAction.ch",
        "blue Cinema": "blueCinema.ch",
        "blue Cinemax": "blueCinemax.ch",
        "blue City": "blueCity.ch",
        "blue Prime": "bluePrime.ch",
        "blue Emotion": "blueEmotion.ch",
        "blue Extra D": "blueExtraDE.ch",
        "blue Extra F": "blueExtraFR.ch",
        "blue Retro": "blueRetro.ch",
        "blue Stars": "blueStars.ch",
        "blue Vision TV": "blueVision.ch",
        "blue Sport 1": "blueSport1.ch",
        "blue Sport 2": "blueSport2.ch",
        "blue Sport 3": "blueSport3.ch",
        "blue Sport 4": "blueSport4.ch",
        "blue Sport 5": "blueSport5.ch",
        "blue Sport 6": "blueSport6.ch",
        "blue Sport 7": "blueSport7.ch",
        "blue Sport 8": "blueSport8.ch",
        "blue Sport 9": "blueSport9.ch",
        "blue Sport 10": "blueSport10.ch",
        "blue Sport 11": "blueSport11.ch",
        "blue Sport 12": "blueSport12.ch",
        "blue Sport 13": "blueSport13.ch",
        "blue Sport 14": "blueSport14.ch",
        "blue Sport 15": "blueSport15.ch",
        "blue Sport 16": "blueSport16.ch",
        "blue Sport 17": "blueSport17.ch",
        "blue Sport 18": "blueSport18.ch",
        "blue Sport 19": "blueSport19.ch",
        "blue Sport 20": "blueSport20.ch",
        "blue Sport 21": "blueSport21.ch",
        "blue Sport 22": "blueSport22.ch",
        "blue Sport 23": "blueSport23.ch",
        "blue Sport 24": "blueSport24.ch",
        "blue Sport 25": "blueSport25.ch",
        "blue Sport 26": "blueSport26.ch",
        "blue Sport 27": "blueSport27.ch",
        "blue Sport 28": "blueSport28.ch",
        "blue Sport 29": "blueSport29.ch",
        "blue Sport 30": "blueSport30.ch",
        "blue Sport 31": "blueSport31.ch",
        "blue Sport 32": "blueSport32.ch",
        "blue Sport 33": "blueSport33.ch",
        "blue Sport 34": "blueSport34.ch",
        "blue Sport 35": "blueSport35.ch",
        "blue Sport 36": "blueSport36.ch",
        "blue Sport 37": "blueSport37.ch",
        "blue Sport 38": "blueSport38.ch",
        "blue Sport 39": "blueSport39.ch",
        "blue Sport 40": "blueSport40.ch",
        "blue Sport 41": "blueSport41.ch",
        "blue Sport Event 1": "blueSportEvent1.ch",
        "blue Sport Event 10": "blueSportEvent10.ch",
        "blue Sport Event 11": "blueSportEvent11.ch",
        "blue Sport Event 12": "blueSportEvent12.ch",
        "blue Sport Event 13": "blueSportEvent13.ch",
        "blue Sport Event 14": "blueSportEvent14.ch",
        "blue Sport Event 15": "blueSportEvent15.ch",
        "blue Sport Event 16": "blueSportEvent16.ch",
        "blue Sport Event 17": "blueSportEvent17.ch",
        "blue Sport Event 18": "blueSportEvent18.ch",
        "blue Sport Event 19": "blueSportEvent19.ch",
        "blue Sport Event 1 UHD": "blueSportEvent1UHD.ch",
        "blue Sport Event 2": "blueSportEvent2",
        "blue Sport Event 20": "blueSportEvent20.ch",
        "blue Sport Event 21": "blueSportEvent21.ch",
        "blue Sport Event 22": "blueSportEvent22.ch",
        "blue Sport Event 23": "blueSportEvent23.ch",
        "blue Sport Event 24": "blueSportEvent24.ch",
        "blue Sport Event 25": "blueSportEvent25.ch",
        "blue Sport Event 26": "blueSportEvent26.ch",
        "blue Sport Event 27": "blueSportEvent27.ch",
        "blue Sport Event 28": "blueSportEvent28.ch",
        "blue Sport Event 29": "blueSportEvent29.ch",
        "blue Sport Event 2 UHD": "blueSportEvent2UHD.ch",
        "blue Sport Event 3": "blueSportEvent3.ch",
        "blue Sport Event 30": "blueSportEvent30.ch",
        "blue Sport Event 31": "blueSportEvent31.ch",
        "blue Sport Event 32": "blueSportEvent32.ch",
        "blue Sport Event 33": "blueSportEvent33.ch",
        "blue Sport Event 34": "blueSportEvent34.ch",
        "blue Sport Event 35": "blueSportEvent35.ch",
        "blue Sport Event 36": "blueSportEvent36.ch",
        "blue Sport Event 37": "blueSportEvent37.ch",
        "blue Sport Event 38": "blueSportEvent38.ch",
        "blue Sport Event 39": "blueSportEvent39.ch",
        "blue Sport Event 3 UHD": "blueSportEvent3UHD.ch",
        "blue Sport Event 4": "blueSportEvent4.ch",
        "blue Sport Event 4 UHD": "blueSportEvent4UHD.ch",
        "blue Sport Event 5": "blueSportEvent5.ch",
        "blue Sport Event 6": "blueSportEvent6.ch",
        "blue Sport Event 7": "blueSportEvent7.ch",
        "blue Sport Event 8": "blueSportEvent8.ch",
        "blue Sport Event 9": "blueSportEvent9.ch",
        "blue Sports": "blueSports.ch",
        "blue Sports Event 1": "blueSportsEvent1.ch",
        "blue Sports Event 10": "blueSportsEvent10.ch",
        "blue Sports Event 11": "blueSportsEvent11.ch",
        "blue Sports Event 12": "blueSportsEvent12.ch",
        "blue Sports Event 13": "blueSportsEvent13.ch",
        "blue Sports Event 14": "blueSportsEvent14.ch",
        "blue Sports Event 15": "blueSportsEvent15.ch",
        "blue Sports Event 16": "blueSportsEvent16.ch",
        "blue Sports Event 17": "blueSportsEvent17.ch",
        "blue Sports Event 18": "blueSportsEvent18.ch",
        "blue Sports Event 19": "blueSportsEvent19.ch",
        "blue Sports Event 1 UHD": "blueSportsEvent1UHD.ch",
        "blue Sports Event 2": "blueSportsEvent2.ch",
        "blue Sports Event 20": "blueSportsEvent20.ch",
        "blue Sports Event 21": "blueSportsEvent21.ch",
        "blue Sports Event 22": "blueSportsEvent22.ch",
        "blue Sports Event 23": "blueSportsEvent23.ch",
        "blue Sports Event 24": "blueSportsEvent24.ch",
        "blue Sports Event 25": "blueSportsEvent25.ch",
        "blue Sports Event 26": "blueSportsEvent26.ch",
        "blue Sports Event 27": "blueSportsEvent27.ch",
        "blue Sports Event 28": "blueSportsEvent28.ch",
        "blue Sports Event 29": "blueSportsEvent29.ch",
        "blue Sports Event 2 UHD": "blueSportsEvent2UHD.ch",
        "blue Sports Event 3": "blueSportsEvent3.ch",
        "blue Sports Event 30": "blueSportsEvent30.ch",
        "blue Sports Event 31": "blueSportsEvent31.ch",
        "blue Sports Event 32": "blueSportsEvent32.ch",
        "blue Sports Event 33": "blueSportsEvent33.ch",
        "blue Sports Event 3 UHD": "blueSportsEvent3UHD.ch",
        "blue Sports Event 4": "blueSportsEvent4.ch",
        "blue Sports Event 4 UHD": "blueSportsEvent4UHD.ch",
        "blue Sports Event 5": "blueSportsEvent5.ch",
        "blue Sports Event 6": "blueSportsEvent6.ch",
        "blue Sports Event 7": "blueSportsEvent7.ch",
        "blue Sports Event 8": "blueSportsEvent8.ch",
        "blue Sports Event 9": "blueSportsEvent9.ch",
        "blue Sports 1": "blueSports1.ch",
        "blue Sports 10": "blueSports10.ch",
        "blue Sports 11": "blueSports11.ch",
        "blue Sports 12": "blueSports12.ch",
        "blue Sports 13": "blueSports13.ch",
        "blue Sports 14": "blueSports14.ch",
        "blue Sports 15": "blueSports15.ch",
        "blue Sports 16": "blueSports16.ch",
        "blue Sports 17": "blueSports17.ch",
        "blue Sports 18": "blueSports18.ch",
        "blue Sports 19": "blueSports19.ch",
        "blue Sports 2": "blueSports2.ch",
        "blue Sports 20": "blueSports20.ch",
        "blue Sports 21": "blueSports21.ch",
        "blue Sports 22": "blueSports22.ch",
        "blue Sports 23": "blueSports23.ch",
        "blue Sports 24": "blueSports24.ch",
        "blue Sports 25": "blueSports25.ch",
        "blue Sports 26": "blueSports26.ch",
        "blue Sports 27": "blueSports27.ch",
        "blue Sports 28": "blueSports28.ch",
        "blue Sports 29": "blueSports29.ch",
        "blue Sports 3": "blueSports3.ch",
        "blue Sports 30": "blueSports30.ch",
        "blue Sports 31": "blueSports31.ch",
        "blue Sports 32": "blueSports32.ch",
        "blue Sports 33": "blueSports33.ch",
        "blue Sports 34": "blueSports34.ch",
        "blue Sports 4": "blueSports4.ch",
        "blue Sports 5": "blueSports5.ch",
        "blue Sports 6": "blueSports6.ch",
        "blue Sports 7": "blueSports7.ch",
        "blue Sports 8": "blueSports8.ch",
        "blue Sports 9": "blueSports9.ch",
        "blue Xtra D": "blueXtra.ch",
        "blue Zoom D": "blueZoom.ch",
        "blue Zoom F": "blueZoom.fr",
        "Tele D": "TeleD.ch",
        "Telelombardia": "Telelombardia.it",
        "Tele M1": "TeleM1.ch",
        "Telenova": "Telenova.it",
        "Telepace": "Telepace.it",
        "Tele Ticino": "TeleTicino.ch",
        "Télétoon+": "TeleTOON.fr",
        "Tele Top": "TeleTop.ch",
        "Tele Top SH": "TeleTopSH.ch",
        "Tele Top TG": "TeleTopTG.ch",
        "Televisión de Galicia": "TVGalicia.es",
        "Televista": "Televista.ch",
        "Tele Z": "TeleZ.ch",
        "Tele Zentralschweiz": "TeleZentralschweiz.ch",
        "Tele Züri": "TeleZuri.ch",
        "Test Italia": "TestItalia.it",
        "TF1": "TF1.ch",
        "TF1 Séries Films": "TF1SeriesFilms.fr",
        "TFX": "TFX.fr",
        "TGCom24": "Tgcom24.it",
        "TGRT EU": "84.TGRT Haber.digiturk.com.tr",
        "Thai TV Global Network": "ThaiTVGlobalNetwork.nws",
        "The Box": "TheBox.uk",
        "The Israeli Network": "IsraeliNetwork.tv",
        "Tiji": "Tiji.fr",
        "TLC": "TLC.ch",
        "Tlnovelas": "Tlnovelas.mx",
        "tm3": "FamilyTV.de",
        "TMC": "TMC.fr",
        "TNT Comedy": "TNTComedy.de",
        "TNT Film": "TNTFilm.de",
        "TNT Serie": "TNTSerie.de",
        "Toggo Plus": "TOOGOplus.de",
        "Toonami": "Toonami.fr",
        "Top Crime": "TopCrime.it",
        "Top News": "TopNews.tv",
        "Toute l'Histoire": "TouteHistoire.fr",
        "Trace Tropical": "TraceTropical.fr",
        "Trace Urban UK": "ChartShowTV.uk",
        "Trace Urban": "TraceUrban.fr",
        "Trek": "Trek.fr",
        "TRT Belgesel": "TRTBelgesel.tr",
        "TRT Çocuk": "TRTCocuk.tr",
        "TRT Kurdi": "TRTKurdi.tr",
        "TRT Müzik": "TRTMuezik.tr",
        "TRT Spor": "TRTSpor.tr",
        "TRT Türk": "TRTturk.tr",
        "TV2000": "TV2000.it",
        "TV24": "TV24.ch",
        "TV25": "TV25.ch",
        "TV4TNG HD": "TV4TNG.ch",
        "TV5 MONDE EUROPE": "TV5MondeEurope.fr",
        "TV5 Monde FBS": "TV5MondeFBS.fr",
        "TV8": "Tv8.it",
        "TV8 Mont Blanc": "TV8MontBlanc.fr",
        "TV8 Turkey": "TV8.tr",
        "tv breizh": "TVBreizh.fr",
        "TV Central": "TVCentral.tv",
        "TV Dukagjini": "Dukagjini.tv",
        "TVE Internacional": "TVE.es",
        "TV Globo Internacional": "TVGlobo.pt",
        "TVI Ficção": "TVIFiccao.pt",
        "TVI Internacional": "TVIInt.pt",
        "TV K:CN": "TVKCN.hr",
        "TVM3": "TVM3.ch",
        "TVO": "TVO.ch",
        "TV Oberwallis": "TVOberwallis.ch",
        "TV Onex": "TVOnex,ch",
        "TV Polonia": "TVPolonia.pl",
        "TV Rheintal": "TVRheintal.ch",
        "TV Romania International": "TVRomaniaInt.ro",
        "TV Südostschweiz": "TSO.ch",
        "UHD1 by ASTRA": "UHD1ASTRA.tv",
        "ULS Network": "ULSNetwork.ch",
        "Ultra Nature": "UltraNatureUHD.tv",
        "UNINETTUNO University TV": "UNINETTUNOUniversityTV.it",
        "Universal TV": "Universal.de",
        "Ushuaia TV": "UshuaiaTV.fr",
        "Vernier Visions": "VernierVisions.ch",
        "VH1": "VH1.eu",
        "VH1 Classic": "VH1Classic.eu",
        "VH1 Italy": "VH1.it",
        "Video Italia TV": "VideoItalia.it",
        "Vision TV": "VisionTV.ch",
        "VIVA": "ComedyCentral/VIVA.ch",
        "Vivolta": "Vivolta.fr",
        "VOX": "Vox.ch",
        "VOXup": "VOXup.de",
        "voyage": "Voyage.fr",
        "W9": "W9.ch",
        "Warner TV": "Warnertv.fr",
        "WDR": "WDR.de",
        "WELT": "WELT.ch",
        "Welt der Wunder TV": "WeltDerWunder.de",
        "Wetter.TV": "Wetterfernsehen.ch",
        "Yesterday": "Yesterday.uk",
        "Z1 Televizija": "Z1.hr",
        "ZDF": "ZDF.de",
        "ZDFinfo": "ZDFinfo.de",
        "ZDF.kultur": "ZDFkultur.de",
        "ZDFneo": "ZDFneo.de",
        "Zee One": "ZeeOne.de"
    }
  }
}
