{
  "categories": {
    "DE": {
      "Abenteuer" :"Adventure / Western / War",
      "Action": "Adventure / Western / War",
      "Animation": "Cartoons / Puppets",
      "Auto": "Motor sport",
      "Basketball": "Team sports (excluding football)",
      "Biografie": "Movie / Drama",
      "Comedy": "Comedy",
      "Dokumentation": "Documentary",
      "Dokusoap": "Documentary",
      "Drama": "Movie / Drama",
      "Erotischer Film": "Adult movie / Drama",
      "Fantasy": "Science fiction / Fantasy / Horror",
      "Fußball": "Football / Soccer",
      "Familie": "Children's / Youth programs",
      "Geschichte": "Education / Science / Factual topics",
      "Gesellschaft": "Social / Political issues / Economics",
      "Heimwerker": "Handicraft",
      "Horror": "Science fiction / Fantasy / Horror",
      "Kinder": "Children's / Youth programs",
      "Kochen": "Cooking",
      "Komödie": "Comedy",
      "Krimi": "Detective / Thriller",
      "Kultur": "Arts / Culture (without music)",
      "Lifestyle": "Arts / Culture (without music)",
      "Magazin": "Magazines / Reports / Documentary",
      "Musik": "Music / Ballet / Dance",
      "Nachrichten": "News / Current affairs",
      "Natur und Tiere": "Nature / Animals / Environment",
      "Politik": "Social / Political issues / Economics",
      "Queer": "new media",
      "Ratgeber": "Further education",
      "Reality": "Show / Game show",
      "Reisen": "Tourism / Travel",
      "Reportage": "Magazines / Reports / Documentary",
      "Romantik": "Romance",
      "Satire": "Comedy",
      "ScienceFiction": "Science fiction / Fantasy / Horror",
      "Show": "Game show / Quiz / Contest",
      "Sitcom": "Soap / Melodrama / Folkloric",
      "Soap": "Soap / Melodrama / Folkloric",
      "Sport": "Sports",
      "Talkshow": "Talk show",
      "Thriller": "Detective / Thriller",
      "Unterhaltung": "Game show / Quiz / Contest",
      "Verschiedenes": "undefined content",
      "Western": "Adventure / Western / War",
      "Wissen": "Magazines / Reports / Documentary"            
    }
  }
}
