{
  "categories": {
  "CZ": {
          "Akčný": "Adventure / Western / War",
          "Balet": "Music / Ballet / Dance",
          "Bojové umenie": "Martial sports",
          "Cestovanie": "Tourism / Travel",
          "Dalšie vzdelávanie": "Further education",
          "Detský/Mládežnický": "Children's / Youth programs",
          "Diskusia": "Discussion",
          "Dobrodružný": "Adventure",
          "Dokumentárny": "Documentary",
          "Dráma": "Drama",
          "Ekonomika": "Economics",
          "Expedícia": "Expeditions",
          "Extrémne športy": "Sports",
          "FILM": "Film",
          "Futbal": "Football",
          "Herný": "Game show",
          "Historický": "Historical movie",
          "Horor": "Horror",
          "Hudobný": "Music",
          "Jazdectvo": "Equestrian",
          "Kolektívne hry": "Team sports (excluding football)",
          "Komédia": "Comedy",
          "KOMÉDIA": "Comedy",
          "Krimi": "Detective",
          "Magazín": "Magazines",
          "Melodráma": "Melodrama",
          "Móda": "Fashion",
          "Motorizmus": "Motor sport",
          "Muzikál": "Musical",
          "Mysteriózny": "Mystery",
          "Muzikál/Opera": "Opera",
          "Náboženstvo": "Religion",
          "nedefinováno": "",
          "Príroda": "Nature",
          "Pre deti do 14 rokov": "Entertainment programs for 6 to 14",
          "Pre deti do 6 rokov": "Pre-school children's programs",
          "Rock/Pop": "Pop",
          "Romantický": "Romance",
          "Sci-fi": "Science fiction",
          "Sci-fi/Horor": "Science fiction",
          "Show": "Show",
          "Spoločenské vedy": "Social",
          "Spoločnosť/Politika": "Political issues",
          "Spravodajstvo": "News",
          "Správy": "News",
          "Správy/Počasie": "Weather report",
          "Šport": "Sports",
          "Thriller": "Thriller",
          "THRILLER": "Thriller",
          "TV Drama": "Drama",
          "Umenie/Kultúra": "Arts",
          "Varenie": "Cooking",
          "Varieté": "Variety show",
          "Voľný čas": "Leisure hobbies",
          "Výtvarné umenie": "Arts",
          "Vzdelávacie": "Educational",
          "Western": "Western",
          "Zdravie": "Fitness and health",
          "Zimné športy": "Winter sports",
          "Životný štýl": "Leisure hobbies",
          "Známe osobnosti": "Remarkable people",
          "Zvláštne udalosti": "News / Current Affairs"
  },
  "SK": {
          "Akčný": "Adventure / Western / War",
          "Balet": "Music / Ballet / Dance",
          "Bojové umenie": "Martial sports",
          "Cestovanie": "Tourism / Travel",
          "Dalšie vzdelávanie": "Further education",
          "Detský/Mládežnický": "Children's / Youth programs",
          "Diskusia": "Discussion",
          "Dobrodružný": "Adventure",
          "Dokumentárny": "Documentary",
          "Dráma": "Drama",
          "Ekonomika": "Economics",
          "Expedícia": "Expeditions",
          "Extrémne športy": "Sports",
          "FILM": "Film",
          "Futbal": "Football",
          "Herný": "Game show",
          "Historický": "Historical movie",
          "Horor": "Horror",
          "Hudobný": "Music",
          "Jazdectvo": "Equestrian",
          "Kolektívne hry": "Team sports (excluding football)",
          "Komédia": "Comedy",
          "KOMÉDIA": "Comedy",
          "Krimi": "Detective",
          "Magazín": "Magazines",
          "Melodráma": "Melodrama",
          "Móda": "Fashion",
          "Motorizmus": "Motor sport",
          "Muzikál": "Musical",
          "Mysteriózny": "Mystery",
          "Muzikál/Opera": "Opera",
          "Náboženstvo": "Religion",
          "nedefinováno": "",
          "Príroda": "Nature",
          "Pre deti do 14 rokov": "Entertainment programs for 6 to 14",
          "Pre deti do 6 rokov": "Pre-school children's programs",
          "Rock/Pop": "Pop",
          "Romantický": "Romance",
          "Sci-fi": "Science fiction",
          "Sci-fi/Horor": "Science fiction",
          "Show": "Show",
          "Spoločenské vedy": "Social",
          "Spoločnosť/Politika": "Political issues",
          "Spravodajstvo": "News",
          "Správy": "News",
          "Správy/Počasie": "Weather report",
          "Šport": "Sports",
          "Thriller": "Thriller",
          "THRILLER": "Thriller",
          "TV Drama": "Drama",
          "Umenie/Kultúra": "Arts",
          "Varenie": "Cooking",
          "Varieté": "Variety show",
          "Voľný čas": "Leisure hobbies",
          "Výtvarné umenie": "Arts",
          "Vzdelávacie": "Educational",
          "Western": "Western",
          "Zdravie": "Fitness and health",
          "Zimné športy": "Winter sports",
          "Životný štýl": "Leisure hobbies",
          "Známe osobnosti": "Remarkable people",
          "Zvláštne udalosti": "News / Current Affairs"         
    }
  }
}
