{
  "channels": {
    "USA": {
      "5 Star Max - Eastern": "",
      "A&amp;E US - Eastern Feed": "",
      "ABC (KABC) Los Angeles, CA": "",
      "ABC (KMBC) Kansas City, MO": "",
      "ABC (WABC) New York, NY": "",
      "ActionMax - Eastern": "",
      "Altitude 2": "",
      "Altitude Sports": "",
      "AMC - Eastern Feed": "",
      "American Heroes Channel": "",
      "America's Auction Channel": "",
      "Animal Planet US - East": "",
      "Arirang TV": "",
      "ASPiRE TV": "",
      "AT&amp;T Sportsnet  Pittsburgh": "",
      "AT&amp;T Sportsnet Rocky Mountains": "",
      "AT&amp;T Sportsnet Rocky Mountains - West HD": "",
      "AT&amp;T Sportsnet Rocky Mountain - Utah": "",
      "AT&amp;T Sportsnet Southwest - Houston": "",
      "Audience Network": "",
      "AXS TV USA HD": "",
      "Azteca America - East": "",
      "Baby First TV": "",
      "Bandamax": "",
      "BBC America - East": "",
      "BBC World - North America HD": "",
      "beIN Sport en Espanol": "",
      "BET - Eastern Feed": "",
      "BET Her": "",
      "Big Ten Network": "",
      "Big Ten Network OnDemand": "",
      "Big Ten Network Overflow 1": "",
      "Big Ten Network Overflow 2": "",
      "Big Ten Network Overflow 3": "",
      "Big Ten Network Overflow 4": "",
      "Boomerang": "",
      "Bloomberg TV USA": "",
      "Boomerang On Demand": "",
      "Bravo USA - Eastern Feed": "",
      "Brazzers TV": "",
      "BYU (Brigham Young University)": "",
      "Canal Once (Mexico)": "",
      "Cartoon Network USA - Eastern Feed": "",
      "Cartoon Network USA - Pacific Feed": "",
      "CBS (KCBS) Los Angeles, CA": "",
      "CBS (KCTV) Kansas City, MO": "",
      "CBS Sports Network USA": "",
      "CBS (WCBS) New York, NY": "",
      "CCTV-4 America": "",
      "CentroAmérica TV": "",
      "CGTN (CCTV4)": "",
      "Cinemax - Eastern Feed": "",
      "Cinemax - Eastern HD": "",
      "Cinemax on Demand": "",
      "Cinemax - Pacific Feed": "",
      "Cine Mexicano": "",
      "Cine Sony": "",
      "CMT US - Eastern Feed": "",
      "CMT US On Demand": "",
      "CNBC USA": "",
      "CNBC World": "",
      "CNN": "",
      "CNN Español": "",
      "CNN on demand": "",
      "Comedy Central on Demand": "",
      "Comedy Central (US) - Eastern Feed": "",
      "Comedy.TV": "",
      "Crime &amp; Investigation Network USA HD": "",
      "C-SPAN": "",
      "C-SPAN 2": "",
      "CTI-Zhong Tian Channel": "",
      "CTN - Christian Television Network": "",
      "CW (KCWE) Kansas City, MO": "",
      "CW (KFMB-TV2) San Diego, CA": "",
      "CW (WDCW) District of Columbia": "",
      "Daystar  - Network": "",
      "De Pelicula": "",
      "De Pelicula Clasico": "",
      "Destination America": "",
      "DirecTV MLB Extra Innings (721)": "",
      "DirecTV MLB Extra Innings (722)": "",
      "DirecTV MLB Extra Innings (723)": "",
      "DirecTV MLB Extra Innings (724)": "",
      "DirecTV MLB Extra Innings (725)": "",
      "DirecTV MLB Extra Innings (726)": "",
      "DirecTV MLB Extra Innings (727)": "",
      "DirecTV MLB Extra Innings (728)": "",
      "DirecTV MLB Extra Innings (729)": "",
      "DirecTV MLB Extra Innings (730)": "",
      "DirecTV MLB Extra Innings (731)": "",
      "DirecTV MLB Extra Innings (732)": "",
      "DirecTV MLB Extra Innings (733)": "",
      "DirecTV MLB Extra Innings (734)": "",
      "DirecTV MLB Extra Innings (735)": "",
      "DirecTV MLB Extra Innings (736)": "",
      "DirecTV MLB Extra Innings (737)": "",
      "DirecTV MLB Extra Innings (739)": "",
      "DirecTV MLB Extra Innings (740)": "",
      "DirecTV MLB Extra Innings (741)": "",
      "DirecTV MLB Extra Innings (742)": "",
      "DirecTV MLB Extra Innings (743)": "",
      "DirecTV MLB Extra Innings (744)": "",
      "DirecTV MLB Extra Innings (745)": "",
      "DirecTV MLB Extra Innings (746)": "",
      "DirecTV MLB Extra Innings (747)": "",
      "DirecTV MLB Extra Innings (748)": "",
      "DirecTV MLB Extra Innings (749)": "",
      "DirecTV MLB Extra Innings HD (728)": "",
      "DirecTV MLS Direct Kick (471)": "",
      "DirecTV MLS Direct Kick (472)": "",
      "DirecTV MLS Direct Kick (473)": "",
      "DirecTV MLS Direct Kick (474)": "",
      "DirecTV MLS Direct Kick (475)": "",
      "DirecTV MLS Direct Kick (476)": "",
      "DirecTV MLS Direct Kick (477)": "",
      "DirecTV MLS Direct Kick (478)": "",
      "DirecTV MLS Direct Kick (479)": "",
      "DirecTV NBA League Pass (750)": "",
      "DirecTV NBA League Pass (751)": "",
      "DirecTV NBA League Pass (752)": "",
      "DirecTV NBA League Pass (753)": "",
      "DirecTV NBA League Pass (754)": "",
      "DirecTV NBA League Pass (755)": "",
      "DirecTV NBA League Pass (756)": "",
      "DirecTV NBA League Pass (757)": "",
      "DirecTV NBA League Pass (758)": "",
      "DirecTV NBA League Pass (759)": "",
      "DirecTV NBA League Pass (760)": "",
      "DirecTV NBA League Pass (761)": "",
      "DirecTV NBA League Pass (762)": "",
      "DirecTV NBA League Pass (763)": "",
      "DirecTV NBA League Pass (764)": "",
      "DirecTV NBA League Pass (765)": "",
      "DirecTV NBA League Pass (766)": "",
      "DirecTV NBA League Pass (767)": "",
      "DirecTV NBA League Pass (768)": "",
      "DirecTV NHL Center Ice (769)": "",
      "DirecTV NHL Center Ice (769) HD": "",
      "DirecTV NHL Center Ice (770)": "",
      "DirecTV NHL Center Ice (770) HD": "",
      "DirecTV NHL Center Ice (771)": "",
      "DirecTV NHL Center Ice (771) HD": "",
      "DirecTV NHL Center Ice (772)": "",
      "DirecTV NHL Center Ice (772) HD": "",
      "DirecTV NHL Center Ice (773)": "",
      "DirecTV NHL Center Ice (773) HD": "",
      "DirecTV NHL Center Ice (774)": "",
      "DirecTV NHL Center Ice (774) HD": "",
      "DirecTV NHL Center Ice (775)": "",
      "DirecTV NHL Center Ice (775) HD": "",
      "DirecTV NHL Center Ice (776)": "",
      "DirecTV NHL Center Ice (776) HD": "",
      "DirecTV NHL Center Ice (777)": "",
      "DirecTV NHL Center Ice (777) HD": "",
      "DirecTV NHL Center Ice (778)": "",
      "DirecTV NHL Center Ice (778) HD": "",
      "DirecTV NHL Center Ice (779)": "",
      "DirecTV NHL Center Ice (779) HD": "",
      "DirecTV NHL Center Ice (780)": "",
      "DirecTV NHL Center Ice (780) HD": "",
      "DirecTV NHL Center Ice (781)": "",
      "DirecTV NHL Center Ice (781) HD": "",
      "DirecTV NHL Center Ice (782)": "",
      "DirecTV NHL Center Ice (782) HD": "",
      "DirecTV NHL Center Ice (783)": "",
      "DirecTV NHL Center Ice (783) HD": "",
      "DirecTV NHL Center Ice (784)": "",
      "DirecTV NHL Center Ice (784) HD": "",
      "DirecTV NHL Center Ice (785)": "",
      "DirecTV NHL Center Ice (786)": "",
      "DirecTV NHL Center Ice (787)": "",
      "DirecTV Sports 121": "",
      "DirecTV Sports 122": "",
      "DirecTV Sports 123": "",
      "DirecTV Sports 124": "",
      "DirecTV Sports 701": "",
      "DirecTV Sports 702": "",
      "DirecTV Sports 703": "",
      "DirecTV Sports 704": "",
      "DirecTV Sports 705": "",
      "DirecTV Sports 706": "",
      "DirecTV Sports 707": "",
      "DirecTV Sports 708": "",
      "DirecTV Sports 709": "",
      "DirecTV Sports 710": "",
      "DirecTV Sports 711": "",
      "DirecTV Sports 712": "",
      "DirecTV Sports 713": "",
      "DirecTV Sports 714": "",
      "DirecTV Sports 715": "",
      "DirecTV Sports 716": "",
      "DirecTV Sports 717": "",
      "DirecTV Sports 718": "",
      "DirecTV Sports 719": "",
      "DirecTV Sports 720": "",
      "Discovery Channel (US) - Eastern Feed": "",
      "Discovery Channel (US) on demand": "",
      "Discovery en Espanol": "",
      "Discovery Familia": "",
      "Discovery Family Channel": "",
      "Discovery Life Channel": "",
      "Disney - Eastern Feed": "",
      "Disney Junior USA - East": "",
      "Disney on Demand": "",
      "Disney - Pacific Feed": "",
      "Disney XD USA - Eastern Feed": "",
      "Do It Yourself Network (USA) - East": "",
      "E! Entertainment USA - Eastern Feed": "",
      "Eleven Sports": "",
      "El Rey Network": "",
      "Enlace": "",
      "ESPN": "",
      "ESPN2": "",
      "ESPN2 (Alternate)": "",
      "ESPN Alternate": "",
      "ESPN Classics USA": "",
      "ESPN College Extra 1": "",
      "ESPN College Extra 2": "",
      "ESPN College Extra 3": "",
      "ESPN College Extra 3 HD": "",
      "ESPN College Extra 4": "",
      "ESPN College Extra 4 HD": "",
      "ESPN College Extra 5": "",
      "ESPN College Extra 5 HD": "",
      "ESPN College Extra 6": "",
      "ESPN College Extra 7": "",
      "ESPN College Extra 8": "",
      "ESPN Deportes": "",
      "ESPN Deportes On Demand": "",
      "ESPN Goal Line": "",
      "ESPN News": "",
      "ESPN On Demand": "",
      "ESPN U": "",
      "ESPNU On Demand": "",
      "EVINE": "",
      "EWTN USA": "",
      "Family Entertainment TV": "",
      "FLIX - Eastern": "",
      "Food Network USA - Eastern Feed": "",
      "Fox Business": "",
      "Fox College Sports - Atlantic": "",
      "Fox College Sports - Central": "",
      "Fox College Sports - Pacific": "",
      "Fox Deportes": "",
      "FOX (KTTV) Los Angeles, CA": "",
      "Fox News": "",
      "FOX Soccer Plus": "",
      "FOX Soccer Plus HD": "",
      "Fox Sports 1": "",
      "Fox Sports 2": "",
      "Fox Sports Arizona": "",
      "Fox Sports Arizona - Alt B.": "",
      "Fox Sports Arizona - N.NM": "",
      "Fox Sports Arizona Plus": "",
      "Fox Sports Detroit": "",
      "Fox Sports Detroit +": "",
      "Fox Sports Florida": "",
      "Fox Sports Florida 1": "",
      "Fox Sports Florida 1 HD": "",
      "Fox Sports Florida 2": "",
      "Fox Sports Indiana": "",
      "Fox Sports Midwest - Kansas City": "",
      "Fox Sports Midwest - Kansas State": "",
      "Fox Sports Midwest - St. Louis": "",
      "Fox Sports New Orleans": "",
      "Fox Sports North": "",
      "Fox Sports Ohio - Cincinnati (2)": "",
      "Fox Sports Ohio - Cincinnati (2) HD": "",
      "Fox Sports Ohio - Cleveland": "",
      "Fox Sports Ohio - Cleveland HD": "",
      "Fox Sports Oklahoma": "",
      "Fox Sports San Diego": "",
      "Fox Sports South": "",
      "Fox Sports South - Carolinas": "",
      "Fox Sports Southeast": "",
      "Fox Sports Southeast - Georgia": "",
      "Fox Sports Southeast - North Carolina": "",
      "Fox Sports Southeast - South Carolina": "",
      "Fox Sports Southeast - Tennessee": "",
      "Fox Sports Southeast - Tennessee East": "",
      "Fox Sports Southeast - Tennessee Nashville": "",
      "Fox Sports South - TN Nashville": "",
      "Fox Sports Southwest": "",
      "FOX Sports Southwest - Houston": "",
      "Fox Sports Southwest - OK2": "",
      "Fox Sports Southwest - OK2 'HD Southwest Plus'": "",
      "Fox Sports Southwest - San Antonio": "",
      "Fox Sports Sun - Lightning/Magic": "",
      "Fox Sports Sun - Lightning/Magic HD": "",
      "Fox Sports West": "",
      "Fox Sports West Prime Ticket": "",
      "Fox Sports Wisconsin": "",
      "FOX (WDAF) Kansas City, MO": "",
      "FOX (WNYW) New York, NY": "",
      "Freeform - East Feed": "",
      "Freeform On Demand": "",
      "Free Speech Network": "",
      "Fuse On Demand": "",
      "FUSE TV - Eastern feed": "",
      "Fusion": "",
      "FX Movie Channel": "",
      "FX Networks East Coast": "",
      "FXX USA - Eastern": "",
      "FYI USA - Eastern": "",
      "GAC - Great American Country": "",
      "Galavision - Eastern Feed": "",
      "Game Show Network - East": "",
      "GEB America": "",
      "Gem Shopping Network": "",
      "GMA/Pinoy TV": "",
      "God TV USA": "",
      "Golf Channel USA": "",
      "Gol TV USA": "",
      "Hallmark - Eastern Feed": "",
      "Hallmark Movies &amp; Mysteries Eastern - HD": "",
      "HBO 2 - Eastern Feed": "",
      "HBO 2 - Pacific Feed": "",
      "HBO Comedy HD - East": "",
      "HBO - Eastern Feed": "",
      "HBO Family - Eastern Feed": "",
      "HBO Family - Pacific Feed": "",
      "HBO Latino (HBO 7) - Eastern": "",
      "HBO On Demand": "",
      "HBO - Pacific Feed": "",
      "HBO Signature (HBO 3) - Eastern": "",
      "HBO Zone HD - East": "",
      "HDNet Movies HD": "",
      "HDNet Movies On Dmenad": "",
      "HGTV USA - Eastern Feed": "",
      "Hillsong (K64FT) Alexandria, LA": "",
      "History Channel Espanol - Eastern": "",
      "History Channel US - Eastern Feed": "",
      "HITN": "",
      "HLN": "",
      "Hope Channel": "",
      "HSN  - Home Shopping Network": "",
      "Hustler TV USA On Demand": "",
      "Impact Television Network": "",
      "Independent Film Channel US": "",
      "INSP": "",
      "Investigation Discovery USA - Eastern": "",
      "ION  - Eastern Feed": "",
      "ION (KPXE) Kansas City, MO": "",
      "ION  - Pacific Feed": "",
      "IVC Net": "",
      "Jewelry Television": "",
      "Jewish Life Television": "",
      "Justice Central": "",
      "KMCI 38 (The Spot) - Kansas City, MO": "",
      "Lifetime Movies - East": "",
      "Lifetime Network US - Eastern Feed": "",
      "Link TV": "",
      "LOGO - East": "",
      "Longhorn Network": "",
      "MavTV USA": "",
      "MBC America (Korean)": "",
      "MBC Drama (Korean)": "",
      "Mega TV": "",
      "MGM HD (USA)": "",
      "MHz Worldview": "",
      "Mid-Atlantic Sports Network": "",
      "Mid-Atlantic Sports Network 2": "",
      "MLB Network": "",
      "MNT (KSMO) Kansas City, MO": "",
      "MoreMax  Eastern": "",
      "Motor Trend HD": "",
      "MovieMax (Max 6) - East": "",
      "MSG 2": "",
      "MSG (Madison Square Gardens)": "",
      "MSG Plus": "",
      "MSG Plus - Syracuse": "",
      "MSG - Syracuse": "",
      "MSNBC USA": "",
      "MTV 2 - East": "",
      "MTV Classic - East": "",
      "MTV Live HD": "",
      "MTV Tr3s - East": "",
      "MTV USA - Eastern Feed": "",
      "NASA Public Educational Channel": "",
      "National Geographic Mundo": "",
      "National Geographic US - Eastern": "",
      "National Geographic Wild": "",
      "National Religious Broadcasting - East": "",
      "NBA TV USA": "",
      "NBC (KNBC) Los Angeles, CA": "",
      "NBC (KSHB) Kansas City, MO": "",
      "NBC Sports Bay Area": "",
      "NBC Sports Bay Area/California Plus": "",
      "NBC Sports Bay Area/California Plus HD": "",
      "NBC Sports Boston": "",
      "NBC Sports California": "",
      "NBC Sports Chicago": "",
      "NBC Sports Chicago Plus": "",
      "NBC Sports Chicago Plus 2": "",
      "NBC Sports Network": "",
      "NBC Sports Washington": "",
      "NBC Sports Washington Plus": "",
      "NBC Universo - Eastern feed": "",
      "NBC (WNBC) New York, NY": "",
      "New England Sports Network": "",
      "New England Sports Network Plus": "",
      "NewsMax TV": "",
      "NFL Network": "",
      "NFL Red Zone": "",
      "NHL Network USA": "",
      "NHL Network USA Alternate": "",
      "Nickelodeon USA - East Feed": "",
      "Nickelodeon USA On Demand": "",
      "Nickelodeon USA - Pacific Feed": "",
      "Nick Jr. - East": "",
      "Nicktoons - East": "",
      "Olympic Channel": "",
      "Oprah Winfrey Network USA Eastern": "",
      "Outdoor Channel US": "",
      "Ovation": "",
      "Oxygen - Eastern Feed": "",
      "Paramount Network USA - Eastern Feed": "",
      "PBS (KCPT) Kansas City, MO": "",
      "PBS - Network HD - Eastern": "",
      "Penthouse TV USA": "",
      "Perú Mágico": "",
      "Phoenix InfoNews": "",
      "Playboy": "",
      "Playboy HD": "",
      "Playboy Interactive": "",
      "Playboy On Demand": "",
      "POP - East": "",
      "Premier League Extra Time 1": "",
      "Premier League Extra Time 2": "",
      "Premier League Extra Time 3": "",
      "Premier League Extra Time 4": "",
      "Premier League Extra Time 5": "",
      "Pursuit Channel": "",
      "QVC": "",
      "QVC2": "",
      "ReelzChannel": "",
      "Revolt TV": "",
      "RFD-TV": "",
      "Root Sports Northwest": "",
      "Root Sports Northwest - Seattle": "",
      "RTVi": "",
      "SALE Network": "",
      "SBS (Korean)": "",
      "SBTN (Saigon Broadcasting Television Network)": "",
      "Science": "",
      "SEC Network": "",
      "SEC Network Alternate": "",
      "Showtime 2 - Eastern": "",
      "Showtime Beyond HD - East": "",
      "Showtime - Eastern Feed": "",
      "Showtime Extreme - Eastern": "",
      "Showtime Next HD - Eastern": "",
      "Showtime on Demand": "",
      "Showtime Showcase - Eastern": "",
      "Showtime West": "",
      "Showtime Women HD - Eastern": "",
      "Smithsonian Channel USA HD": "",
      "SNY: SportsNet New York (Comcast)": "",
      "SonLife Network": "",
      "Sony Movie Channel": "",
      "Spectrum SportsNet": "",
      "Sportsman Channel": "",
      "Sportstime Ohio": "",
      "Starz Cinema HD - Eastern": "",
      "Starz Comedy HD - Eastern": "",
      "Starz - Eastern": "",
      "Starz Edge - Eastern": "",
      "Starz Encore Action - Eastern": "",
      "Starz Encore Black - Eastern": "",
      "Starz Encore Classics - Eastern": "",
      "Starz Encore - Eastern": "",
      "Starz Encore Family - Eastern": "",
      "Starz Encore on Demand": "",
      "Starz Encore - Pacific": "",
      "Starz Encore Suspense - Eastern": "",
      "Starz Encore Westerns - Eastern": "",
      "Starz In Black - Eastern": "",
      "Starz Kids &amp; Family - Eastern": "",
      "Starz On Demand": "",
      "Starz - Pacific": "",
      "SundanceTV USA - East": "",
      "Syfy - Eastern Feed": "",
      "TBN  - Trinity Broadcasting Network - East": "",
      "TBS - East": "",
      "TCT - Network": "",
      "TeenNick - Eastern": "",
      "Telecentro": "",
      "Telemundo  - Eastern Feed": "",
      "Telemundo  - Pacific Feed": "",
      "TFC - The Filipino Channel": "",
      "The Cooking Channel": "",
      "The Tennis Channel": "",
      "The Weather Channel": "",
      "The Word Network": "",
      "ThrillerMax - East": "",
      "TLC USA - Eastern": "",
      "TMC on Demand": "",
      "TMC (US) - Eastern Feed": "",
      "TMC (US) - Pacific Feed": "",
      "TMC Xtra HD - Eastern": "",
      "TNT - Eastern Feed": "",
      "Travel US - East": "",
      "TruTV on Demand": "",
      "truTV USA - Eastern": "",
      "TUDN": "",
      "Turner Classic Movies USA": "",
      "TVBS (Mandarin)": "",
      "TVBV (Vietnamese)": "",
      "TV Globo": "",
      "TVG - Television Games Network": "",
      "TV Land - Eastern": "",
      "TV One": "",
      "TyC Sports": "",
      "Uni Deportes": "",
      "UniMás  - Network Pacific": "",
      "Universal Kids": "",
      "Univision - Eastern Feed": "",
      "Univision - Pacific Feed": "",
      "UP": "",
      "USA Network - East Feed": "",
      "VH1 - Eastern Feed": "",
      "Viceland USA": "",
      "ViendoMovies": "",
      "V-Me Television HD": "",
      "Wapa America": "",
      "WeatherNation": "",
      "WE (Women's Entertainment) - Eastern": "",
      "WGN America - Eastern Feed": "",
      "World Harvest Television": "",
      "YES 2 Overflow": "",
      "YES Network": "",
      "ACC Network": "",
      "Caracol TV Internacional": "",
      "FOROtv": "",
      "Nuestra Tele": "",
      "RCN Nuestra Tele": "",
      "SHOPHQ": "",
      "VGNTV (Saigon Broadcasting Television Network)": "",
      "VICE": ""
    }
  }
}
