{
  "channels": {
    "DE": {
        "1-2-3.tv" : "123.tv.de",
        "13th Street" : "13thStreet.de",
        "13th Street HD" : "13thStreet.de",
        "3sat" : "3sat.de",
        "3sat HD" : "3sat.de",
        "A&amp;E" : "AandE.de",
        "A&amp;E HD" : "AandE.de",
        "Al Jazeera Int (eng)" : "AlJazeera.nws",
        "ANIXE SD" : "AnixeHD.de",
        "ARD-alpha" : "ARD-alpha.de",
        "ARTE" : "ARTE.de",
        "ARTE HD" : "ARTE.de",
        "AstroTV" : "AstroTV.de",
        "Animax": "Animax.tv",
        "AXN" : "AXN.de",
        "AXN (eng)" : "AXN.uk",
        "AXN HD" : "AXN.de",
        "BBC Entertainment (eng)" : "BBCEntertainment.uk",
        "BBC World News (eng)" : "BBCWorldNews.nws",
        "Beate-Uhse.TV" : "BeateUhse.de",
        "Bibel TV" : "BibelTV.de",
        "Bibel TV HD" : "BibelTV.de",
        "Bon Gusto" : "BonGusto.de",
        "Boomerang" : "Boomerang.de",
        "Boomerang (eng)" : "Boomerang.uk",
        "Boomerang HD" : "Boomerang.de",
        "BR Nord HD" : "BRNord.de",
        "BR Süd" : "BR.de",
        "BR Süd HD" : "BR.de",
        "Canal 24 Horas (spa)" : "Canal24Horas.es",
        "Cartoon Network" : "CartoonNetwork.de",
        "Cartoon Network (eng)" : "CartoonNetwork.uk",
        "Cartoon Network HD" : "CartoonNetwork.de",
        "Channel21" : "Channel21.de",
        "Channel One Russia (rus)" : "Channel1Rus.il",
        "Classica" : "Classica.eu",
        "CNN International (eng)" : "CNN.nws",
        "CNN International HD (eng)" : "CNN.nws",
        "CNN TÜRK (tur)" : "CNN.tr",
        "COMEDY CENTRAL / VIVA" : "ComedyCentral/VIVA.de",
        "COMEDY CENTRAL/VIVA HD" : "ComedyCentral/VIVA.de",
        "Das Erste" : "ARD.de",
        "Das Erste HD" : "ARD.de",
        "DELUXE MUSIC" : "DeLuxeMusic.de",
        "Deluxe Music HD" : "DeLuxeMusic.de",
        "Deutsches Musik Fernsehen" : "DeutschesMusikFernsehen.de",
        "Discovery Channel" : "DiscoveryChannel.de",
        "Discovery HD" : "DiscoveryHD.de",
        "Discovery HD (KD)" : "DiscoveryHD.kd",
        "Disney Channel" : "disneychannel.de",
        "Disney Channel HD" : "disneychannel.de",
        "Disney Cinemagic" : "DisneyCinemagic.de",
        "Disney Cinemagic HD" : "DisneyCinemagic.de",
        "Disney Jr. HD" : "DisneyJunior.de",
        "Disney Junior" : "DisneyJunior.de",
        "Disney Junior (eng)" : "DisneyJunior.uk",
        "Disney XD" : "DisneyXD.de",
        "Disney XD (eng)" : "DisneyXD.uk",
        "Disney XD HD" : "DisneyXD.de",
        "DMAX" : "DMmax.de",
        "DMAX HD" : "DMmax.de",
        "E! Entertainment" : "EEntertainment.de",
        "eoTV" : "eoTV.de",
        "Euro D (tur)" : "EuroD.bg",
        "Eurosport 1" : "Eurosport1.de",
        "Eurosport 1 HD" : "Eurosport1.de",
        "Eurosport 2" : "Eurosport2.de",
        "Eurosport 2 HD" : "Eurosport2.de",
        "Eurosport360 HD1" : "Eurosport360HD1.de",
        "Eurosport360 HD2" : "Eurosport360HD2.de",
        "Eurosport360 HD3" : "Eurosport360HD3.de",
        "Euro Star (tur)" : "EUROSTAR.il",
        "FOX" : "FOX.de",
        "Fox HD" : "FOX.de",
        "FOX HD" : "FOX.de",
        "Fox Serie" : "FoxSerie.de",
        "France 24 (fre)" : "France24.fr",
        "France 2 (fre)" : "France2.fr",
        "France 3 (fre)" : "France3.fr",
        "GEO TV HD" : "GEOTV.de",
        "Goldstar TV" : "GoldstarTV.de",
        "Gute Laune TV" : "Gute LauneTV.de",
        "health tv" : "HealthTV.de",
        "Heimatkanal" : "Heimatkanal.de",
        "HISTORY" : "History.de",
        "HISTORY HD" : "History.de",
        "hr-fernsehen" : "HR.de",
        "hr-fernsehen HD" : "HR.de",
        "HRT 1 (hrv)": "HRTTV1.hr",
        "HSE24" : "HSE24.de",
        "HSE24 EXTRA" : "HSE24Extra.de",
        "HSE24 HD" : "HSE24.de",
        "iTVN (pol)" : "iTVN.pl",
        "Jukebox" : "Jukebox.de",
        "Junior" : "Junior.de",
        "Juwelo TV" : "JuweloTV.de",
        "kabel eins" : "Kabel.de",
        "kabel eins CLASSICS" : "KabelEinsClassic.de",
        "kabel eins CLASSICS HD" : "KabelEinsClassic.de",
        "kabel eins Doku" : "KabelEinsDoku.de",
        "kabel eins HD" : "Kabel.de",
        "Kanal 7 Avrupa (tur)" : "Kanal7.tr",
        "KiKA" : "Kika.de",
        "KiKA HD" : "Kika.de",
        "Kinomir (rus)" : "NaschKinomir.rs",
        "KinoweltTV" : "Kinowelt.de",
        "KinoweltTV HD" : "Kinowelt.de",
        "LUST PUR" : "LustPur.de",
        "MDR Sachsen" : "MDRSachsen.de",
        "MDR Sachsen HD" : "MDRSachsen.de",
        "MDR S-Anhalt" : "MDRS-Anhalt.de",
        "MDR S-Anhalt HD" : "MDRS-Anhalt.de",
        "MDR Thüringen" : "MDRThueringen.de",
        "MDR Thüringen HD" : "MDRThueringen.de",
        "MovieMax Turk (tur)" : "MovieMax.tr",
        "MTV" : "MTVGermany.de",
        "MTV Brand New" : "MTVBrandNew.nl",
        "MTV HD" : "MTVGermany.de",
        "NatGeo HD" : "NatGeo.de",
        "NAT GEO people" : "NatGeoPeople.it",
        "NatGeo Wild" : "NatGeoWild.de",
        "NatGeo Wild HD" : "NatGeoWild.de",
        "National Geographic" : "NatGeo.de",
        "National Geographic (eng)" : "NatGeo.uk",
        "National Geographic HD" : "NatGeo.de",
        "NDR FS HH" : "ndr.de",
        "NDR FS HH HD" : "ndr.de",
        "NDR FS MV" : "ndrmv.de",
        "NDR FS MV HD" : "ndrmv.de",
        "NDR FS NDS" : "ndrnds.de",
        "NDR FS NDS HD" : "ndrnds.de",
        "NDR FS SH" : "ndrsh.de",
        "NDR FS SH HD" : "ndrsh.de",
        "Nickelodeon" : "Nickelodeon.de",
        "Nickelodeon HD" : "Nickelodeon.de",
        "Nick Jr. HD" : "NickJr.de",
        "n-tv" : "ntv.de",
        "n-tv HD" : "ntv.de",
        "One" : "One.de",
        "ONE HD" : "One.de",
        "PHOENIX" : "phoenix.de",
        "PHOENIX HD" : "phoenix.de",
        "PLANET" : "PLANET.de",
        "PLANET HD" : "PLANET.de",
        "ProSieben" : "Pro7.de",
        "ProSieben FUN HD" : "ProSiebenFun.de",
        "ProSieben HD" : "Pro7.de",
        "ProSieben MAXX" : "ProSiebenMaxx.de",
        "ProSieben MAXX HD" : "ProSiebenMaxx.de",
        "QVC" : "QVC.de",
        "QVC2" : "QVCPlus.de",
        "QVC HD" : "QVC.de",
        "Rai 1 (ita)" : "Rai1.it",
        "Rai 2 (ita)" : "Rai2.it",
        "Rai 3 (ita)" : "Rai3.it",
        "rbb Berlin" : "rbbBerlin.de",
        "rbb Berlin HD" : "rbbBerlin.de",
        "rbb Brandenburg" : "rbbBrandenburg.de",
        "rbb Brandenburg HD" : "rbbBrandenburg.de",
        "RCK TV" : "RCKTV.de",
        "Romance TV" : "Romance.de",
        "Romance TV HD" : "Romance.de",
        "RTL" : "RTL.de",
        "RTL Crime" : "RTLCrime.de",
        "RTL Crime HD" : "RTLCrime.de",
        "RTL HD" : "RTL.de",
        "RTL II" : "RTL2.de",
        "RTL II HD" : "RTL2.de",
        "RTL Living" : "RTLLiving.de",
        "RTL Living HD" : "RTLLiving.de",
        "RTL NITRO" : "RTLNitro.de",
        "RTL NITRO HD" : "RTLNitro.de",
        "RTL Passion" : "RTLPassion.de",
        "RTLplus" : "RTLPlus.de",
        "RTLplus HD" : "RTLPlus.de",
        "RTP Internacional (por)" : "RTPi.pt",
        "RTR-Planeta (rus)" : "RTRPlaneta.pl",
        "RTVD (rus)" : "RTVD.ru",
        "SAT.1" : "Sat1.de",
        "SAT.1 emotions" : "Sat1Emotions.de",
        "Sat.1 emotions HD" : "Sat1Emotions.de",
        "SAT.1 Gold" : "Sat1Gold.de",
        "Sat.1 Gold HD" : "Sat1Gold.de",
        "SAT.1 HD" : "Sat1.de",
        "ServusTV" : "ServusHD.de",
        "ServusTV HD" : "ServusHD.de",
        "Show Turk (tur)" : "15.Show TV.digiturk.com.tr",
        "Silverline" : "Silverline.de",
        "sixx" : "Sixx.de",
        "sixx HD" : "Sixx.de",
        "Sky1" : "Sky1.de",
        "Sky1HD" : "Sky1.de",
        "Sky Atlantic" : "SkyAtlantic.de",
        "Sky Atlantic HD" : "SkyAtlantic.de",
        "Sky Cinema" : "SkyCinema.de",
        "Sky Cinema +1" : "SkyCinemaPlus1.de",
        "Sky Cinema +24" : "SkyCinemaPlus24.de",
        "Sky Cinema Action" : "SkyAction.de",
        "Sky Cinema Action HD" : "SkyAction.de",
        "Sky Cinema Comedy" : "SkyComedy.de",
        "Sky Cinema Emotion" : "SkyEmotion.de",
        "Sky Cinema Family" : "SkyCinemaFamily.de",
        "Sky Cinema HD" : "SkyCinema.de",
        "Sky Cinema Luc Besson" : "SkyCinemaHits.de",
        "Sky Cinema Luc Besson HD" : "SkyCinemaHits.de",
        "Sky Cinema Hits" : "SkyCinemaHits.de",
        "Sky Cinema Hits HD" : "SkyCinemaHits.de",
        "Sky Cinema Nostalgie" : "SkyNostalgie.de",
        "Sky Krimi" : "SkyKrimi.de",
        "Sky Sport 1" : "SkySport1.de",
        "Sky Sport 1 HD" : "SkySport1.de",
        "Sky Sport 2" : "SkySport2.de",
        "Sky Sport 2 HD" : "SkySport2.de",
        "Sky Sport 3 HD" : "SkySport3.de",
        "Sky Sport 4 HD" : "SkySport4.de",
        "Sky Sport 5 HD" : "SkySport5.de",
        "Sky Sport Austria" : "SkySportAustria.de",
        "Sky Sport Bundesliga 1" : "SkyBundesliga.de",
        "Sky Sport Bundesliga 1 HD" : "SkyBundesliga.de",
        "Sky Sport Bundesliga 2 HD" : "SkyBundesliga2.de",
        "Sky Sport Bundesliga 3 HD" : "SkyBundesliga3.de",
        "Sky Sport Bundesliga 4 HD" : "SkyBundesliga4.de",
        "Sky Sport News" : "SkySportNewsHD.de",
        "Sky Sport News HD" : "SkySportNewsHD.de",
        "SONLife (eng)" : "Sonlife.uk",
        "sonnenklar.TV" : "SonnenKlar.de",
        "Sony Entertainment TV HD" : "SonyEntertainmentTV.de",
        "Spiegel Geschichte" : "SpiegelGeschichte.de",
        "SPIEGEL TV WISSEN" : "SpiegelTV.de",
        "SPIEGEL TV WISSEN HD" : "SpiegelTV.de",
        "SPORT1" : "Sport1HD.de",
        "SPORT1+" : "Sport1Plus.de",
        "SPORT1 HD" : "Sport1.de",
        "SPORT1+ HD" : "Sport1Plus.de",
        "Sport1 US HD" : "Sport1US.de",
        "Sport1 US (eng)" : "Sport1US.uk",
        "sportdigital" : "sportdigital.de",
        "sportdigital HD" : "sportdigital.de",
        "SR Fernsehen" : "SRFernsehen.de",
        "SUPER RTL" : "SuperRTL.de",
        "SUPER RTL HD" : "SuperRTL.de",
        "SWR Fernsehen BW HD" : "SWR.de",
        "SWR Fernsehen RP" : "SWR-rp.de",
        "SWR Fernsehen RP HD" : "SWR-rp.de",
        "SYFY" : "SciFi.de",
        "SYFY HD" : "SciFi.de",
        "tagesschau24" : "tagesschau24.de",
        "TELE 5" : "Tele5.de",
        "TELE 5 HD" : "Tele5.de",
        "Telebom/Teledom (rus)" : "TelebomTeleDom.rs",
        "TLC" : "TLC.de",
        "TNT Comedy" : "TNTComedy.de",
        "TNT Comedy HD" : "TNTComedy.de",
        "TNT Film" : "TNTFilm.de",
        "TNT Film (eng)" : "TNTFilm.uk",
        "TNT Film HD" : "TNTFilm.de",
        "TNT Serie" : "TNTSerie.de",
        "TNT Serie (eng)" : "TNTSerie.uk",
        "TNT Serie HD" : "TNTSerie.de",
        "TOGGO plus" : "TOOGOplus.de",
        "Turkmax gurme (tur)" : "TurkmaxGurme.tr",
        "TV 5 Monde (fre)" : "TV5MondeEurope.fr",
        "tv8 (tur)" : "TV8.tr",
        "TVE Internacional (spa)" : "TVE.sp",
        "TV Polonia (pol)" : "TVPolonia.pl",
        "Universal Channel HD" : "Universal.de",
        "VOX" : "Vox.de",
        "VOX HD" : "Vox.de",
        "WDR Köln" : "WDR.de",
        "WDR Köln HD" : "WDR.de",
        "WELT" : "WELT.de",
        "Welt der Wunder" : "WeltDerWunder.de",
        "WELT HD" : "WELT.de",
        "ZDF" : "ZDF.de",
        "ZDF HD" : "ZDF.de",
        "ZDFinfo" : "ZDFinfo.de",
        "ZDFneo" : "ZDFneo.de",
        "ZDFneo HD" : "ZDFneo.de",
        "Zee.One" : "ZeeOne.de"
        }
  }
}
