{"genres": {
"3x3 basketball": "Team sports (excluding football)",
"Acrobatics & Tumbling": "Sports",
"Action": "Adventure / Western / War",
"Action sports": "Sports",
"Adults only": "Adult movie / Drama",
"Adventure": "Adventure / Western / War",
"Aerobics": "Athletics",
"Agriculture": "Education / Science / Factual topics",
"Aktuelles": "News / Current affairs", 
"Alpine skiing": "Winter sports",
"Alternative": "Movie / Drama",
"American history": "Serious / Classical / Religious / Historical movie / Drama",
"Ancient history": "Serious / Classical / Religious / Historical movie / Drama",
"Animals": "Nature / Animals / Environment",
"Animated": "Cartoons / Puppets",
"Anime": "Cartoons / Puppets",
"Anthology": "Education / Science / Factual topics",
"Archery": "Sports",
"Arm wrestling": "Martial Sports",
"Art": "Arts / Culture (without music)",
"Artistic swimming": "Sports",
"Arts\/crafts": "Arts / Culture (without music)",
"Auction": "Show / Game show",
"Australian rules football": "Football / Soccer",
"Auto": "Motoring",
"Auto racing": "Motor sport",
"Aviation": "Motoring",
"Awards": "Broadcasting / Press",
"BMX racing": "Motoring",
"Badminton": "Tennis / Squash",
"Ballet": "Music / Ballet / Dance",
"Bandy": "Team sports (excluding football)",
"Baseball": "Team sports (excluding football)",
"Basketball": "Team sports (excluding football)",
"Beach soccer": "Team sports (excluding football)",
"Beach volleyball": "Team sports (excluding football)",
"Biathlon": "Winter sports",
"Bicycle": "Sports",
"Bicycle racing": "Sports",
"Billiards": "Sports",
"Biography": "Remarkable people",
"Blackjack": "Sports",
"Bluegrass": "Music / Ballet / Dance",
"Blues": "Music / Ballet / Dance",
"Boat": "Sports",
"Boat racing": "Sports",
"Bobsled": "Winter sports",
"Bodybuilding": "Sports",
"Books & literature": "Literature",
"Bowling": "Sports",
"Bowls": "Sports",
"Boxing": "Martial Sports",
"Bull riding": "Sports",
"Bullfighting": "Sports",
"Bus.\/financial": "Economics / Social advisory",
"Cabaret": "Music / Ballet / Dance",
"Camogie": "Sports",
"Canoe": "Sports",
"Card games": "Show / Game show",
"Cheerleading": "Show / Game show",
"Chess": "",
"Children": "Children's / Youth programs",
"Children-music": "Children's / Youth programs",
"Children-special": "Children's / Youth programs",
"Children-talk": "Children's / Youth programs",
"Classic Sport Event": "Sports",
"Classical": "Serious music / Classical music",
"Collectibles": "Leisure hobbies",
"Comedy": "Comedy",
"Comedy drama": "Comedy",
"Community": "Show / Game show",
"Competition Reality": "Show / Game show",
"Competitive Eating": "Show / Game show",
"Computers": "Technology / Natural sciences",
"Concert": "Performing arts",
"Consumer": "Advertisement / Shopping",
"Cooking": "Cooking",
"Country": "Music / Ballet / Dance",
"Cricket": "Sports",
"Crime": "Detective / Thriller",
"Crime drama": "Detective / Thriller",
"Cross-country skiing": "Winter sports",
"Curling": "Sports",
"Cycling": "Sports",
"Dance": "Music / Ballet / Dance",
"Dark comedy": "Comedy",
"Darts": "Sports",
"Debate": "Discussion / Interview / Debate",
"Diving": "Leisure hobbies",
"Docudrama": "Magazines / Reports / Documentary",
"Documentary": "Magazines / Reports / Documentary",
"Dog racing": "Show / Game show",
"Dog show": "Show / Game show",
"Dog sled": "Show / Game show",
"Dokusoap": "Soap / Melodrama / Folkloric",
"Drag racing": "Sports",
"Drama": "Movie / Drama",
"Drift racing": "Sports",
"Easy Listening": "Education / Science / Factual topics",
"Educational": "Education / Science / Factual topics",
"Emo": "",
"Entertainment": "Show / Game show",
"Environment": "Nature / Animals / Environment",
"Equestrian": "Sports",
"Erotic": "Adult movie / Drama",
"Esports": "Sports",
"eSports": "Sports",
"Event": "Show / Game show",
"Exercise": "Sports",
"Fantasy": "Science fiction / Fantasy / Horror",
"Familie": "Children's / Youth programs",
"Family": "Children's / Youth programs",  
"Fashion": "Fashion",
"Fencing": "Sports",
"Field hockey": "Team sports (excluding football)",
"Figure skating": "Sports",
"Fishing": "Leisure hobbies",
"Floorball": "Team sports (excluding football)",
"Folk": "Folk / Traditional music",
"Football": "Football / Soccer",
"Footvolley": "Sports",
"Freestyle Skiing": "Winter sports",
"French": "Languages",
"Fundraiser": "Social / Political issues / Economics",
"Funk": "Music / Ballet / Dance",
"Futsal": "Football / Soccer",
"Gaelic football": "Football / Soccer",
"Game show": "Game show / Quiz / Contest",
"Gaming": "Leisure hobbies",
"Go": "",
"Golf": "Sports",
"Gospel": "Music / Ballet / Dance",
"Goth": "Music / Ballet / Dance",
"Gymnastics": "Sports",
"Handball": "Team sports (excluding football)",
"Harness racing": "Sports",
"Health": "Fitness and health",
"Heavy Metal": "Music / Ballet / Dance",
"Hip-Hop & Rap": "Music / Ballet / Dance",
"Historical drama": "Serious / Classical / Religious / Historical movie / Drama",
"History": "Education / Science / Factual topics",
"Hockey": "Team sports (excluding football)",
"Holiday": "Leisure hobbies",
"Holiday music": "Music / Ballet / Dance",
"Holiday music special": "Music / Ballet / Dance",
"Holiday special": "Leisure hobbies",
"Holiday-children": "Children's / Youth programs",
"Holiday-children special": "Children's / Youth programs",
"Home improvement": "Handicraft",
"Horror": "Science fiction / Fantasy / Horror",
"Horse": "Leisure hobbies",
"Horse racing": "Sports",
"House\/garden": "Gardening",
"How-to": "Further education",
"Hunting": "Leisure hobbies",
"Hurling": "",
"Hydroplane racing": "Motor sport",
"Indoor soccer": "Team sports (excluding football)",
"Interview": "Discussion / Interview / Debate",
"Intl basketball": "Team sports (excluding football)",
"Intl hockey": "Team sports (excluding football)",
"Intl soccer": "Team sports (excluding football)",
"Jazz": "Jazz",
"Judo": "Sports",
"Karaoke": "Leisure hobbies",
"Karate": "Sports",
"Kayaking": "Water sport",
"Komödie": "Comedy",
"LGBTQ": "Social / Political issues / Economics",
"Lacrosse": "Winter sports",
"Latin": "",
"Law": "Detective / Thriller",
"Luge": "Winter sports",
"Marathon": "Sports",
"Martial arts": "Martial sports",
"Medical": "Medicine / Physiology / Psychology",
"Military": "Social / Political issues / Economics",
"Miniseries": "Movie / Drama",
"Mixed martial arts": "Martial sports",
"Modern pentathlon": "Sports",
"Motorcycle": "Motor sport",
"Motorcycle racing": "Motor sport",
"Motorsports": "Motor sport",
"Mountain biking": "Sports",
"Movie": "Movie / Drama",  
"Multi-sport event": "Sports",
"Music": "Music / Ballet / Dance",
"Music special": "Music / Ballet / Dance",
"Music talk": "Music / Ballet / Dance",
"Musical": "Musical / Opera",
"Musical comedy": "Musical / Opera",
"Mystery": "Science fiction / Fantasy / Horror",
"Nature": "Nature / Animals / Environment",
"Netball": "Team sports (excluding football)",
"News": "News / Current affairs",
"Newsmagazine": "News magazine",
"Nordic Combined": "Sports",
"Olympics": "Special events (Olympic Games, World Cup, etc.)",
"Opera": "Musical / Opera",
"Outdoors": "Tourism / Travel",
"Parade": "Leisure hobbies",
"Paralympics": "Special events (Olympic Games, World Cup, etc.)",
"Paranormal": "Science fiction / Fantasy / Horror",
"Parenting": "Children's / Youth programs",
"Pelota vasca": "",
"Performing arts": "Performing arts",
"Pets": "Leisure hobbies",
"Playoff sports": "Sports",
"Poker": "Sports",
"Political News Satire & Talk": "Discussion / Interview / Debate",
"Politics": "News / Current affairs",
"Polo": "Sports",
"Pool": "Sports",
"Pop": "Rock / Pop",
"Pro wrestling": "Martial sports",
"Public affairs": "News / Current affairs",
"R&B": "Music / Ballet / Dance",
"Racquet": "Sports",
"Reality": "Show / Game show",
"Reggae": "Music / Ballet / Dance",
"Religious": "Serious / Classical / Religious / Historical movie / Drama",
"Rhythmic Gymnastics": "Sports",
"Ringuette": "",
"Road cycling": "Sports",
"Rock": "Rock / Pop",
"Rodeo": "Sports",
"Roller derby": "Sports",
"Romance": "Romance",
"Romantic comedy": "Comedy",
"Rowing": "Water sport",
"Rugby": "Team sports (excluding football)",
"Rugby league": "Team sports (excluding football)",
"Rugby union": "Team sports (excluding football)",
"Running": "Sports",
"Sailing": "Leisure hobbies",
"Science": "Education / Science / Factual topics",
"Science fiction": "Science fiction / Fantasy / Horror",
"Self improvement": "Further education",
"Serien": "Soap / Melodrama / Folkloric", 
"Sepak takraw": "",
"Shinty": "",
"Shooting": "Sports",
"Shopping": "Show / Game show",
"Short track speed skating": "Sports",
"Shows": "Soap / Melodrama / Folkloric",
"Sitcom": "Soap / Melodrama / Folkloric",
"Ska": "",
"Skateboarding": "Sports",
"Skating": "Sports",
"Skeleton": "Winter sports",
"Ski Jumping": "Winter sports",
"Skiing": "Winter sports",
"Smooth Jazz": "Jazz",
"Snooker": "Sports",
"Snowboarding": "Winter sports",
"Snowmobile": "Winter sports",
"Soap": "Soap / Melodrama / Folkloric",
"Soap special": "Soap / Melodrama / Folkloric",
"Soap talk": "Soap / Melodrama / Folkloric",
"Soccer": "Football / Soccer",
"Soft Rock": "Rock / Pop",
"Softball": "Sports",
"Soul": "Music / Ballet / Dance",
"Spanish": "Languages",
"Special": "Show / Game show",
"Speed skating": "Sports",
"Sport climbing": "Sports",
"Sports event": "Sports",
"Sports non-event": "Sports",
"Sports related": "Sports",
"Sports talk": "Sports",
"Squash": "Tennis / Squash",
"Standup": "Comedy",
"Summer Olympics": "Sports",
"Sumo wrestling": "Martial Sports",
"Surfing": "Water sport",
"Suspense": "Detective / Thriller",
"Swimming": "Water sport",
"Swiss Wrestling": "Martial Sports",
"Synchronized swimming": "Water sport",
"Table tennis": "Tennis / Squash",
"Taekwondo": "Martial sports",
"Talk": "Talk show",
"Techno": "Music / Ballet / Dance",
"Technology": "Technology / Natural sciences",
"Teleroman": "",
"Tennis": "Tennis / Squash",
"Teqball": "Sports",
"Theater": "Soap / Melodrama / Folkloric",
"Thriller": "Detective / Thriller",
"Track cycling": "Sports",
"Track\/field": "Sports",
"Trampoline Gymnastics": "Sports",
"Travel": "Tourism / Travel",
"Triathlon": "Sports",
"Variety": "Variety show",
"Volleyball": "Team sports (excluding football)",
"War": "Adventure / Western / War",
"Water polo": "Water sport",
"Water skiing": "Water sport",
"Watersports": "Water sport",
"Weather": "News / Weather report",
"Weightlifting": "Sports",
"Western": "Adventure / Western / War",
"Winter Olympics": "Winter sports",
"World": "Education / Science / Factual topics",
"World history": "Serious / Classical / Religious / Historical movie / Drama",
"Wrestling": "Martial Sports",
"Yacht racing": "Water sports",

"Abenteuer" :"Adventure / Western / War",
"American Football": "Football / Soccer",
"Animation": "Cartoons / Puppets",
"Anwaltsserie": "Detective / Thriller",
"Arztserie": "Soap / Melodrama / Folkloric",
"Bildung": "Education / Science / Factual topics",
"Billard\/Snooker": "Sports",
"Biografie": "Movie / Drama",
"Boxen": "Martial Sports",
"Doku-Soap": "Soap / Melodrama / Folkloric",
"Dokus\/Magazine": "Magazines / Reports / Documentary",
"Dokumentation": "Documentary",
"Eishockey": "Team sports (excluding football)",
"Erotik": "Adult movie / Drama",
"Erotischer Film": "Adult movie / Drama",
"Esoterik": "Further education",
"Essen/Kochen": "Cooking",
"Extremsport": "Sports",
"Film": "Movie / Drama",
"Filme": "Movie / Drama", 
"Filmreihe": "Movie / Drama",
"Fussball": "Football / Soccer",
"Fußball": "Football / Soccer",
"Gala": "Show / Game show",
"Geschichte": "Education / Science / Factual topics",
"Gesellschaft": "Social / Political issues / Economics",
"Gesundheit": "Fitness and health",
"Heim\/Garten": "Gardening",
"Heimwerker": "Handicraft",
"Wohnen": "Magazines / Reports / Documentary",
"Historienfilm": "Serious / Classical / Religious / Historical movie / Drama",
"Infotainment": "Show / Game show",
"Kampfkunst": "Martial Sports",
"Kampfsport": "Martial Sports",
"Kinder": "Children's / Youth programs",
"Kinderfilme": "Children's / Youth programs",
"Kindersendung": "Children's / Youth programs",
"Kinderserien": "Children's / Youth programs",
"Kochen": "Cooking",
"Konzert": "Performing arts",
"Kriegsfilm": "Adventure / Western / War",
"Krimi": "Detective / Thriller",
"Kultur": "Arts / Culture (without music)",
"Laufsport": "Sports",
"Leichtathletik": "Athletics",
"Liebesfilm": "Romance",
"Lifestyle": "Arts / Culture (without music)",
"Magazin": "Magazines / Reports / Documentary",
"Motorsport": "Motor sport",
"Musik": "Music / Ballet / Dance",
"Nachrichten": "News / Current affairs",
"Natur": "Nature / Animals / Environment",
"Natur und Tiere": "Nature / Animals / Environment",
"Olympia": "Special events (Olympic Games, World Cup, etc.)",
"Oper": "Performing arts",
"Pferdesport": "Sports",
"Politik": "Social / Political issues / Economics",
"Quiz": "Show / Game show",
"Queer": "new media",
"Radsport": "Sports",
"Ratgeber": "Further education",
"Reisen": "Tourism / Travel",
"Religion": "Serious / Classical / Religious / Historical movie / Drama",
"Reportage": "Magazines / Reports / Documentary",
"Romantik": "Romance",
"Satire": "Comedy",
"Schwingen": "Sports",
"Sci-Fi": "Science fiction / Fantasy / Horror",
"ScienceFiction": "Science fiction / Fantasy / Horror",
"Serie": "Soap / Melodrama / Folkloric",
"Show": "Game show / Quiz / Contest",
"Ski": "Winter sports",
"Snowboard": "Winter sports",
"Sport": "Sports",
"Sportfilm": "Sports",
"Sportmagazine": "Sports magazines",
"Sportnews": "Sports magazines",
"Sport\/andere": "Sports",
"Talkshow": "Talk show",
"Tanzsport": "Sports",
"Technik": "Technology / Natural sciences",
"Telenovela": "Soap / Melodrama / Folkloric",
"Teleshopping": "Advertisement / Shopping",
"Turnen": "Sports",
"Unterhaltung": "Game show / Quiz / Contest",
"Unterhaltungserie": "Game show / Quiz / Contest",
"Verschiedenes": "undefined content",
"Wassersport": "Water sport",
"Wetter": "News / Weather report",
"Wintersport": "Winter sports",
"Wirtschaft": "Social / Political issues / Economics",
"Wissen": "Magazines / Reports / Documentary",
"Wissenschaft": "Education / Science / Factual topics",
"Motorrad": "Motoring",
"Horror & Mystery": "Science fiction / Fantasy / Horror",
"Liebe & Romantik": "Romance",
"Report": "Magazines / Reports / Documentary",
"Historie": "Serious / Classical / Religious / Historical movie / Drama",
"Mobilität": "Motoring",
"Shows": "Show / Game show",
"Diskussion": "Talk show",
"Tiere": "Nature / Animals / Environment",
"Architektur": "Arts / Culture (without music)",
"Kunst": "Arts / Culture (without music)",
"Dokus": "Magazines / Reports / Documentary",
"Beruf": "Magazines / Reports / Documentary",
"Kinder & Jugend": "Children's / Youth programs",
"Porträt": "Magazines / Reports / Documentary",
"Klassik": "Music / Ballet / Dance",
"Spielfilme": "Movie / Drama",
"Automobil": "Motoring",
"Autos": "Motoring",
"Mini Serie": "Show / Game show",
"Meditation & Entspannung": "Show / Game show",
"Nutzfahrzeuge": "Motoring",
"Automobile": "Motoring",
"Essen & Trinken": "Cooking",
"Reise": "Tourism / Travel",
"Aktuelles": "News / Current affairs",
"Familie": "Children's / Youth programs",
"Fantasy & Science-Fiction": "Science fiction / Fantasy / Horror",
"Märchen": "Children's / Youth programs",
"Regional": "News / Current affairs",
"Küche": "Cooking",
"Serien": "Soap / Melodrama / Folkloric",
"Werbung": "Advertisement / Shopping",
"Musicals": "Music / Ballet / Dance",
"Kids & Family": "Children's / Youth programs",
"Studio Based Entertainment": "Show / Game show",
"Kids \/ Animation": "Children's / Youth programs",
"Science Fiction": "Science fiction / Fantasy / Horror",
"Kinderfilm": "Children's / Youth programs",
"Tier Und Naturdokumentationen": "Nature / Animals / Environment",
"Schlager": "Music / Ballet / Dance",
"Reportagen & Dokumentationen": "Magazines / Reports / Documentary",
"E-Sport": "Sports",
"Kids": "Children's / Youth programs",
"Heimatfilm": "Movie / Drama",
"Kriminalserie": "Detective / Thriller",
"Musiksendung": "Music / Ballet / Dance",
"Romanze": "Romance",
"Musik > Konzerte \/ Auftritte": "Performing arts",
"Musik > Dokumentation": "Magazines / Reports / Documentary",
"Doku Portrait": "Magazines / Reports / Documentary",
"Action & Adventure": "Adventure / Western / War",
"True Crime": "Detective / Thriller",
"Kochen & Lifestyle": "Cooking",
"Natur & Umwelt": "Nature / Animals / Environment",
"Medizin": "Education / Science / Factual topics",
"Dokumentationen": "Magazines / Reports / Documentary",
"Foreign": "Show / Game show",
"Lounge Musik": "Music / Ballet / Dance",
"Family": "Children's / Youth programs",
"Doku": "Magazines / Reports / Documentary",
"Justiz": "Show / Game show",
"Clips": "Show / Game show",
"Documentaries": "Magazines / Reports / Documentary",
"Tanz": "Music / Ballet / Dance",
"Kinder Unterhaltung": "Children's / Youth programs",
"Zeichentrick": "Children's / Youth programs",
"Sci Fi": "Science fiction / Fantasy / Horror",
"Lgbtiq": "Social / Political issues / Economics",
"Blues": "Music / Ballet / Dance",
"Flamenco": "Music / Ballet / Dance",
"Afrobeat": "Music / Ballet / Dance",
"Funk": "Music / Ballet / Dance",
"Jazz Fusion": "Music / Ballet / Dance",
"Mandinka Music": "Music / Ballet / Dance",
"Spiritual Jazz": "Music / Ballet / Dance",
"Deep House": "Music / Ballet / Dance",
"Vocal Jazz": "Music / Ballet / Dance",
"Biographie": "Magazines / Reports / Documentary",
"Science Fiction Und Fantasy": "Science fiction / Fantasy / Horror",
"Action Und Abenteuer": "Adventure / Western / War",
"Aktuelles & Regionales": "News / Current affairs",
"Action & Abenteuer": "Adventure / Western / War",
"Information": "News / Current affairs",
"Love Stories": "Romance",
"Outdoor": "Tourism / Travel",
"Ausland": "Tourism / Travel",  
"Reisen Und Natur": "Tourism / Travel",
"Crime Action": "Detective / Thriller",
"Crime Drama": "Detective / Thriller",
"Literatur": "Further education",
"Sports": "Sports",
"Movie": "Movie / Drama"}}

