<?xml version="1.0" encoding="UTF-8" standalone="yes"?>
<addon id="repository.ad0lar" name="DEvmIb Repository" version="1.0" provider-name="Ad0lar, fds97AVVS, DEvmIb">
    <requires>
        <import addon="xbmc.addon" version="12.0.0"/>
    </requires>
    <extension point="xbmc.addon.repository" name="DEvmIb Repository">
        <dir minversion="19.0.0">
            <info compressed="false">https://raw.githubusercontent.com/DEvmIb/kodi_repo/master/addons.xml</info>
            <checksum>https://raw.githubusercontent.com/DEvmIb/kodi_repo/master/addons.xml.md5</checksum>
            <datadir>https://raw.githubusercontent.com/DEvmIb/kodi_repo/master/files/</datadir>
        </dir>
    </extension>
    <extension point="xbmc.addon.metadata">
        <summary>Various Addons for Kodi</summary>
        <description></description>
        <disclaimer></disclaimer>
        <platform>all</platform>
        <assets>
            <icon>icon.png</icon>
            <fanart>icon.png</fanart>
        </assets>
    </extension>
</addon>