{
    "gntms":

    {

        "module": "gntms",
        
        "login_req": true,
        "auth_req": true,
        "auth_type": "api_key",

        "main_loader": true,
        "main_threads": 1,
        "adv_loader": false,

        "menu_visibility": false

    },

    "tvtms":

    {

        "module": "tvtms",

        "main_loader": true,
        "main_threads": 1,
        "adv_loader": true,
        "duplicate_check_req": true,

        "menu_visibility": false

    },

    "xmltv":

    {

        "module": "xmltv",

        "login_req": false,
        "auth_req": false,

        "main_loader": true,
        "main_threads": 1,

        "adv_loader": false,

        "menu_visibility": false

    },

    "capat":

    {

        "module": "cpsol",

        "name": "Canal+ AT",
        "country": "AT",

        "data":

        {
            "country": "AT",
            "age_rating": "FSK"
        },

        "login_req": true,
        "auth_req": false,
        "exp": 300,

        "main_loader": true,
        "main_threads": 4,
        "max_dl_num": 7,
        "max_dl_threads": 7,

        "adv_loader": true
    
    },

    "tkmat":

    {

        "module": "tkmyo",

        "name": "MagentaTV AT",
        "country": "AT",

        "data":

        {
            "app_key": "CTnKA63ruKM0JM1doxAXwwyQLLmQiEiy",
            "app_version": "02.0.1300",
            "country": "at",
            "language": "de",
            "director": ["Drehbuch", "Regie"],
            "actor": ["Besetzung"],
            "age_rating": "FSK",
            "natco_key": "NZu7aIg1vFTNLwHcb0Kjhqk54ql9RJj5",
            "max_days": 7
        },

        "login_req": false,
        "auth_req": false,

        "main_loader": true,
        "main_threads": 4,
        "max_dl_num": 7,
        "max_dl_threads": 7,

        "duplicate_check_req": true,

        "adv_loader": true
    
    },

    "skyat":

    {

        "module": "skyde",
        
        "name": "Sky Österreich",
        "country": "AT",

        "data": {
            "country": "at"
        },

        "login_req": false,
        "auth_req": false,
        "is_utc": true,

        "main_loader": true,
        "main_threads": 4,
        "max_dl_num": 50,
        "max_dl_threads": 7,

        "adv_loader": true,
        "advanced_download_threads": 5,
        "dl_delay": 2,
        "ignore_error_codes": [500]
    
    },

    "tvmat":

    {

        "module": "tvmat",
        
        "name": "TV Media",
        "country": "AT",

        "login_req": true,
        "auth_req": false,
        "exp": 300,
        "is_utc": true,

        "main_loader": true,
        "main_threads": 4,
        "max_dl_num": 50,
        "max_dl_threads": 7,

        "adv_loader": true
    
    },

    "zttat":

    {

        "module": "zttch",
        
        "name": "Zattoo AT",
        "country": "AT",

        "data": {
            "domain": "zattoo.com",
            "country": "AT"
        },

        "login_req": true,
        "auth_req": true,
        "exp": 1800,
        "is_utc": true,

        "main_loader": true,
        "main_threads": 1,
        "max_dl_num": 50,
        "max_dl_threads": 5,
        "dl_delay": 1,

        "adv_loader": true,
        "advanced_download_threads": 1

    },

    "chsun":

    {

        "module": "libgl",

        "name": "Sunrise TV",
        "country": "CH",

        "data":

        {
            "country": "ch",
            "domain": "sunrisetv.ch",
            "lang_code": "eng",
            "lang": "de",
            "city_id": "100"
        },

        "login_req": false,
        "auth_req": false,

        "main_loader": true,
        "main_threads": 4,
        "max_dl_num": 7,
        "max_dl_threads": 7,
        "is_utc": true,

        "adv_loader": true
    
    },

    "swcch":

    {

        "module": "swcch",
        
        "name": "Swisscom blue TV",
        "country": "CH",

        "login_req": false,
        "auth_req": false,

        "main_loader": true,
        "main_threads": 4,
        "max_dl_num": 7,
        "max_dl_threads": 7,
        "main_custom_genres": true,

        "adv_loader": false

    },

    "zttch":

    {

        "module": "zttch",
        
        "name": "Zattoo CH",
        "country": "CH",

        "data": {
            "domain": "zattoo.com",
            "country": "CH"
        },

        "login_req": true,
        "auth_req": true,
        "exp": 1800,
        "is_utc": true,

        "main_loader": true,
        "main_threads": 1,
        "max_dl_num": 50,
        "max_dl_threads": 5,
        "dl_delay": 1,

        "adv_loader": true,
        "advanced_download_threads": 1

    },

    "tkmcz":

    {

        "module": "magio",

        "name": "Magenta TV CZ",
        "country": "CZ",

        "data":

        {
            "country": "cz"
        },

        "login_req": true,
        "auth_req": false,
        "exp": 9000,

        "main_loader": true,
        "main_threads": 4,
        "max_dl_num": 7,
        "max_dl_threads": 7,
        "is_utc": true,

        "adv_loader": true
    
    },

    "zt1u1":

    {

        "module": "zttch",
        
        "name": "1&1 TV",
        "country": "DE",

        "data": {
            "domain": "www.1und1.tv",
            "country": "XX"
        },

        "login_req": true,
        "auth_req": true,
        "exp": 1800,
        "is_utc": true,

        "main_loader": true,
        "main_threads": 1,
        "max_dl_num": 50,
        "max_dl_threads": 5,
        "dl_delay": 1,

        "adv_loader": true,
        "advanced_download_threads": 1
    
    },

    "skyde":

    {

        "module": "skyde",
        
        "name": "Sky Deutschland",
        "country": "DE",

        "data": {
            "country": "de"
        },

        "login_req": false,
        "auth_req": false,
        "is_utc": true,

        "main_loader": true,
        "main_threads": 4,
        "max_dl_num": 50,
        "max_dl_threads": 7,

        "adv_loader": true,
        "advanced_download_threads": 5,
        "dl_delay": 2,
        "ignore_error_codes": [500]

    },

    "tkmde":

    {

        "module": "tkmde",
        
        "name": "Telekom Magenta TV 1.0",
        "country": "DE",

        "login_req": true,
        "auth_req": false,
        "exp": 0,

        "main_loader": true,
        "main_threads": 4,
        "max_dl_num": 7,
        "max_dl_threads": 7,

        "adv_loader": false

    },

    "tkmd2":

    {

        "module": "tkmd2",
        
        "name": "Telekom Magenta TV 2.0",
        "country": "DE",

        "data": {
            "location_id": "http://data.entertainment.tv.theplatform.eu/entertainment/data/Location/245991976396"
        },

        "login_req": false,
        "auth_req": false,

        "main_loader": true,
        "main_threads": 4,
        "max_dl_num": 7,
        "max_dl_threads": 7,
        "is_utc": true,
        "ignore_error_codes": [404],

        "adv_loader": true,
        "multi_update": true

    },

    "tvspf":

    {

        "module": "tvspf",
        
        "name": "TV Spielfilm",
        "country": "DE",

        "data": {
            "domain": "tvspielfilm.de"
        },


        "login_req": false,
        "auth_req": false,

        "main_loader": true,
        "main_threads": 4,
        "max_dl_num": 7,
        "max_dl_threads": 7,
        "is_utc": true,
        "duplicate_check_req": true,

        "adv_loader": true

    },

    "wpude":

    {

        "module": "wpude",
        
        "name": "waipu.tv",
        "country": "DE",

        "login_req": false,
        "auth_req": false,

        "main_loader": true,
        "main_threads": 7,
        "max_dl_num": 20,
        "max_dl_threads": 10,
        "ignore_error_codes": [410],

        "adv_loader": true

    },

    "zttde":

    {

        "module": "zttch",
        
        "name": "Zattoo DE",
        "country": "DE",

        "data": {
            "domain": "zattoo.com",
            "country": "DE"
        },

        "login_req": true,
        "auth_req": true,
        "exp": 1800,
        "is_utc": true,

        "main_loader": true,
        "main_threads": 1,
        "max_dl_num": 50,
        "max_dl_threads": 5,
        "dl_delay": 1,

        "adv_loader": true,
        "advanced_download_threads": 1
    
    },

    "capfr":

    {

        "module": "canal",

        "name": "Canal+ FR",
        "country": "FR",

        "data":

        {
            "grid_id": "6032ba1a32e611d66f832d41d41db4d2",
            "myc": "mycanal",
            "age_rating": "CSA",
            "age_rating_values": {"2": "-10", "3": "-12", "4": "-16", "5": "-18"},
            "director": "De :",
            "actor": "Avec :",
            "season": "Saison",
            "episode": "Episode"
        },

        "login_req": false,
        "auth_req": false,

        "main_loader": true,
        "main_threads": 4,
        "max_dl_num": 50,
        "max_dl_threads": 10,
        "is_utc": true,

        "duplicate_check_req": true,

        "adv_loader": true
    
    },

    "gbvgm":

    {

        "module": "libgl",

        "name": "Virgin TV GO",
        "country": "GB",

        "data":

        {
            "country": "gb",
            "domain": "virgintvgo.virginmedia.com",
            "lang_code": "eng",
            "lang": "en",
            "city_id": "40980"
        },

        "login_req": false,
        "auth_req": false,

        "main_loader": true,
        "main_threads": 4,
        "max_dl_num": 7,
        "max_dl_threads": 7,
        "is_utc": true,

        "adv_loader": true
    
    },

    "tkmhr":

    {

        "module": "tkmyo",

        "name": "MaxTV HR",
        "country": "HR",

        "data":

        {
            "app_key": "GWaBW4RTloLwpUgYVzOiW5zUxFLmoMj5",
            "app_version": "02.0.1300",
            "country": "hr",
            "language": "hr",
            "director": ["REŽIJA"],
            "actor": ["GLUMI"],
            "age_rating": "Age rating",
            "natco_key": "l2lyvGVbUm2EKJE96ImQgcc8PKMZWtbE",
            "max_days": 7
        },

        "login_req": false,
        "auth_req": false,

        "main_loader": true,
        "main_threads": 4,
        "max_dl_num": 7,
        "max_dl_threads": 7,

        "duplicate_check_req": true,

        "adv_loader": true
    
    },

    "tkmhu":

    {

        "module": "tkmyo",

        "name": "Telekom TV GO",
        "country": "HU",

        "data":

        {
            "app_key": "exSJHBiSAN6wAAeqdWLdTUfdTi2PNark",
            "app_version": "02.0.1290",
            "country": "hu",
            "language": "hu",
            "director": ["Rendező"],
            "actor": ["Színész"],
            "age_rating": "NMHH",
            "natco_key": "Tydx7H7fJO6HxgjvJok0ZhVWFmX3om0P",
            "max_days": 7,
            "no_cc": true
        },

        "login_req": false,
        "auth_req": false,

        "main_loader": true,
        "main_threads": 4,
        "max_dl_num": 7,
        "max_dl_threads": 7,

        "duplicate_check_req": true,

        "adv_loader": true
    
    },

    "ievgm":

    {

        "module": "libgl",

        "name": "Virgin TV Anywhere",
        "country": "IE",

        "data":

        {
            "country": "ie",
            "domain": "virginmediatv.ie",
            "lang_code": "eng",
            "lang": "en",
            "city_id": "131"
        },

        "login_req": false,
        "auth_req": false,

        "main_loader": true,
        "main_threads": 4,
        "max_dl_num": 7,
        "max_dl_threads": 7,
        "is_utc": true,

        "adv_loader": true
    
    },

    "tkmme":

    {

        "module": "tkmyo",

        "name": "MagentaTV ME",
        "country": "ME",

        "data":

        {
            "app_key": "erYJuNj5fnVXtRgjkr4scxbr3oEkM4I4",
            "app_version": "02.0.1300",
            "country": "me",
            "language": "me",
            "director": ["Režija"],
            "actor": ["Glumi"],
            "age_rating": "Age rating",
            "natco_key": "ANKB5xVVywklLUd9WtEOh8eyLnlAypTM",
            "max_days": 7
        },

        "login_req": false,
        "auth_req": false,

        "main_loader": true,
        "main_threads": 4,
        "max_dl_num": 7,
        "max_dl_threads": 7,

        "duplicate_check_req": true,

        "adv_loader": true
    
    },

    "capnl":

    {

        "module": "cpsol",

        "name": "Canal+ NL",
        "country": "NL",

        "data":

        {
            "country": "NL",
            "age_rating": "Kijkwijzer"
        },

        "login_req": true,
        "auth_req": false,
        "exp": 300,

        "main_loader": true,
        "main_threads": 4,
        "max_dl_num": 7,
        "max_dl_threads": 7,

        "adv_loader": true
    
    },

    "nlzgg":

    {

        "module": "libgl",

        "name": "Ziggo GO",
        "country": "NL",

        "data":

        {
            "country": "nl",
            "domain": "ziggogo.tv",
            "lang_code": "nld",
            "lang": "nl",
            "city_id": "65535"
        },

        "login_req": false,
        "auth_req": false,

        "main_loader": true,
        "main_threads": 4,
        "max_dl_num": 7,
        "max_dl_threads": 7,
        "is_utc": true,

        "adv_loader": true
    
    },

    "cappl":

    {

        "module": "canal",

        "name": "Canal+ PL",
        "country": "PL",

        "data":

        {
            "grid_id": "d51cbaf413c54654d5a89ea01ba95f65",
            "myc": "mycanalint",
            "age_rating": "KRRIT",
            "age_rating_values": {"2": "7", "3": "12", "4": "16", "5": "18"},
            "director": "Reżyseria :",
            "actor": "Obsada :",
            "season": "Sezon",
            "episode": "Odcinek"
        },

        "login_req": false,
        "auth_req": false,

        "main_loader": true,
        "main_threads": 4,
        "max_dl_num": 50,
        "max_dl_threads": 10,
        "is_utc": true,

        "duplicate_check_req": true,

        "adv_loader": true
    
    },

    "tkmpl":

    {

        "module": "tkmyo",

        "name": "MagentaTV PL",
        "country": "PL",

        "data":

        {
            "app_key": "2zjAjpJ6dRfHR1nIwF47jz75g7Qf4F6z",
            "app_version": "02.0.1300",
            "country": "pl",
            "language": "pl",
            "director": ["Reżyser"],
            "actor": ["Aktor"],
            "age_rating": "NBC-PL",
            "natco_key": "ovINYLVrQsLj8wPDQzNYotQMkFha9PFF",
            "max_days": 7
        },

        "login_req": false,
        "auth_req": false,

        "main_loader": true,
        "main_threads": 4,
        "max_dl_num": 7,
        "max_dl_threads": 7,

        "duplicate_check_req": true,

        "adv_loader": true
    
    },

    "tkmsk":

    {

        "module": "magio",

        "name": "Magio TV SK",
        "country": "SK",

        "data":

        {
            "country": "sk"
        },

        "login_req": true,
        "auth_req": false,
        "exp": 9000,

        "main_loader": true,
        "main_threads": 4,
        "max_dl_num": 7,
        "max_dl_threads": 7,
        "is_utc": true,

        "adv_loader": true
    
    },

    "skupc":

    {

        "module": "libgl",

        "name": "UPC TV SK",
        "country": "SK",

        "data":

        {
            "country": "sk",
            "domain": "upctv.sk",
            "lang_code": "slk",
            "lang": "sk",
            "city_id": "5"
        },

        "login_req": false,
        "auth_req": false,

        "main_loader": true,
        "main_threads": 4,
        "max_dl_num": 7,
        "max_dl_threads": 7,
        "is_utc": true,

        "adv_loader": true
    
    }

}