{
  "categories": {
    "DE": {
            "3-D-Animationsserie" : "Cartoons / Puppets",
            "3D-Animationsserie" : "Cartoons / Puppets",
            "Abenteuer" : "Adventure / Western / War",
            "Abenteuerdrama" : "Adventure / Western / War",
            "Abenteuerepos" : "Adventure / Western / War",
            "Abenteuerkomödie" : "Adventure / Western / War",
            "Abenteuerreißer" : "Adventure / Western / War",
            "Abenteuerromanze" : "Adventure / Western / War",
            "Abenteuerschmonzette" : "Adventure / Western / War",
            "Abenteuerserie" : "Adventure / Western / War",
            "Abenteuersport" : "Adventure / Western / War",
            "Abenteuerthriller" : "Adventure / Western / War",
            "Action" : "Adventure / Western / War",
            "Actionabenteuer" : "Adventure / Western / War",
            "Action-Comedyserie" : "Adventure / Western / War",
            "Actiondrama" : "Adventure / Western / War",
            "Actiondramaserie" : "Adventure / Western / War",
            "Action-Drama-Serie" : "Adventure / Western / War",
            "Actionfilm" : "Adventure / Western / War",
            "Actiongameshow" : "Adventure / Western / War",
            "Actionhorror" : "Adventure / Western / War",
            "Actionhorrortrash" : "Adventure / Western / War",
            "Actionkomödie" : "Adventure / Western / War",
            "Actionkrimi" : "Adventure / Western / War",
            "Actionkrimipersiflage" : "Adventure / Western / War",
            "Actionparodie" : "Adventure / Western / War",
            "Actionserie" : "Adventure / Western / War",
            "Actionthriller" : "Adventure / Western / War",
            "Agentenkomödie" : "Detective / Thriller",
            "Agentenpersiflage" : "Detective / Thriller",
            "Agentenserie" : "Detective / Thriller",
            "Agententhriller" : "Detective / Thriller",
            "Alltagsabenteuerserie" : "Popular culture / Traditional arts",
            "Alltagsreportage" : "Magazines / Reports / Documentary",
            "Angeldoku" : "Documentary",
            "Animation" : "Cartoons / Puppets",
            "Animationsabenteuer" : "Cartoons / Puppets",
            "Animationsdrama" : "Cartoons / Puppets",
            "Animationsfilm" : "Cartoons / Puppets",
            "Animationsserie" : "Cartoons / Puppets",
            "Animationsspaß" : "Cartoons / Puppets",
            "Animatiosserie" : "Cartoons / Puppets",
            "Anime" : "Cartoons / Puppets",
            "Animeabenteuer" : "Cartoons / Puppets",
            "Animeserie" : "Cartoons / Puppets",
            "Antikriegsdrama" : "Movie / Drama",
            "Antiquitätenratgeber" : "Magazines / Reports / Documentary",
            "Antirassismusdrama" : "Movie / Drama",
            "Anti-Rassismus-Thriller" : "Detective / Thriller",
            "Anwaltsserie" : "Detective / Thriller",
            "Apartheidsdrama" : "Movie / Drama",
            "Architekturdoku" : "Documentary",
            "Architekturreportage" : "Magazines / Reports / Documentary",
            "Arztserie" : "Medicine / Physiology / Psychology",
            "Auktionssoap" : "Soap / Melodrama / Folkloric",
            "Auslandsdoku" : "Documentary",
            "Auslandsmagazin" : "Magazines / Reports / Documentary",
            "Auslandsreportage" : "Magazines / Reports / Documentary",
            "Aussteigerabenteuer" : "Documentary",
            "Autodoku" : "Documentary",
            "Autoknackerthriller" : "Detective / Thriller",
            "Automagazin" : "Magazines / Reports / Documentary",
            "Autoreportage" : "Magazines / Reports / Documentary",
            "Autosport" : "Motor sport",
            "Avantgardekrimi" : "Detective / Thriller",
            "Backshow" : "Cooking",
            "Backsoap" : "Cooking",
            "Ballett" : "Music / Ballet / Dance",
            "Baseball" : "Sports",
            "Baseballkomödie" : "Comedy",
            "Basketball" : "Sports",
            "Bastelshow" : "Leisure hobbies",
            "Beachsoap" : "Soap / Melodrama / Folkloric",
            "Beachvolleyball" : "Sports",
            "Berichterstattung" : "News / Current affairs",
            "Überlebensdrama" : "Movie / Drama",
            "Überlebensthriller" : "Detective / Thriller",
            "Beruf und Bildung" : "Education / Science / Factual topics",
            "Beziehungsdrama" : "Movie / Drama",
            "Beziehungsdramödie" : "Comedy",
            "Beziehungskomödie" : "Comedy",
            "Bildungsdoku" : "Documentary",
            "Bildungsfernsehen" : "Education / Science / Factual topics",
            "Bildungsprogramm" : "Education / Science / Factual topics",
            "Billard" : "Sports",
            "Biografiedrama" : "Literature",
            "Biografie-Epos" : "Literature",
            "Biografisches Drama" : "Literature",
            "Biopic" : "Literature",
            "Bollywood-Actionthriller" : "Detective / Thriller",
            "Bollywood-Actiontrickkomödie" : "Comedy",
            "Bollywooddrama" : "Movie / Drama",
            "Bollywood-Drama" : "Movie / Drama",
            "Bollywood-Dramödie" : "Comedy",
            "Bollywood-Familiendrama" : "Movie / Drama",
            "Bollywood-Familiendramödie" : "Comedy",
            "Bollywood-Komödie" : "Comedy",
            "Bollywood-Liebesdrama" : "Romance",
            "Bollywood-Liebeskomödie" : "Romance",
            "Bollywood-Melodram" : "Movie / Drama",
            "Bollywood-Musical" : "Musical / Opera",
            "Bollywood-Psychothriller" : "Detective / Thriller",
            "Bollywood-Romantikepos" : "Romance",
            "Bollywood-Romanze" : "Romance",
            "Bollywood-Sci-Fi-Ulk" : "Science fiction / Fantasy / Horror",
            "Bollywood-Sportdrama" : "Movie / Drama",
            "Bollywood-Thrillerdrama" : "Detective / Thriller",
            "Boulevardmagazin" : "Magazines / Reports / Documentary",
            "Boxdrama" : "Movie / Drama",
            "Boxen" : "Martial Sports",
            "Brauchtum" : "Popular culture / Traditional arts",
            "Bürgerkriegsdrama" : "Adventure / Western / War",
            "Börse" : "News / Current affairs",
            "Börsenbericht" : "News / Current affairs",
            "Bumsfilm" : "Adult movie / Drama",
            "Burleske" : "Adult movie / Drama",
            "B-Western" : "Adventure / Western / War",
            "Call-in-Show" : "Show / Game show",
            "Castingshow" : "Game show / Quiz / Contest",
            "Charts" : "Music / Ballet / Dance",
            "Clip-Potpourri" : "Show / Game show",
            "Clipshow" : "Show / Game show",
            "Coachingdoku" : "Documentary",
            "Comedy" : "Comedy",
            "Comedyquiz" : "Game show / Quiz / Contest",
            "Comedyserie" : "Comedy",
            "Comedyshow" : "Comedy",
            "Comedytalk" : "Comedy",
            "Comicaction" : "Cartoons / Puppets",
            "Computertrickabenteuer" : "Cartoons / Puppets",
            "Computertrickkomödie" : "Cartoons / Puppets",
            "Computertrickserie" : "Cartoons / Puppets",
            "Computertrickspaß" : "Cartoons / Puppets",
            "Computer und Informatik" : "Technology / Natural sciences",
            "Copdrama" : "Movie / Drama",
            "Cop-Komödie" : "Comedy",
            "Countrymusik" : "Music / Ballet / Dance",
            "Crime" : "Detective / Thriller",
            "Crimedoku" : "Documentary",
            "Cyberkrimi" : "Detective / Thriller",
            "Cyberthriller" : "Detective / Thriller",
            "Daily Soap" : "Soap / Melodrama / Folkloric",
            "Darts" : "Sports",
            "Dateshow" : "Talk show",
            "Datingshow" : "Talk show",
            "Designdoku" : "Documentary",
            "Detektivabenteuer" : "Detective / Thriller",
            "Detektivkomödie" : "Detective / Thriller",
            "Detektivserie" : "Detective / Thriller",
            "Digitaltrickabenteuer" : "Cartoons / Puppets",
            "Digitaltrick-Abenteuerspaß" : "Cartoons / Puppets",
            "Digitaltrickaction" : "Cartoons / Puppets",
            "Digitaltrickfantasy" : "Cartoons / Puppets",
            "Digitaltrickkomödie" : "Cartoons / Puppets",
            "Digitaltrickmusical" : "Cartoons / Puppets",
            "Digitaltrickspaß" : "Cartoons / Puppets",
            "Digitrickabenteuer" : "Cartoons / Puppets",
            "Digitrick-Abenteuerspaß" : "Cartoons / Puppets",
            "Digitrickkomödie" : "Cartoons / Puppets",
            "Digtitaltrickabenteuer" : "Cartoons / Puppets",
            "Diskussion" : "Discussion / Interview / Debate",
            "dOKU" : "Documentary",
            "Doku" : "Documentary",
            "Dokudrama" : "Documentary",
            "Dokudramaserie" : "Documentary",
            "Dokueihe" : "Documentary",
            "Doku-Fiktion" : "Documentary",
            "Dokufilm" : "Documentary",
            "Dokumentarfilm" : "Documentary",
            "Dokumentarserie" : "Documentary",
            "Dokumentation" : "Documentary",
            "Dokumentationsserie" : "Documentary",
            "Dokumetarfilm" : "Documentary",
            "Dokureihe" : "Documentary",
            "Doku-Reihe" : "Documentary",
            "Dokurserie" : "Documentary",
            "Dokuserie" : "Documentary",
            "Doku-Serie" : "Documentary",
            "Dokusoap" : "Documentary",
            "Doku-Soap" : "Documentary",
            "Drama" : "Movie / Drama",
            "Dramaserie" : "Movie / Drama",
            "Dramödie" : "Movie / Drama",
            "Dramedyserie" : "Movie / Drama",
            "Dramolett" : "Movie / Drama",
            "Drehbericht" : "Magazines / Reports / Documentary",
            "Drogenthriller" : "Detective / Thriller",
            "Echtzeitthriller" : "Detective / Thriller",
            "Ehedrama" : "Movie / Drama",
            "Ehekomödie" : "Comedy",
            "Eishockey" : "Winter sports",
            "Eishockeymagazin" : "Winter sports",
            "Endzeit-Überlebensthriller" : "Detective / Thriller",
            "Endzeithorror" : "Science fiction / Fantasy / Horror",
            "Endzeitthriller" : "Detective / Thriller",
            "Entführungskrimi" : "Detective / Thriller",
            "Entführungsthriller" : "Detective / Thriller",
            "Enthüllungsdrama" : "Movie / Drama",
            "Episches Drama" : "Movie / Drama",
            "Episoden" : "Movie / Drama",
            "Episodendrama" : "Movie / Drama",
            "Episodenhorror" : "Science fiction / Fantasy / Horror",
            "Erfindermagazin" : "Magazines / Reports / Documentary",
            "Ermittlersoap" : "Detective / Thriller",
            "Erotik" : "Adult movie / Drama",
            "Erotik-Clips" : "Adult movie / Drama",
            "Erotik-Collageklamauk" : "Adult movie / Drama",
            "Erotikdrama" : "Adult movie / Drama",
            "Erotikfilm" : "Adult movie / Drama",
            "Erotikreihe" : "Adult movie / Drama",
            "Erotikserie" : "Adult movie / Drama",
            "Essay" : "Literature",
            "Essen und Trinken" : "Cooking",
            "Ethnodrama" : "Movie / Drama",
            "Europa" : "Magazines / Reports / Documentary",
            "Europanachrichten" : "News / Current affairs",
            "Experimenteshow" : "Technology / Natural sciences",
            "Extremsport" : "Sports",
            "Familienabenteuer" : "Adventure / Western / War",
            "Familiendrama" : "Movie / Drama",
            "Familiendramaserie" : "Movie / Drama",
            "Familiendramödie" : "Comedy",
            "Familiendramolett" : "Movie / Drama",
            "Familienepos" : "Movie / Drama",
            "Familienfilm" : "Movie / Drama",
            "Familienkomödie" : "Comedy",
            "Familienmelodram" : "Soap / Melodrama / Folkloric",
            "Familiensaga" : "Serious / Classical / Religious / Historical movie / Drama",
            "Familienschmonzette" : "Comedy",
            "Familienserie" : "Soap / Melodrama / Folkloric",
            "Familienspaß" : "Comedy",
            "Fantasy" : "Science fiction / Fantasy / Horror",
            "Fantasyabenteuer" : "Science fiction / Fantasy / Horror",
            "Fantasyaction" : "Science fiction / Fantasy / Horror",
            "Fantasyanime" : "Science fiction / Fantasy / Horror",
            "Fantasydrama" : "Science fiction / Fantasy / Horror",
            "Fantasyepos" : "Science fiction / Fantasy / Horror",
            "Fantasyhorror" : "Science fiction / Fantasy / Horror",
            "Fantasykinderkomödie" : "Science fiction / Fantasy / Horror",
            "Fantasykomödie" : "Science fiction / Fantasy / Horror",
            "Fantasykrimiserie" : "Science fiction / Fantasy / Horror",
            "Fantasy-Musical" : "Musical / Opera",
            "Fantasyromanze" : "Science fiction / Fantasy / Horror",
            "Fantasysaga" : "Science fiction / Fantasy / Horror",
            "Fantasyserie" : "Science fiction / Fantasy / Horror",
            "Fantasyteenkomödie" : "Science fiction / Fantasy / Horror",
            "Fantasy-Teenkomödie" : "Science fiction / Fantasy / Horror",
            "Fantasytrip" : "Science fiction / Fantasy / Horror",
            "Fashionmagazin" : "Magazines / Reports / Documentary",
            "Faustball" : "Sports",
            "Fernsehserie" : "Soap / Melodrama / Folkloric",
            "Festakt" : "Tourism / Travel",
            "Festumzug" : "Tourism / Travel",
            "Filmcollage" : "Arts / Culture (without music)",
            "Filmkunstdrama" : "Movie / Drama",
            "Filmmagazin" : "Magazines / Reports / Documentary",
            "Fitness" : "Fitness and health",
            "Flüchtlingsdrama" : "Movie / Drama",
            "Fliegeraction" : "Adventure / Western / War",
            "Flirtkomödie" : "Comedy",
            "Fluchtdrama" : "Movie / Drama",
            "Food-Festival" : "Cooking",
            "Formel 1" : "Motor sport",
            "Fotoshow" : "Arts / Culture (without music)",
            "Frauendramödie" : "Comedy",
            "Frauenmagazin" : "Magazines / Reports / Documentary",
            "Freizeitmagazin" : "Magazines / Reports / Documentary",
            "Freizeit und Hobby" : "Leisure hobbies",
            "Fußball" : "Football / Soccer",
            "Fußballmagazin" : "Football / Soccer",
            "Funsplatter" : "Science fiction / Fantasy / Horror",
            "Fun-Sport" : "Sports",
            "Gala" : "Arts / Culture (without music)",
            "Gameshow" : "Show / Game show",
            "Gamingserie" : "Show / Game show",
            "Gangsteractiondrama" : "Detective / Thriller",
            "Gangsterballade" : "Detective / Thriller",
            "Gangsterdrama" : "Detective / Thriller",
            "Gangsterkrimi" : "Detective / Thriller",
            "Gangsterthriller" : "Detective / Thriller",
            "Gartendoku" : "Gardening",
            "Gastrosoap" : "Soap / Melodrama / Folkloric",
            "Gaunerkomödie" : "Comedy",
            "Gaunerposse" : "Detective / Thriller",
            "Gebirgsschmonzette" : "Comedy",
            "Gefängnisdrama" : "Detective / Thriller",
            "Gefängnisserie" : "Detective / Thriller",
            "Geiseldrama" : "Movie / Drama",
            "Geisterhorror" : "Science fiction / Fantasy / Horror",
            "Geistliche Musik" : "Music / Ballet / Dance",
            "Gerichtsshow" : "Detective / Thriller",
            "Gerichtsthriller" : "Detective / Thriller",
            "Geschichte" : "Education / Science / Factual topics",
            "Geschichtsdoku" : "Documentary",
            "Geschichtsreportage" : "Documentary",
            "Geschichtsmagazin" : "Magazines / Reports / Documentary",
            "Gesellschaftsatire" : "Comedy",
            "Gesellschaftsdrama" : "Movie / Drama",
            "Gesellschaftskomödie" : "Comedy",
            "Gesellschaftsreportage" : "Magazines / Reports / Documentary",
            "Gesellschaftssatire" : "Comedy",
            "Gesellschaft und Politik" : "Social / Political issues / Economics",
            "Gesellschaft und Soziales" : "Social / Political issues / Economics",
            "Gespräch" : "Discussion / Interview / Debate",
            "Gesundheitsdoku" : "Documentary",
            "Gesundheitsmagazin" : "Fitness and health",
            "Gettodrama" : "Movie / Drama",
            "Gewaltdrama" : "Movie / Drama",
            "Gewaltorgie" : "Movie / Drama",
            "Gewinnshow" : "Game show / Quiz / Contest",
            "Gewinnspiel" : "Game show / Quiz / Contest",
            "Globalisierungsmagazin" : "Magazines / Reports / Documentary",
            "Golf" : "Sports",
            "Golfmagazin" : "Sports magazines",
            "Gottesdienst" : "Religion",
            "Gruselklassiker" : "Science fiction / Fantasy / Horror",
            "Gruselkomödie" : "Comedy",
            "Gruselkrimi" : "Science fiction / Fantasy / Horror",
            "Gruselkrimiparodie" : "Science fiction / Fantasy / Horror",
            "Grusical" : "Soap / Melodrama / Folkloric",
            "Gute-Nacht-Geschichte" : "Soap / Melodrama / Folkloric",
            "Gutenachtgeschichten" : "Soap / Melodrama / Folkloric",
            "Handball" : "Team sports (excluding football)",
            "Haus/Bauen/Wohnen" : "Handicraft",
            "Heimatdrama" : "Movie / Drama",
            "Heimatfilmromanze" : "Romance",
            "Heimatkitsch" : "Soap / Melodrama / Folkloric",
            "Heimatkrimi" : "Detective / Thriller",
            "Heimatkrimikomödie" : "Comedy",
            "Heimatreport" : "Social / Political issues / Economics",
            "Heimatreportage" : "Social / Political issues / Economics",
            "Heimatschnulze" : "Soap / Melodrama / Folkloric",
            "Heimatserie" : "Soap / Melodrama / Folkloric",
            "Highschooldrama" : "Movie / Drama",
            "High-School-Komödie" : "Comedy",
            "Historienaction" : "Serious / Classical / Religious / Historical movie / Drama",
            "Historien-Action" : "Serious / Classical / Religious / Historical movie / Drama",
            "Historien-Dokuspiel" : "Serious / Classical / Religious / Historical movie / Drama",
            "Historiendrama" : "Movie / Drama",
            "Historienfantasy" : "Serious / Classical / Religious / Historical movie / Drama",
            "Historienromanze" : "Romance",
            "Historienserie" : "Serious / Classical / Religious / Historical movie / Drama",
            "Historiensoap" : "Serious / Classical / Religious / Historical movie / Drama",
            "Hochsee-Actiondrama" : "Movie / Drama",
            "Hochzeitsdokusoap" : "Soap / Melodrama / Folkloric",
            "Hochzeitsshow" : "Soap / Melodrama / Folkloric",
            "Hockey" : "Winter sports",
            "Holzfällersport" : "Sports",
            "Horror" : "Science fiction / Fantasy / Horror",
            "Horrorabenteuer" : "Science fiction / Fantasy / Horror",
            "Horroraction" : "Science fiction / Fantasy / Horror",
            "Horroranime" : "Science fiction / Fantasy / Horror",
            "Horrordrama" : "Science fiction / Fantasy / Horror",
            "Horrorepisodenfilm" : "Science fiction / Fantasy / Horror",
            "Horrorfantasy" : "Science fiction / Fantasy / Horror",
            "Horrorfarce" : "Science fiction / Fantasy / Horror",
            "Horrorfilm" : "Science fiction / Fantasy / Horror",
            "Horrorgroteske" : "Science fiction / Fantasy / Horror",
            "Horrorkomödie" : "Science fiction / Fantasy / Horror",
            "Horror-Komödie" : "Science fiction / Fantasy / Horror",
            "Horror-Love-Story" : "Science fiction / Fantasy / Horror",
            "Horrorparodie" : "Science fiction / Fantasy / Horror",
            "Horrorpersiflage" : "Science fiction / Fantasy / Horror",
            "Horrorromanze" : "Science fiction / Fantasy / Horror",
            "Horrorschocker" : "Science fiction / Fantasy / Horror",
            "Horrorschund" : "Science fiction / Fantasy / Horror",
            "Horrorserie" : "Science fiction / Fantasy / Horror",
            "Horrorthriller" : "Science fiction / Fantasy / Horror",
            "Horrortrash" : "Science fiction / Fantasy / Horror",
            "Hundereport" : "Nature / Animals / Environment",
            "Impressionen" : "Arts / Culture (without music)",
            "Indianerabenteuer" : "Adventure / Western / War",
            "Indianerdrama" : "Movie / Drama",
            "Infomagazin" : "Magazines / Reports / Documentary",
            "Infotainment" : "Magazines / Reports / Documentary",
            "Inklusionsmagazin" : "Magazines / Reports / Documentary",
            "Internatsserie" : "Soap / Melodrama / Folkloric",
            "Internetmagazin" : "Magazines / Reports / Documentary",
            "Interview" : "Discussion / Interview / Debate",
            "Italowestern" : "Adventure / Western / War",
            "Italo-Western" : "Adventure / Western / War",
            "Jazz" : "Jazz",
            "Judo" : "Martial Sports",
            "Jugendabbenteuer" : "Children's / Youth programs",
            "Jugendabenteuer" : "Children's / Youth programs",
            "Jugenddrama" : "Children's / Youth programs",
            "Jugendkrimiabenteuer" : "Children's / Youth programs",
            "Jugend-Krimiserie" : "Children's / Youth programs",
            "Jugendserie" : "Children's / Youth programs",
            "Justizdrama" : "Children's / Youth programs",
            "Kabarett" : "Serious music / Classical music",
            "Kabarettshow" : "Serious music / Classical music",
            "Kamerafahrt" : "Tourism / Travel",
            "Kamerafahrten" : "Tourism / Travel",
            "Kamerastreiche" : "Comedy",
            "Kampfsport" : "Martial Sports",
            "Kanu" : "Sports",
            "Karl-May-Abenteuer" : "Adventure / Western / War",
            "Karl-May-Western" : "Adventure / Western / War",
            "Katastrophenfilm" : "Movie / Drama",
            "Katastrophenklassiker" : "Movie / Drama",
            "Katastrophen-Trass" : "Movie / Drama",
            "Kifferkomödie" : "Comedy",
            "Kinderabenteuer" : "Children's / Youth programs",
            "Kinderdrama" : "Children's / Youth programs",
            "Kinderfantasy" : "Children's / Youth programs",
            "Kindergeschichte" : "Children's / Youth programs",
            "Kinderklamauk" : "Children's / Youth programs",
            "Kinderkochshow" : "Children's / Youth programs",
            "Kinderkomödie" : "Children's / Youth programs",
            "Kinderkrimi" : "Children's / Youth programs",
            "Kindermagazin" : "Children's / Youth programs",
            "Kindernachrichten" : "News / Current affairs",
            "Kinderreportage" : "Children's / Youth programs",
            "Kindersendung" : "Children's / Youth programs",
            "Kinderserie" : "Children's / Youth programs",
            "Kinder-Trickfilm" : "Cartoons / Puppets",
            "Kinomagazin" : "Magazines / Reports / Documentary",
            "Kirchenprogramm" : "Religion",
            "Kirche und Religion" : "Religion",
            "Kitsch" : "Fashion",
            "Kitschdrama" : "Movie / Drama",
            "Klamauk" : "Comedy",
            "Klamotte" : "Serious / Classical / Religious / Historical movie / Drama",
            "Klassikdoku" : "Documentary",
            "Klassikkonzert" : "Musical / Opera",
            "Klettern" : "Sports",
            "Klinikthriller" : "Detective / Thriller",
            "Klosterkrimi" : "Detective / Thriller",
            "Knast-Soap" : "Soap / Melodrama / Folkloric",
            "Knastthriller" : "Detective / Thriller",
            "Königsdrama" : "Movie / Drama",
            "Künstlerdrama" : "Movie / Drama",
            "Künstlerinnenporträt" : "Fine arts",
            "Künstlerporträt" : "Fine arts",
            "Kochdoku" : "Cooking",
            "Kochdokusoap" : "Cooking",
            "Koch-Dokusoap" : "Cooking",
            "Kochduell" : "Cooking",
            "Kochkurs" : "Cooking",
            "Kochmagazin" : "Cooking",
            "Kochreport" : "Cooking",
            "Kochsendung" : "Cooking",
            "Kochshow" : "Cooking",
            "Kochsoap" : "Cooking",
            "Öko-Doku" : "Documentary",
            "Komödie" : "Comedy",
            "Komödie" : "Comedy",
            "Konz" : "Musical / Opera",
            "Konzert" : "Musical / Opera",
            "Korrespondentenberichte" : "Discussion / Interview / Debate",
            "Kostümabenteuer" : "Adventure / Western / War",
            "Kostümdrama" : "Movie / Drama",
            "Kostümromanze" : "Romance",
            "Krankenhausserie" : "Soap / Melodrama / Folkloric",
            "Kreativmagazin" : "Soap / Melodrama / Folkloric",
            "Krebsdrama" : "Movie / Drama",
            "Krempelsoap" : "Soap / Melodrama / Folkloric",
            "Kriegsabenteuer" : "Adventure / Western / War",
            "Kriegsdoku" : "Adventure / Western / War",
            "Kriegsdrama" : "Adventure / Western / War",
            "Kriegsepos" : "Adventure / Western / War",
            "Kriegskolportagedrama" : "Adventure / Western / War",
            "Kriegsmelodram" : "Adventure / Western / War",
            "Kriegsromanze" : "Adventure / Western / War",
            "Kriegssatire" : "Comedy",
            "Krimi" : "Detective / Thriller",
            "Krimiabenteuer" : "Detective / Thriller",
            "Krimidokureihe" : "Detective / Thriller",
            "Krimidokuserie" : "Detective / Thriller",
            "Krimidrama" : "Detective / Thriller",
            "Krimidramaserie" : "Detective / Thriller",
            "Krimiklamotte" : "Detective / Thriller",
            "Krimikomödie" : "Comedy",
            "Kriminaldrama" : "Detective / Thriller",
            "Kriminalepos" : "Detective / Thriller",
            "Kriminalfilm" : "Detective / Thriller",
            "Kriminalistik" : "Detective / Thriller",
            "Kriminalistikreihe" : "Detective / Thriller",
            "Kriminalkomödie" : "Comedy",
            "Kriminalmelodram" : "Detective / Thriller",
            "Krimiparodie" : "Detective / Thriller",
            "Krimi-Ratespiel" : "Detective / Thriller",
            "Krimireihe" : "Detective / Thriller",
            "Krimiserie" : "Detective / Thriller",
            "Kultgroteske" : "Comedy",
            "Kult-Horror" : "Science fiction / Fantasy / Horror",
            "Kulturdoku" : "Documentary",
            "Kulturmagazin" : "Magazines / Reports / Documentary",
            "Kulturreportage" : "Magazines / Reports / Documentary",
            "Kung-Fu-Spaß" : "Sports",
            "Kunstdrama" : "Arts / Culture (without music)",
            "Kunstfliegen" : "Sports",
            "Kunst und Kultur" : "Arts / Culture (without music)",
            "Kunstweltsatire" : "Arts / Culture (without music)",
            "Kuppelshow" : "Show / Game show",
            "Kuppelsoap" : "Soap / Melodrama / Folkloric",
            "Kurzfilm" : "Movie / Drama",
            "Kurzfilme" : "Movie / Drama",
            "Kurzfilmmagazin" : "Magazines / Reports / Documentary",
            "Landkrimi" : "Detective / Thriller",
            "Landschaftsbild" : "Foreign countries / Expeditions",
            "Landschaftsporträt" : "Foreign countries / Expeditions",
            "Land und Leute" : "Foreign countries / Expeditions",
            "Late-Night-Comedy" : "Comedy",
            "Late-Night-Show" : "Show / Game show",
            "Latinowestern" : "Adventure / Western / War",
            "Leichtathletik" : "Athletics",
            "Leichte Musik" : "Music / Ballet / Dance",
            "Liebesdrama" : "Romance",
            "Liebesfilm" : "Romance",
            "Liebeskomödie" : "Comedy",
            "Liebesschmus" : "Romance",
            "Liebestragödie" : "Romance",
            "Lieder und Chanson" : "Music / Ballet / Dance",
            "Lifestyle" : "Fitness and health",
            "Literatur" : "Leisure hobbies",
            "Literaturgespräch" : "Leisure hobbies",
            "Literaturmagazin" : "Magazines / Reports / Documentary",
            "Ländermagazin" : "Magazines / Reports / Documentary",
            "Länderporträt" : "Magazines / Reports / Documentary",
            "Lokalreportage" : "Magazines / Reports / Documentary",
            "Lotterieshow" : "Game show / Quiz / Contest",
            "Lovestory" : "Adult movie / Drama",
            "Lustspiel" : "Adult movie / Drama",
            "Mafiadrama" : "Movie / Drama",
            "Mafiadramaserie" : "Movie / Drama",
            "Magazin" : "Magazines / Reports / Documentary",
            "Malerei" : "Arts / Culture (without music)",
            "Martial-Arts-Action" : "Adventure / Western / War",
            "Martial-Arts-Drama" : "Movie / Drama",
            "Martial-Arts-Epos" : "Movie / Drama",
            "Martial-Arts-Fantasyaction" : "Science fiction / Fantasy / Horror",
            "Martial-Arts-Kammerspiel" : "Music / Ballet / Dance",
            "Maschinendoku" : "Documentary",
            "Mädchenabenteuer" : "Children's / Youth programs",
            "Medien" : "Magazines / Reports / Documentary",
            "Medienmagazin" : "Magazines / Reports / Documentary",
            "Medienthriller" : "Detective / Thriller",
            "Medizindoku" : "Documentary",
            "Melodram" : "Soap / Melodrama / Folkloric",
            "Menschen" : "Remarkable people",
            "Militär-Biographie" : "Documentary",
            "Militärklamotte" : "Comedy",
            "Militärreportage" : "Magazines / Reports / Documentary",
            "Militärsatire" : "Comedy",
            "Minigolf" : "Sports",
            "Mode" : "Fashion",
            "Monsteraction" : "Motor sport",
            "Monumentalfilm" : "Movie / Drama",
            "Motorrad" : "Motor sport",
            "Motorradaction" : "Motor sport",
            "Motorradsport" : "Motor sport",
            "Motorsport" : "Motor sport",
            "Motorsportmagazin" : "Sports magazines",
            "Mountainbike" : "Sports",
            "Märchen" : "Children's / Youth programs",
            "Märchenaction" : "Children's / Youth programs",
            "Märchendrama" : "Children's / Youth programs",
            "Märchenfilm" : "Children's / Youth programs",
            "Multisportveranstaltung" : "Sports",
            "Musical" : "Musical / Opera",
            "Musicaldrama" : "Musical / Opera",
            "Musicalkomödie" : "Musical / Opera",
            "Musicalserie" : "Musical / Opera",
            "Musik" : "Music / Ballet / Dance",
            "Musikclips" : "Music / Ballet / Dance",
            "Musik-Clips" : "Music / Ballet / Dance",
            "Musikdoku" : "Documentary",
            "Musikdrama" : "Movie / Drama",
            "Musikdramolett" : "Movie / Drama",
            "Musikerbiografie" : "Magazines / Reports / Documentary",
            "Musikerdrama" : "Movie / Drama",
            "Musikkomödie" : "Comedy",
            "Musiklustspiel" : "Music / Ballet / Dance",
            "Musikmagazin" : "Magazines / Reports / Documentary",
            "Musikreise" : "Music / Ballet / Dance",
            "Musiksession" : "Music / Ballet / Dance",
            "Musikshow" : "Music / Ballet / Dance",
            "Musiktalk" : "Music / Ballet / Dance",
            "Mystery" : "Science fiction / Fantasy / Horror",
            "Mysterydoku" : "Documentary",
            "Mysterydrama" : "Movie / Drama",
            "Mysteryhorror" : "Science fiction / Fantasy / Horror",
            "Mysterykrimiserie" : "Detective / Thriller",
            "Mysteryromantikserie" : "Romance",
            "Mysteryserie" : "Science fiction / Fantasy / Horror",
            "Mysterythriller" : "Detective / Thriller",
            "Mystery-Western" : "Adventure / Western / War",
            "Nachkriegsdrama" : "Movie / Drama",
            "Nachrichten" : "News / Current affairs",
            "Nachrichtenmagazin" : "Magazines / Reports / Documentary",
            "Nascar" : "Motor sport",
            "Naturdoku" : "Documentary",
            "Naturdokumentation" : "Documentary",
            "Naturreportage" : "Nature / Animals / Environment",
            "Natur und Umwelt" : "Nature / Animals / Environment",
            "Neowestern" : "Adventure / Western / War",
            "Neo-Westerndrama" : "Adventure / Western / War",
            "Neowesternserie" : "Adventure / Western / War",
            "News" : "News / Current affairs",
            "Noir-Krimi" : "Detective / Thriller",
            "Okkult-Horror" : "Science fiction / Fantasy / Horror",
            "Okkultthriller" : "Detective / Thriller",
            "Oper" : "Musical / Opera",
            "Operette" : "Musical / Opera",
            "Ost-West-Melodram" : "Soap / Melodrama / Folkloric",
            "Parodistische Klamotte" : "Comedy",
            "Patchworkromanze" : "Romance",
            "Pferdeabenteuer" : "Adventure / Western / War",
            "Pferde-Abenteuer" : "Adventure / Western / War",
            "Pferdesport" : "Equestrian",
            "Pflanzen" : "Gardening",
            "Philosophie" : "Medicine / Physiology / Psychology",
            "Philosophische Fantasy" : "Science fiction / Fantasy / Horror",
            "Politdrama" : "Movie / Drama",
            "Politdramaserie" : "Movie / Drama",
            "Politfarce" : "Movie / Drama",
            "Polithistoriendrama" : "Movie / Drama",
            "Politik" : "Social / Political issues / Economics",
            "Politikmagazin" : "Social / Political issues / Economics",
            "Politik-Magazin" : "Social / Political issues / Economics",
            "Politikreport" : "Social / Political issues / Economics",
            "Politkomödie" : "Social / Political issues / Economics",
            "Politmagazin" : "Social / Political issues / Economics",
            "Politreißer" : "Movie / Drama",
            "Politsatire" : "Comedy",
            "Politserie" : "Social / Political issues / Economics",
            "Polittalk" : "Discussion / Interview / Debate",
            "Politthriller" : "Detective / Thriller",
            "Polizeidramaserie" : "Movie / Drama",
            "Polizeiserie" : "Detective / Thriller",
            "Polizeithriller" : "Detective / Thriller",
            "Porträt" : "Magazines / Reports / Documentary",
            "Porträtreihe" : "Magazines / Reports / Documentary",
            "Posse" : "Comedy",
            "Preisverleihung" : "Show / Game show",
            "Pressekonferenz" : "News / Current affairs",
            "Programminformation" : "undefined content",
            "Programm nach Ansage" : "undefined content",
            "Promimagazin" : "Magazines / Reports / Documentary",
            "Protzsoap" : "Soap / Melodrama / Folkloric",
            "PS-Challenge" : "Motor sport",
            "Pseudodoku" : "Documentary",
            "Psychodrama" : "Movie / Drama",
            "Psychohorror" : "Science fiction / Fantasy / Horror",
            "Psychohorrorthriller" : "Science fiction / Fantasy / Horror",
            "Psychokrimi" : "Detective / Thriller",
            "Psychothriller" : "Detective / Thriller",
            "Punk-Reißer" : "Movie / Drama",
            "Puppentheater" : "Cartoons / Puppets",
            "Puppentrickkomödie" : "Comedy",
            "Puppentrickserie" : "Cartoons / Puppets",
            "Quiz" : "Game show / Quiz / Contest",
            "Quizshow" : "Game show / Quiz / Contest",
            "Racheaction" : "Movie / Drama",
            "Rad" : "Sports",
            "Radsport" : "Sports",
            "Ralley" : "Motor sport",
            "Rankingshow" : "Show / Game show",
            "Raserulk" : "Comedy",
            "Rassismussatire" : "Comedy",
            "Rateshow" : "Game show / Quiz / Contest",
            "Ratespiel" : "Game show / Quiz / Contest",
            "Ratgeber" : "Social / Political issues / Economics",
            "Raumfahrtdrama" : "Movie / Drama",
            "Rückblick" : "Documentary",
            "Realitydoku" : "Documentary",
            "Reality-Doku" : "Documentary",
            "Realitydokusoap" : "Soap / Melodrama / Folkloric",
            "Realityserie" : "Soap / Melodrama / Folkloric",
            "Realityshow" : "Soap / Melodrama / Folkloric",
            "Realitysoap" : "Soap / Melodrama / Folkloric",
            "Reality Soap" : "Soap / Melodrama / Folkloric",
            "Reality-Soap" : "Soap / Melodrama / Folkloric",
            "Reality-TV" : "Soap / Melodrama / Folkloric",
            "Realiysoap" : "Soap / Melodrama / Folkloric",
            "Realsatire" : "Comedy",
            "Rechtsmagazin" : "Magazines / Reports / Documentary",
            "Recht und Kriminalität" : "Magazines / Reports / Documentary",
            "Regionales" : "Magazines / Reports / Documentary",
            "Regionalinfos" : "Magazines / Reports / Documentary",
            "Regionalmagazin" : "Magazines / Reports / Documentary",
            "Reisedoku" : "Tourism / Travel",
            "Reisemagazin" : "Magazines / Reports / Documentary",
            "Reisereportage" : "Tourism / Travel",
            "Reiseshop" : "Tourism / Travel",
            "Reisetipp" : "Tourism / Travel",
            "Religionsmagazin" : "Magazines / Reports / Documentary",
            "Rennfahreraction" : "Motoring",
            "Rennsportdrama" : "Documentary",
            "Report" : "Magazines / Reports / Documentary",
            "Reportage" : "Magazines / Reports / Documentary",
            "Reportagemagazin" : "Magazines / Reports / Documentary",
            "Reportagereihe" : "Magazines / Reports / Documentary",
            "Reportageserie" : "Magazines / Reports / Documentary",
            "Retro-Sci-Fi-Abenteuer" : "Science fiction / Fantasy / Horror",
            "Retroshow" : "Show / Game show",
            "Revolutionswestern" : "Adventure / Western / War",
            "Rührstück" : "Performing arts",
            "Roadmovie" : "Movie / Drama",
            "Roadmoviedrama" : "Movie / Drama",
            "Rockkonzert" : "Rock / Pop",
            "Rock und Pop" : "Rock / Pop",
            "Romantikkomödie" : "Comedy",
            "Romantische Komödie" : "Comedy",
            "Romantische Politkomödie" : "Comedy",
            "Romantisches Abenteuerdrama" : "Adventure / Western / War",
            "Romanze" : "Romance",
            "Rugby" : "Team sports (excluding football)",
            "Ärztedrama" : "Movie / Drama",
            "Ärzteserie" : "Movie / Drama",
            "Samurai-Abenteuer" : "Adventure / Western / War",
            "Satire" : "Comedy",
            "Satire " : "Comedy",
            "Satiremagazin" : "Magazines / Reports / Documentary",
            "Satireserie" : "Comedy",
            "Satireshow" : "Comedy",
            "Satirische Komödie" : "Comedy",
            "Schicksalsmelodram" : "Soap / Melodrama / Folkloric",
            "Schlager" : "Music / Ballet / Dance",
            "Schlagerfilmchen" : "Music / Ballet / Dance",
            "Schlagerklamotte" : "Music / Ballet / Dance",
            "Schlagerlustspiel" : "Music / Ballet / Dance",
            "Schlagerschnulze" : "Music / Ballet / Dance",
            "Schlagershow" : "Music / Ballet / Dance",
            "Schlagerulk" : "Music / Ballet / Dance",
            "Schmonzette" : "Movie / Drama",
            "Schmon­zette" : "Movie / Drama",
            "Schmunzelserie" : "Movie / Drama",
            "Schnulze" : "Movie / Drama",
            "Schraubersoap" : "Soap / Melodrama / Folkloric",
            "Schulfernsehen" : "Informational / Educational / School programs",
            "Schulklamauk" : "Informational / Educational / School programs",
            "Schwank" : "Performing arts",
            "Schwarze Komödie" : "Comedy",
            "Schwimmen" : "Water sport",
            "Schwindelsoap" : "Soap / Melodrama / Folkloric",
            "Schwingen" : "Sports",
            "Science-Fiction-Serie" : "Science fiction / Fantasy / Horror",
            "Science-Fiction-Thriller" : "Science fiction / Fantasy / Horror",
            "Sci-Fi" : "Science fiction / Fantasy / Horror",
            "Sci-Fi-Abenteuer" : "Science fiction / Fantasy / Horror",
            "Sci-Fi-Action" : "Science fiction / Fantasy / Horror",
            "Sci-Fi-Actiondrama" : "Science fiction / Fantasy / Horror",
            "Sci-Fi-Actionthriller" : "Science fiction / Fantasy / Horror",
            "Sci-Fi-Actiontrash" : "Science fiction / Fantasy / Horror",
            "Sci-Fi-Comedyserie" : "Science fiction / Fantasy / Horror",
            "Sci-Fi-Drama" : "Science fiction / Fantasy / Horror",
            "Sci-Fi-Endzeitthriller" : "Science fiction / Fantasy / Horror",
            "Sci-Fi-Familienabenteuer" : "Science fiction / Fantasy / Horror",
            "Sci-Fi-Horror" : "Science fiction / Fantasy / Horror",
            "Sci-Fi-Klassiker" : "Science fiction / Fantasy / Horror",
            "Sci-Fi-Märchen" : "Science fiction / Fantasy / Horror",
            "Sci-Fi-Mystery" : "Science fiction / Fantasy / Horror",
            "Sci-Fi-Psychohorror" : "Science fiction / Fantasy / Horror",
            "Sci-Fi-Romanze" : "Science fiction / Fantasy / Horror",
            "Sci-Fi-Saga" : "Science fiction / Fantasy / Horror",
            "Sci-Fi-Serie" : "Science fiction / Fantasy / Horror",
            "Sci-Fi-Spektakel" : "Science fiction / Fantasy / Horror",
            "Sci-Fi-Teenie-Abenteuer" : "Science fiction / Fantasy / Horror",
            "Sci-Fi-Thriller" : "Science fiction / Fantasy / Horror",
            "Sci-Fi-Trickabenteuer" : "Science fiction / Fantasy / Horror",
            "Sci-Fi-Unterwasserdrama" : "Science fiction / Fantasy / Horror",
            "Seefahrtabenteuer" : "Adventure / Western / War",
            "Segeln" : "Water sport",
            "Seitensprungdramolett" : "Adult movie / Drama",
            "Selbstfindungsdrama" : "Movie / Drama",
            "Selbstfindungskomödie" : "Comedy",
            "Selbstjustizthriller" : "Detective / Thriller",
            "Serienspecial" : "Soap / Melodrama / Folkloric",
            "Servicemagazin" : "Magazines / Reports / Documentary",
            "Sexfilm" : "Adult movie / Drama",
            "Sexkomödie" : "Adult movie / Drama",
            "Sexsatire" : "Adult movie / Drama",
            "Sexualität" : "Adult movie / Drama",
            "Shakespeare-Tragödie" : "Movie / Drama",
            "Show" : "Show / Game show",
            "Showbizkomödie" : "Comedy",
            "Showbizsatire" : "Comedy",
            "Sitcom" : "Comedy",
            "Sketch" : "Comedy",
            "Sketchcomedy" : "Comedy",
            "Slapstickkomödie" : "Comedy",
            "Slasherhorror" : "Science fiction / Fantasy / Horror",
            "Snooker" : "Sports",
            "Soap" : "Soap / Melodrama / Folkloric",
            "Social-Media-Thriller" : "Detective / Thriller",
            "Societymagazin" : "Magazines / Reports / Documentary",
            "Sonstige" : "undefined content",
            "Sozialdrama" : "Movie / Drama",
            "Sozialkrimi" : "Detective / Thriller",
            "Spielemagazin" : "Magazines / Reports / Documentary",
            "Spielerdrama" : "Movie / Drama",
            "Spielfilm" : "Movie / Drama",
            "Spielshow" : "Game show / Quiz / Contest",
            "Spionagekomödie" : "Comedy",
            "Spionageserie" : "Detective / Thriller",
            "Splatterkomödie" : "Science fiction / Fantasy / Horror",
            "Sport" : "Sports",
            "Sportdrama" : "Movie / Drama",
            "Sportkomödie" : "Comedy",
            "Sportmagazin" : "Sports magazines",
            "Sportnews" : "Sports magazines",
            "Sportreportage" : "Sports magazines",
            "Sportsatire" : "Comedy",
            "Sprachdoku" : "Documentary",
            "Sprachkurs" : "Languages",
            "Springreiten" : "Equestrian",
            "Spätwestern" : "Adventure / Western / War",
            "Stadtbild" : "Tourism / Travel",
            "Starmagazin" : "Magazines / Reports / Documentary",
            "Studentenkomödie" : "Comedy",
            "Stylingshow" : "Fashion",
            "Stylingsoap" : "Fashion",
            "Superheldenaction" : "Science fiction / Fantasy / Horror",
            "Superheldengroteske" : "Science fiction / Fantasy / Horror",
            "Surreale Komödie" : "Comedy",
            "Survivaldoku" : "Documentary",
            "Talk" : "Discussion / Interview / Debate",
            "Talkreihe" : "Talkshow / Show",
            "Talkshow" : "Talkshow / Show",
            "Talk und Musik" : "Music / Ballet / Dance",
            "Tanz" : "Music / Ballet / Dance",
            "Tanzdoku" : "Documentary",
            "Tanzdrama" : "Movie / Drama",
            "Tanzromanze" : "Romance",
            "Tanzspektakel" : "Music / Ballet / Dance",
            "Tanzsport" : "Sports",
            "Technik" : "Technology / Natural sciences",
            "Technikdoku" : "Documentary",
            "Teenagerdrama" : "Movie / Drama",
            "Teenagerkomödie" : "Comedy",
            "Teenagerserie" : "Entertainment programs for 10 to 16",
            "Teengirl-Komödie" : "Comedy",
            "Teenie-Abenteuer" : "Adventure / Western / War",
            "Teenieaction" : "Adventure / Western / War",
            "Teenie-Action" : "Adventure / Western / War",
            "Teeniefantasyspaß" : "Science fiction / Fantasy / Horror",
            "Teeniefilm" : "Movie / Drama",
            "Teeniefilm-Parodie" : "Comedy",
            "Teeniehorror" : "Science fiction / Fantasy / Horror",
            "Teenie-Horror" : "Science fiction / Fantasy / Horror",
            "Teeniehorrorparodie" : "Science fiction / Fantasy / Horror",
            "Teeniehorrorserie" : "Science fiction / Fantasy / Horror",
            "Teenieklamauk" : "Comedy",
            "Teeniekomödie" : "Comedy",
            "Teenie-Melodram" : "Soap / Melodrama / Folkloric",
            "Teeniemusical" : "Musical / Opera",
            "Teeniemusicaldrama" : "Musical / Opera",
            "Teenie-Musicalmärchen" : "Musical / Opera",
            "Teenie-Musikspaß" : "Music / Ballet / Dance",
            "Teenieromanze" : "Romance",
            "Teenie-Sexkomödie" : "Comedy",
            "Teeniesoap" : "Soap / Melodrama / Folkloric",
            "Teeniespaß" : "Soap / Melodrama / Folkloric",
            "Teenkomödie" : "Comedy",
            "Teentragikomödie" : "Comedy",
            "Telefonratespiele" : "Game show / Quiz / Contest",
            "Telenovela" : "Soap / Melodrama / Folkloric",
            "Tennis" : "Tennis / Squash",
            "Theater" : "Performing arts",
            "Thriller" : "Detective / Thriller",
            "Thriller  " : "Detective / Thriller",
            "Thrillerdrama" : "Detective / Thriller",
            "Thrillergroteske" : "Detective / Thriller",
            "Thrillerkomödie" : "Comedy",
            "Thrillermelodram" : "Soap / Melodrama / Folkloric",
            "Thrillerromanze" : "Romance",
            "Thrillerserie" : "Detective / Thriller",
            "Tierabenteuer" : "Nature / Animals / Environment",
            "Tierclips" : "Nature / Animals / Environment",
            "Tierdoku" : "Documentary",
            "Tierdokumentation" : "Documentary",
            "Tiere" : "Nature / Animals / Environment",
            "Tierhorror" : "Science fiction / Fantasy / Horror",
            "Tiermagazin" : "Magazines / Reports / Documentary",
            "Tierreportage" : "Nature / Animals / Environment",
            "Tierserie" : "Nature / Animals / Environment",
            "Tiershow" : "Nature / Animals / Environment",
            "Tiervermittlung" : "Nature / Animals / Environment",
            "Tourenwagen" : "Motor sport",
            "Tourismus" : "Tourism / Travel",
            "Tragödie" : "Movie / Drama",
            "Tragikomödie" : "Comedy",
            "Transgender-Tragikomödie" : "Comedy",
            "Travestiekomödie" : "Comedy",
            "Trödelshow" : "Show / Game show",
            "Triathlon" : "Sports",
            "Trickabenteuer" : "Children's / Youth programs",
            "Trickaction" : "Children's / Youth programs",
            "Trickfantasy" : "Children's / Youth programs",
            "Trickfilmabenteuer" : "Children's / Youth programs",
            "Trickfilmspaß" : "Children's / Youth programs",
            "Trickmärchen" : "Children's / Youth programs",
            "Trickserie" : "Cartoons / Puppets",
            "Trickspaß" : "Cartoons / Puppets",
            "Trick-und-Real-Abenteuer" : "Adventure / Western / War",
            "True-Crime-Drama" : "Movie / Drama",
            "TV-Fahndung" : "Detective / Thriller",
            "TV-Familienfilm" : "Movie / Drama",
            "TV-Justizkrimi" : "Detective / Thriller",
            "TV-Komödie" : "Comedy",
            "TV-Kultreihe" : "Movie / Drama",
            "TV-Liebesfilm" : "Romance",
            "TV-Liebeskomödie" : "Comedy",
            "TV-Schmonzette" : "Romance",
            "U-Boot-Thriller" : "Detective / Thriller",
            "Ulk" : "Comedy",
            "Umwelt" : "Technology / Natural sciences",
            "Umweltlotterie" : "Show / Game show",
            "Umweltmagazin" : "Magazines / Reports / Documentary",
            "undefiniert" : "undefined content",
            "Underdog-Drama" : "Movie / Drama",
            "Unterhaltung" : "Show / Game show",
            "Unterweltthriller" : "Detective / Thriller",
            "Urlaubsserie" : "Tourism / Travel",
            "Vampirhorror" : "Science fiction / Fantasy / Horror",
            "Vater-Sohn-Drama" : "Movie / Drama",
            "Verbrauchermagazin" : "Magazines / Reports / Documentary",
            "Verbrauchertipps" : "News magazine",
            "Verkehr" : "News / Current affairs",
            "Verkehrsmagazin" : "Magazines / Reports / Documentary",
            "Versteckte Kamera" : "Comedy",
            "Verwechslungskomödie" : "Comedy",
            "Verwechslungsschwank" : "Comedy",
            "Videoclips" : "Performing arts",
            "Volksmusik" : "Folk / Traditional music",
            "Volksmusikmagazin" : "Magazines / Reports / Documentary",
            "Volkstümliche Unterhaltung" : "Soap / Melodrama / Folkloric",
            "Volleyball" : "Team sports (excluding football)",
            "Vorschulfernsehen" : "Informational / Educational / School programs",
            "Vorschulmagazin" : "Informational / Educational / School programs",
            "Vorschulreihe" : "Informational / Educational / School programs",
            "Vorschulserie" : "Informational / Educational / School programs",
            "Weißkittelmelodram" : "Soap / Melodrama / Folkloric",
            "Weltraum-Abenteuer" : "Adventure / Western / War",
            "Werbesendung" : "Advertisement / Shopping",
            "Werbung" : "Advertisement / Shopping",
            "Wertemagazin" : "Magazines / Reports / Documentary",
            "Werwolfhorror" : "Science fiction / Fantasy / Horror",
            "Western" : "Adventure / Western / War",
            "Westerndrama" : "Adventure / Western / War",
            "Westernepos" : "Adventure / Western / War",
            "Westernklamotte" : "Adventure / Western / War",
            "Westernkomödie" : "Comedy",
            "Westernserie" : "Adventure / Western / War",
            "Wettbewerb" : "Game show / Quiz / Contest",
            "Wetter" : "News / Weather report",
            "Wetterbericht" : "News / Weather report",
            "Wirtschaftsdoku" : "Documentary",
            "Wirtschaftsmagazin" : "Economics / Social advisory",
            "Wirtschaftstalk" : "Economics / Social advisory",
            "Wirtschaft und Konsum" : "Economics / Social advisory",
            "Wissenschaft" : "Education / Science / Factual topics",
            "Wissenschaftdoku" : "Magazines / Reports / Documentary",
            "Wissenschaftsabenteuer" : "Adventure / Western / War",
            "Wissenschaftsdoku" : "Magazines / Reports / Documentary",
            "Wissenschaftsmagazin" : "Magazines / Reports / Documentary",
            "Wissenschaftssendung" : "Education / Science / Factual topics",
            "Wissenscomedy" : "Comedy",
            "Wissensmagazin" : "Magazines / Reports / Documentary",
            "Wissensquiz" : "Game show / Quiz / Contest",
            "Wrestling" : "Martial Sports",
            "Wrestlingshow" : "Martial Sports",
            "Zeichentrick" : "Cartoons / Puppets",
            "Zeichentrickabenteuer" : "Cartoons / Puppets",
            "Zeichentrickfantasy" : "Cartoons / Puppets",
            "Zeichentrickfilm" : "Cartoons / Puppets",
            "Zeichentrickkrimi" : "Cartoons / Puppets",
            "Zeichentrickmärchen" : "Children's / Youth programs",
            "Zeichentrick-Märchen" : "Children's / Youth programs",
            "Zeichentrickserie " : "Cartoons / Puppets",
            "Zeichentrickspaß" : "Cartoons / Puppets",
            "Zeichentrickspecial" : "Cartoons / Puppets",
            "Zeichentricktierspaß" : "Cartoons / Puppets",
            "Zeitgeistkomödie" : "Comedy",
            "Zeitgenössische Musik" : "Music / Ballet / Dance",
            "Zeitgeschehen" : "Documentary",
            "Zeitgeschichte" : "Documentary",
            "Zeitreiseabenteuer" : "Adventure / Western / War",
            "Zockerdrama" : "Movie / Drama",
            "Zombiehorror" : "Science fiction / Fantasy / Horror",
            "Zombie-Splatter" : "Science fiction / Fantasy / Horror",
            "Zoogeschichten" : "Documentary",
            "Zukunftsdrama" : "Serious / Classical / Religious / Historical movie / Drama",
            "Abenteuerklamauk" : "Adventure / Western / War",
            "Abenteuerklassiker" : "Adventure / Western / War",
            "Abenteuerspaß" : "Adventure / Western / War",
            "Absacktalk" : "Talk show / Show",
            "Actionfantasy" : "Science fiction / Fantasy / Horror",
            "Actionfilmparodie" : "Comedy",
            "Actiongroteske" : "Science fiction / Fantasy / Horror",
            "Action­komödie" : "Comedy",
            "Actionkracher" : "Adventure / Western / War",
            "Actionmelodram" : "Soap / Melodrama / Folkloric",
            "Actionspektakel" : "Adventure / Western / War",
            "Actionspielshow" : "Show / Game show",
            "Adelsserie" : "Soap / Melodrama / Folkloric",
            "Agentenfilm" : "Detective / Thriller",
            "Agentenfilmparodie" : "Comedy",
            "Agentenklamauk" : "Comedy",
            "Alpengaudi" : "Comedy",
            "Alpenwestern" : "Adventure / Western / War",
            "American Football" : "Football / Soccer",
            "Anarchokomödie" : "Comedy",
            "Anarcho-Roadmovie" : "Adventure / Western / War",
            "Animationsspecial" : "Children's / Youth programs",
            "Antikaction" : "Movie / Drama",
            "Archäoligiedoku" : "Magazines / Reports / Documentary",
            "Arthouse-Horror" : "Science fiction / Fantasy / Horror",
            "Arztbiografie" : "Discussion / Interview / Debate",
            "Arztdrama" : "Movie / Drama",
            "Arztfilm" : "Movie / Drama",
            "Aschenputtel-Komödie" : "Comedy",
            "Astronomie" : "Education / Science / Factual topics",
            "Außenseiterdrama" : "Movie / Drama",
            "Aufhübschshow" : "Show / Game show",
            "Auslandreportage" : "Magazines / Reports / Documentary",
            "Auswanderersoap" : "Soap / Melodrama / Folkloric",
            "Autismusdrama" : "Movie / Drama",
            "Bade-Action" : "Water sport",
            "Bandendrama" : "Movie / Drama",
            "Baseball-Komödie" : "Comedy",
            "Bauernschwank" : "Comedy",
            "Baureportage" : "Magazines / Reports / Documentary",
            "Begegnung" : "social / political issues / economics",
            "Behindertensport" : "Sports",
            "Bergdrama" : "Movie / Drama",
            "Bergsteigeraction" : "Sports",
            "Beziehungsposse" : "Comedy",
            "Biografie" : "Discussion / Interview / Debate",
            "Biografie-Melodram" : "Soap / Melodrama / Folkloric",
            "Biografisches Epos" : "Magazines / Reports / Documentary",
            "Blödelkrimi" : "Comedy",
            "Bollywood-Abenteuer-Romanze" : "Romance",
            "Bollywood-Actionkomödie" : "Comedy",
            "Bollywood-Boxerdrama" : "Movie / Drama",
            "Bollywood-Episoden-Tragikomödie" : "Comedy",
            "Bollywood-Fantasyromanze" : "Romance",
            "Bollywood-Gangsterfilm" : "Detective / Thriller",
            "Bollywood-Politdrama" : "Movie / Drama",
            "Bollywood-Romantikkomödie" : "Comedy",
            "Bollywood-Seifenoper" : "Musical / Opera",
            "Bollywood-Teen-Dramödie" : "Movie / Drama",
            "Bollywood-Thriller" : "Detective / Thriller",
            "Boxerdrama" : "Movie / Drama",
            "Buddyaction" : "Adventure / Western / War",
            "Buddy-Komödie" : "Comedy",
            "Businesskrimi" : "Detective / Thriller",
            "Campusthriller" : "Detective / Thriller",
            "Cartoons" : "Cartoons / Puppets",
            "Chartshow" : "Show / Game show",
            "Clips" : "Show / Game show",
            "Comicactionserie" : "Cartoons / Puppets",
            "Comicserie" : "Cartoons / Puppets",
            "Computerspiele" : "Sports",
            "Computertrick-Fantasy" : "Children's / Youth programs",
            "Computertrickfilmspaß" : "Children's / Youth programs",
            "Computertrickmärchen" : "Children's / Youth programs",
            "Computertrickspecial" : "Children's / Youth programs",
            "Computertrick-Thriller" : "Detective / Thriller",
            "Copthriller" : "Detective / Thriller",
            "Crime-Doku" : "Magazines / Reports / Documentary",
            "Digitaltrick-Abenteuerkomödie" : "Children's / Youth programs",
            "Digitaltrickmärchen" : "Children's / Youth programs",
            "Digitrick-Actionspaß" : "Children's / Youth programs",
            "Digitrickmärchen" : "Children's / Youth programs",
            "Dinoabenteuer" : "Adventure / Western / War",
            "Diskussionsrunde" : "Discussion / Interview / Debate",
            "Doki" : "Magazines / Reports / Documentary",
            "Dokou" : "Magazines / Reports / Documentary",
            "Doku " : "Magazines / Reports / Documentary",
            "Doku-Collage" : "Magazines / Reports / Documentary",
            "Dokumentarreihe" : "Magazines / Reports / Documentary",
            "Doku-Motionserie" : "Magazines / Reports / Documentary",
            "Dokuporträt" : "Magazines / Reports / Documentary",
            "Dreieckskomödie" : "Comedy",
            "Dystopische Satire" : "Comedy",
            "Edgar-Wallace-Krimi" : "Detective / Thriller",
            "Ehe-Abenteuer" : "Adventure / Western / War",
            "Eifersuchtsdrama" : "Movie / Drama",
            "Emanzipationsdrama" : "Movie / Drama",
            "Endzeitaction" : "Adventure / Western / War",
            "Episches Kriegsdrama" : "Movie / Drama",
            "Episches Melodram" : "Soap / Melodrama / Folkloric",
            "Episodengroteske" : "Comedy",
            "Episodenklamauk" : "Comedy",
            "Episodenkomödie" : "Comedy",
            "Epos" : "Movie / Drama",
            "Erleuchtungsdrama" : "Movie / Drama",
            "Erotikclips" : "Adult movie / Drama",
            "Erotikkrimi" : "Adult movie / Drama",
            "Erotikromanze" : "Adult movie / Drama",
            "Erotikthriller" : "Adult movie / Drama",
            "Erotischer Thriller" : "Adult movie / Drama",
            "Erwachsenenbildung" : "Education / Science / Factual topics",
            "Existenzdrama" : "Movie / Drama",
            "Expeditionsdoku" : "Foreign countries / Expeditions",
            "Familienfantasy" : "Science fiction / Fantasy / Horror",
            "Familienschmus" : "Romance",
            "Familienschwank" : "Comedy",
            "Familienshow" : "Show / Game show",
            "Fantasy-Abenteuer" : "Science fiction / Fantasy / Horror",
            "Fantasyspaß" : "Science fiction / Fantasy / Horror",
            "Fantasythriller" : "Detective / Thriller",
            "Farce" : "Serious / Classical / Religious / Historical movie / Drama",
            "Fechten" : "Martial Sports",
            "Festival" : "Music / Ballet / Dance",
            "Finanzmarktdoku" : "Magazines / Reports / Documentary",
            "Flossenhorror" : "Science fiction / Fantasy / Horror",
            "Formel-1-Drama" : "Movie / Drama",
            "Found-Footage-Horror" : "Science fiction / Fantasy / Horror",
            "Freitoddrama" : "Movie / Drama",
            "Funsport" : "Sports",
            "Gala-Konzert" : "Music / Ballet / Dance",
            "Gangsteraction" : "Adventure / Western / War",
            "Gangsterepos" : "Adventure / Western / War",
            "Gangsterfilm" : "Adventure / Western / War",
            "Gangsterkomödie" : "Comedy",
            "Gangstersatire" : "Comedy",
            "Gartenmagazin" : "Gardening",
            "Gaunergroteske" : "Comedy",
            "Gaunerklamotte" : "Comedy",
            "Gaunerspaß" : "Comedy",
            "Gefangenendrama" : "Movie / Drama",
            "Gefängnisthriller" : "Detective / Thriller",
            "Gehörlosendrama" : "Movie / Drama",
            "Geschichtsreport" : "Magazines / Reports / Documentary",
            "Gesellschaftsdoku" : "Magazines / Reports / Documentary",
            "Gesellschaftsreport" : "Magazines / Reports / Documentary",
            "Gesundheit" : "Medicine / Physiology / Psychology",
            "Glaubensdrama" : "Movie / Drama",
            "Gotteshauskrimi" : "Detective / Thriller",
            "Großstadtmärchen" : "Children's / Youth programs",
            "Groteskdrama" : "Movie / Drama",
            "Grusel" : "Science fiction / Fantasy / Horror",
            "Gruseltrickkomödie" : "Comedy",
            "Gruseltrickspaß" : "Children's / Youth programs",
            "Gymnastik" : "Athletics",
            "Haidoku" : "Nature / Animals / Environment",
            "Haihorror" : "Science fiction / Fantasy / Horror",
            "Hai-Horror" : "Science fiction / Fantasy / Horror",
            "Hai-Trash" : "Comedy",
            "Heimatdramolett" : "Movie / Drama",
            "Heimatfilm" : "Soap / Melodrama / Folkloric",
            "Heimatklamauk" : "Comedy",
            "Heimatklassiker" : "Soap / Melodrama / Folkloric",
            "Heimatkomödie" : "Comedy",
            "Heimatmusical" : "Musical / Opera",
            "Heimatromanze" : "Romance",
            "Heimatschmalz" : "Romance",
            "Heimatschmonzette" : "Romance",
            "Highschoolsatire" : "Comedy",
            "Historienabenteuer" : "Adventure / Western / War",
            "Historienactionromanze" : "Romance",
            "Historienepos" : "Magazines / Reports / Documentary",
            "Home-Invasion-Horror" : "Science fiction / Fantasy / Horror",
            "Horroractionthriller" : "Science fiction / Fantasy / Horror",
            "Horrorklamauk" : "Science fiction / Fantasy / Horror",
            "Horrorklassiker" : "Science fiction / Fantasy / Horror",
            "Horrormär" : "Science fiction / Fantasy / Horror",
            "Horrormärchen" : "Science fiction / Fantasy / Horror",
            "Horrormusical" : "Musical / Opera",
            "Horrorsatire" : "Science fiction / Fantasy / Horror",
            "Horrorslasher" : "Science fiction / Fantasy / Horror",
            "Horror-Trash" : "Science fiction / Fantasy / Horror",
            "Horrortrash-Klamauk" : "Science fiction / Fantasy / Horror",
            "Hundeabenteuer" : "Nature / Animals / Environment",
            "Hundekomödie" : "Comedy",
            "Identitätsdrama" : "Movie / Drama",
            "Improvisationsspaß" : "Show / Game show",
            "Indiedrama" : "Movie / Drama",
            "Internatsdrama" : "Movie / Drama",
            "Italowesternklamauk" : "Comedy",
            "Jugenddramödie" : "Movie / Drama",
            "Jugendkomödie" : "Comedy",
            "Jugendkrimi" : "Detective / Thriller",
            "Jugendmelodram" : "Soap / Melodrama / Folkloric",
            "Justizkrimi" : "Detective / Thriller",
            "Justizreportage" : "Magazines / Reports / Documentary",
            "Kabarett- und Comedyshow" : "Variety show",
            "Kampfsport-Action" : "Martial Sports",
            "Karatefilm" : "Movie / Drama",
            "Karting" : "Motor sport",
            "Katastrophenaction" : "Adventure / Western / War",
            "Katastrophenfilm-Parodie" : "Comedy",
            "Katastrophenspektakel" : "Serious / Classical / Religious / Historical movie / Drama",
            "Katastrophenthriller" : "Detective / Thriller",
            "Katastrophentrash" : "Comedy",
            "Kifferactionkomödie" : "Comedy",
            "Kinderactionspaß" : "Children's / Youth programs",
            "Kinderfilm" : "Children's / Youth programs",
            "Kindergruselkomödie" : "Children's / Youth programs",
            "Kinderromanze" : "Children's / Youth programs",
            "Kindershow" : "Children's / Youth programs",
            "Kinderspaß" : "Children's / Youth programs",
            "Kindertanzkomödie" : "Music / Ballet / Dance",
            "Kindheitsdrama" : "Movie / Drama",
            "Klassische Musik" : "Music / Ballet / Dance",
            "Knastdramaserie" : "Movie / Drama",
            "Knastkomödie" : "Comedy",
            "Knet-Trickspaß" : "Cooking",
            "Kochreportage" : "Cooking",
            "Koch-Reportage" : "Cooking",
            "Kochwettbewerb" : "Cooking",
            "Kocktrip" : "Cooking",
            "Öko-Horror" : "Science fiction / Fantasy / Horror",
            "Kolonialromanze" : "Romance",
            "Komöde" : "Comedy",
            "Komödie " : "Comedy",
            "Komödie  " : "Comedy",
            "Komödiensatire" : "Comedy",
            "Konsumentenmagazin" : "Magazines / Reports / Documentary",
            "Konzertreihe" : "Music / Ballet / Dance",
            "Kostümaction" : "Performing arts",
            "Kriegsaction" : "Adventure / Western / War",
            "Kriegsdramaserie" : "Adventure / Western / War",
            "Kriegsfilm" : "Adventure / Western / War",
            "Kriegsgroteske" : "Adventure / Western / War",
            "Kriegsserie" : "Adventure / Western / War",
            "Kriegsspektakel" : "Adventure / Western / War",
            "Krimicomedyserie" : "Detective / Thriller",
            "Krimidoku" : "Detective / Thriller",
            "Krimifarce" : "Detective / Thriller",
            "Krimigroteske" : "Detective / Thriller",
            "Krimiklassiker" : "Detective / Thriller",
            "Kriminalthriller" : "Detective / Thriller",
            "Krimiposse" : "Detective / Thriller",
            "Krimischwank" : "Detective / Thriller",
            "Krimisoap" : "Soap / Melodrama / Folkloric",
            "Körpertauschkomödie" : "Comedy",
            "Kulinarischer Trip" : "Cooking",
            "Kultromanze" : "Romance",
            "Kulturreport" : "Magazines / Reports / Documentary",
            "Kumpelkomödie" : "Comedy",
            "Kung-Fu-Historienaction" : "Adventure / Western / War",
            "Kunstfilmdrama" : "Arts / Culture (without music)",
            "Kunstgroteske" : "Arts / Culture (without music)",
            "Kurzfilmdrama" : "Movie / Drama",
            "Kurznachrichten" : "News / Current affairs",
            "Late Night Show" : "Show / Game show",
            "Liebesdramolett" : "Movie / Drama",
            "Liebesklamotte" : "Comedy",
            "Liebesmelodram" : "Soap / Melodrama / Folkloric",
            "Liebesposse" : "Comedy",
            "Liebe-und-Eifersucht-Drama" : "Movie / Drama",
            "Lifestyle-Magazin" : "Magazines / Reports / Documentary",
            "Making-of" : "Magazines / Reports / Documentary",
            "Mantel-&amp;-Degen-Slapstick" : "Adventure / Western / War",
            "Mantel-und-Degen-Abenteuer" : "Adventure / Western / War",
            "Mantel-und-Degen-Action" : "Adventure / Western / War",
            "Martial-Arts-Abenteuer" : "Adventure / Western / War",
            "Martial-Arts-Historiendrama" : "Movie / Drama",
            "Medienpolitdrama" : "Movie / Drama",
            "Mediensatire" : "Comedy",
            "Melodram  " : "Soap / Melodrama / Folkloric",
            "Milieuklamauk" : "Detective / Thriller",
            "Milieukrimi" : "Detective / Thriller",
            "Milieustudie" : "Magazines / Reports / Documentary",
            "Militärdrama" : "Movie / Drama",
            "Militärmelodram" : "Soap / Melodrama / Folkloric",
            "Miniserie" : "Soap / Melodrama / Folkloric",
            "Missbrauchsdrama" : "Movie / Drama",
            "Modedoku" : "Magazines / Reports / Documentary",
            "Moderner Fünfkampf" : "Martial Sports",
            "Monsteractionserie" : "Science fiction / Fantasy / Horror",
            "Monsterdrama" : "Science fiction / Fantasy / Horror",
            "Monsterfilmpersiflage" : "Science fiction / Fantasy / Horror",
            "Monsterhorror" : "Science fiction / Fantasy / Horror",
            "Monstertrash" : "Science fiction / Fantasy / Horror",
            "Monumentaldrama" : "Movie / Drama",
            "Monumentalepos" : "Movie / Drama",
            "Motorrad-Action" : "Motoring",
            "Märchen-Musicalklassiker" : "Children's / Youth programs",
            "Märchenserie" : "Children's / Youth programs",
            "Märchenshow" : "Children's / Youth programs",
            "Musikdokureihe" : "Music / Ballet / Dance",
            "Musikerkomödie" : "Music / Ballet / Dance",
            "Musikerporträt" : "Music / Ballet / Dance",
            "Musikfilm" : "Music / Ballet / Dance",
            "Musikreportage" : "Magazines / Reports / Documentary",
            "Musiksatire" : "Comedy",
            "Musiktheater" : "Music / Ballet / Dance",
            "Mutter-Tochter-Drama" : "Movie / Drama",
            "Mysterie-Krimiserie" : "Detective / Thriller",
            "Mystery-Krimiserie" : "Detective / Thriller",
            "Mysteryschocker" : "Science fiction / Fantasy / Horror",
            "Mysteryslasher" : "Science fiction / Fantasy / Horror",
            "Nachbarschaftsposse" : "Comedy",
            "Naturdokureihe" : "Nature / Animals / Environment",
            "Naturfilm" : "Nature / Animals / Environment",
            "Neowesterntrip" : "Adventure / Western / War",
            "Okkulthorror" : "Science fiction / Fantasy / Horror",
            "Oldieshow" : "Folk / Traditional music",
            "Operettenlustspiel" : "Musical / Opera",
            "Ost-West-Drama" : "Movie / Drama",
            "Parabel" : "Movie / Drama",
            "Paranoiahorror" : "Science fiction / Fantasy / Horror",
            "Parodie" : "Comedy",
            "Pennälerkomödie" : "Comedy",
            "Pflanzenporträt" : "Gardening",
            "Piratenabenteuer" : "Adventure / Western / War",
            "Poker" : "Game show / Quiz / Contest",
            "Politdoku" : "Social / Political issues / Economics",
            "Politfilm" : "Movie / Drama",
            "Politikserie" : "Movie / Drama",
            "Politkrimi" : "Detective / Thriller",
            "Politkrimidrama" : "Detective / Thriller",
            "Politmelodram" : "Movie / Drama",
            "Politreport" : "Social / Political issues / Economics",
            "Politthrillerserie" : "Detective / Thriller",
            "Popkulturposse" : "Rock / Pop",
            "Prügelaction" : "Adventure / Western / War",
            "Provinzdrama" : "Movie / Drama",
            "Provinzkrimi" : "Detective / Thriller",
            "Provinzthriller" : "Detective / Thriller",
            "PS-Action" : "Motor sport",
            "Pseudodoku-Satire" : "Comedy",
            "PS-Komödie" : "Comedy",
            "Psychokrimidrama" : "Detective / Thriller",
            "Psychomelodram" : "Soap / Melodrama / Folkloric",
            "Psychothrillerdrama" : "Movie / Drama",
            "Psycho-Tragikomödie" : "Comedy",
            "Puppencomedy" : "Cartoons / Puppets",
            "Puppenkomödie" : "Cartoons / Puppets",
            "Puppenspiel" : "Cartoons / Puppets",
            "Puppentrickfilm" : "Cartoons / Puppets",
            "Puppentrickgrusical" : "Cartoons / Puppets",
            "Rachedrama" : "Movie / Drama",
            "Racheepos" : "Literature",
            "Rachethriller" : "Detective / Thriller",
            "Radball" : "Sports",
            "Rallye" : "Motor sport",
            "Rennshow" : "Motor sport",
            "Reportarge" : "Magazines / Reports / Documentary",
            "Ritterepos" : "Adventure / Western / War",
            "Roadmovie-Actiondrama" : "Movie / Drama",
            "Roadmoviekomödie" : "Comedy",
            "Rockhistorienkomödie" : "Comedy",
            "Romantikdrama" : "Movie / Drama",
            "Romantikschmonzette" : "Romance",
            "Romantikspaß" : "Romance",
            "Romantikthriller" : "Detective / Thriller",
            "Romantische Fantasykomödie" : "Science fiction / Fantasy / Horror",
            "Romantisches Drama" : "Movie / Drama",
            "Ärzteschmonzette" : "Romance",
            "Satiredrama" : "Comedy",
            "Schach" : "Sports",
            "Schlachtenepos" : "Adventure / Western / War",
            "Schlagerklamauk" : "Folk / Traditional music",
            "Schmalz" : "Romance",
            "Schmus" : "Romance",
            "Science-Fiction" : "Science fiction / Fantasy / Horror",
            "Science-Fiction-Drama" : "Science fiction / Fantasy / Horror",
            "Science-Fiction-Romanze" : "Science fiction / Fantasy / Horror",
            "Sci-Fi-Actionfantasy" : "Science fiction / Fantasy / Horror",
            "Sci-Fi-Horrorkomödie" : "Science fiction / Fantasy / Horror",
            "Sci-Fi-Horrorthriller" : "Science fiction / Fantasy / Horror",
            "Sci-Fi-Katastrophenthriller" : "Science fiction / Fantasy / Horror",
            "Sci-Fi-Katastrophentrash" : "Science fiction / Fantasy / Horror",
            "Sci-Fi-Kinderabenteuer" : "Science fiction / Fantasy / Horror",
            "Sci-Fi-Klamauk" : "Science fiction / Fantasy / Horror",
            "Sci-Fi-Komödie" : "Science fiction / Fantasy / Horror",
            "Sci-Fi-Parabel" : "Science fiction / Fantasy / Horror",
            "Sci-Fi-Roadmovie" : "Science fiction / Fantasy / Horror",
            "Sci-Fi-Schocker" : "Science fiction / Fantasy / Horror",
            "Sci-Fi-Survivalabenteuer" : "Science fiction / Fantasy / Horror",
            "Sci-Fi-Teenieabenteuer" : "Science fiction / Fantasy / Horror",
            "Sci-Fi-Trash" : "Science fiction / Fantasy / Horror",
            "Sci-Fi-Ulk" : "Science fiction / Fantasy / Horror",
            "Screwballkomödie" : "Comedy",
            "Sektenhorrorthriller" : "Detective / Thriller",
            "Sexfilmchen" : "Adult movie / Drama",
            "Sexklamauk" : "Adult movie / Drama",
            "Sexklamotte" : "Adult movie / Drama",
            "Showbizfarce" : "Show / Game show",
            "Showspecial" : "Show / Game show",
            "Skateboard" : "Sports",
            "Sketchrevue" : "Comedy",
            "Skispringen" : "Winter sports",
            "Slapstick" : "Comedy",
            "Slapstickkrimi" : "Detective / Thriller",
            "Soap-Romanze" : "Romance",
            "Softsex" : "Adult movie / Drama",
            "Sozialreportage" : "Magazines / Reports / Documentary",
            "Special" : "Magazines / Reports / Documentary",
            "Spionagethriller" : "Detective / Thriller",
            "Splatterhorror" : "Science fiction / Fantasy / Horror",
            "Splattersatire" : "Comedy",
            "Sportdoku" : "Magazines / Reports / Documentary",
            "Sportlerdrama" : "Movie / Drama",
            "Sportlerkomödie" : "Comedy",
            "Stalkerthriller" : "Detective / Thriller",
            "Starporträt" : "Magazines / Reports / Documentary",
            "Städteporträt" : "Foreign countries / Expeditions",
            "Städtereport" : "Magazines / Reports / Documentary",
            "Stummfilmkomödie" : "Comedy",
            "Superheldenabenteuer" : "Science fiction / Fantasy / Horror",
            "Superhelden-Actiondrama" : "Science fiction / Fantasy / Horror",
            "Superheldenanimation" : "Science fiction / Fantasy / Horror",
            "Superheldenfarce" : "Science fiction / Fantasy / Horror",
            "Surfen" : "Water sport",
            "Survival-Horrorthriller" : "Detective / Thriller",
            "Survivalshow" : "Show / Game show",
            "Survivalthriller" : "Detective / Thriller",
            "Survival-Thriller" : "Detective / Thriller",
            "Tanzreportage" : "Magazines / Reports / Documentary",
            "Taucherabenteuer" : "Adventure / Western / War",
            "Taucher-Horror" : "Science fiction / Fantasy / Horror",
            "Technikgeschichte" : "Technology / Natural sciences",
            "Technikreportage" : "Magazines / Reports / Documentary",
            "Teenabenteuer" : "Adventure / Western / War",
            "Teenagermusical" : "Musical / Opera",
            "Teenager-Musicalromanze" : "Romance",
            "Teenagerposse" : "Movie / Drama",
            "Teenagerromanze" : "Romance",
            "Teendetektivkomödie" : "Detective / Thriller",
            "Teendrama" : "Movie / Drama",
            "Teendystopie" : "Science fiction / Fantasy / Horror",
            "Teen-Fantasy" : "Science fiction / Fantasy / Horror",
            "Teenieabenteuer" : "Adventure / Western / War",
            "Teenie-Actionthriller" : "Detective / Thriller",
            "Teenieverwechslungskomödie" : "Comedy",
            "Teen-Komödie" : "Comedy",
            "Teenkrimiserie" : "Detective / Thriller",
            "Teentanzfilm" : "Music / Ballet / Dance",
            "Teentanzromanze" : "Romance",
            "Tennisromanze" : "Romance",
            "Thriller-Drama" : "Detective / Thriller",
            "Thriller-Groteske" : "Detective / Thriller",
            "Thrillersatire" : "Comedy",
            "Thriller-Serie" : "Detective / Thriller",
            "Tierdokureihe" : "Nature / Animals / Environment",
            "Tierfilm" : "Nature / Animals / Environment",
            "Tierspion-Actionkomödie" : "Detective / Thriller",
            "Tischtennis" : "Sports",
            "Trashshow" : "Show / Game show",
            "Trash-Slasher" : "Science fiction / Fantasy / Horror",
            "Trickfilmklamauk" : "Cartoons / Puppets",
            "Trickgruselabenteuer" : "Cartoons / Puppets",
            "Truck Racing" : "Motor sport",
            "True Crime" : "Detective / Thriller",
            "Turnen" : "Sports",
            "TV-Drama" : "Movie / Drama",
            "TV-Dramödie" : "Movie / Drama",
            "Underdogkomödie" : "Comedy",
            "Unterhaltungsserie" : "Soap / Melodrama / Folkloric",
            "Unterwasserepos" : "Movie / Drama",
            "Utopisches Drama" : "Movie / Drama",
            "Vampirserie" : "Science fiction / Fantasy / Horror",
            "Verkupplungskomödie" : "Comedy",
            "Verwechslungsposse" : "Comedy",
            "Videokunst" : "Arts / Culture (without music)",
            "Vollkontaktsport" : "Sports",
            "Voting" : "Show / Game show",
            "Weinfest" : "Social / Political issues / Economics",
            "Weltalldoku" : "Magazines / Reports / Documentary",
            "Weltkriegsdramaserie" : "Adventure / Western / War",
            "Weltkriegsserie" : "Adventure / Western / War",
            "Weltraumabenteuer" : "Adventure / Western / War",
            "Westernabenteuer" : "Adventure / Western / War",
            "Westerncomedy" : "Adventure / Western / War",
            "Westernklassiker" : "Adventure / Western / War",
            "Wildwest-Abenteuer" : "Adventure / Western / War",
            "Zeichentrickjux" : "Cartoons / Puppets",
            "Zeichentrickklassiker" : "Cartoons / Puppets",
            "Zeichentrickkomödie" : "Cartoons / Puppets",
            "Zeichentrickserie" : "Cartoons / Puppets",
            "Zeichentrickserienspecial" : "Cartoons / Puppets",
            "Zeitreiseklamauk " : "Science fiction / Fantasy / Horror",
            "Zirkuslustspiel" : "Athletics",
            "Zombie-Roadmovie" : "Science fiction / Fantasy / Horror",
            "Zwillingskomödie" : "Comedy",
            "Abenteuerkrimi" : "Detective / Thriller",
            "Actionfarce" : "Adventure / Western / War",
            "Actiontrash" : "Adventure / Western / War",
            "Agentenspaß" : "Comedy",
            "Alkoholikerdrama" : "Movie / Drama",
            "Antikfantasy" : "Science fiction / Fantasy / Horror",
            "Basketballkomödie" : "Comedy",
            "Bollywood-Action" : "Adventure / Western / War",
            "Bollywood-Familienkomödie" : "Comedy",
            "Bollywoodkomödie" : "Comedy",
            "Bollywood-Krimidrama" : "Detective / Thriller",
            "Bollywood-Liebesfilm" : "Romance",
            "Bollywood-Teenmelodram" : "Romance",
            "Boxermelodram" : "Movie / Drama",
            "Computerspiel" : "Leisure hobbies",
            "Deoku" : "Documentary",
            "Digitaltrick-Gruselspaß" : "Comedy",
            "Digitrick-Ökomärchen" : "Children's / Youth programs",
            "Doku-Essay" : "Documentary",
            "Erotikschrott" : "Adult movie / Drama",
            "Fantasy-Actionepos" : "Adventure / Western / War",
            "Fantasy-Liebeskomödie" : "Comedy",
            "Fantasymusical" : "Musical / Opera",
            "Feuerwerksshow" : "Show / Game show",
            "Film-noir-Drama" : "Movie / Drama",
            "Fußballstammtisch" : "Sports magazines",
            "Fußballtalk" : "Sports magazines",
            "Gaunermärchen" : "Children's / Youth programs",
            "Geheimdienstkrimi" : "Detective / Thriller",
            "Gruselfantasy" : "Science fiction / Fantasy / Horror",
            "Heimatstuss" : "Comedy",
            "Hochseethriller" : "Detective / Thriller",
            "Hochstaplerkomödie" : "Comedy",
            "Hooligan-Drama" : "Movie / Drama",
            "Horrorsexthriller" : "Science fiction / Fantasy / Horror",
            "Hotelhorror" : "Science fiction / Fantasy / Horror",
            "Hundedrama" : "Movie / Drama",
            "Improdramödie" : "Comedy",
            "Indie-Horror" : "Science fiction / Fantasy / Horror",
            "Jugendromanze" : "Romance",
            "Katastrophendrama" : "Movie / Drama",
            "Kinderabenteuerdrama" : "Children's / Youth programs",
            "Kitschkomödie" : "Comedy",
            "Kitschromanze" : "Romance",
            "Knastaction" : "Adventure / Western / War",
            "Krimimelodram" : "Detective / Thriller",
            "Kriminaldoku" : "Documentary",
            "Kung-Fu-Action" : "Adventure / Western / War",
            "Kurfilm" : "Education / Science / Factual topics",
            "Liebeskummerkomödie" : "Romance",
            "Literaturtalk" : "Literature",
            "Luftfahrtsdoku" : "Documentary",
            "Mallorca-Klamotte" : "Comedy",
            "Mittelalterdoku" : "Documentary",
            "Motorradmagazin" : "Sports magazines",
            "Musikdokus" : "Documentary",
            "Nachkriegskrimi" : "Detective / Thriller",
            "Pubertätskomödie" : "Comedy",
            "Reisereport" : "Tourism / Travel",
            "Roadmovie-Komödie" : "Comedy",
            "Sandalenaction" : "Adventure / Western / War",
            "Scheidungskomödie" : "Comedy",
            "Schuldrama" : "Movie / Drama",
            "Sci-Fi-Apokalypse" : "Science fiction / Fantasy / Horror",
            "Sci-Fi-Spaß" : "Science fiction / Fantasy / Horror",
            "Sci-Fi-Thrillerdrama" : "Science fiction / Fantasy / Horror",
            "Seniorenromanze" : "Romance",
            "Skinheaddrama" : "Movie / Drama",
            "Spionagefilmparodie" : "Comedy",
            "Splatterthriller" : "Science fiction / Fantasy / Horror",
            "Spukhaushorror" : "Science fiction / Fantasy / Horror",
            "Studentendrama" : "Movie / Drama",
            "Studentendramödie" : "Comedy",
            "Stylingdoku" : "Fashion",
            "Teenie-Fantasykomödie" : "Comedy",
            "Teenie-Musical" : "Musical / Opera",
            "Teenmusical" : "Musical / Opera",
            "Teenthriller" : "Detective / Thriller",
            "Trash" : "Movie / Drama",
            "Trickfilm" : "Cartoons / Puppets",
            "TV-Doku" : "Documentary",
            "U-Boot-Action" : "Adventure / Western / War",
            "Vorzeitabenteuer" : "Adventure / Western / War",
            "Westernparodie" : "Comedy",
            "Zeitgeistdrama" : "Movie / Drama",
            "Zeitreisekomödie" : "Comedy",
            "Dokumentationsreihe" : "Documentary",
            "Kinder-Actionserie" : "Children's / Youth programs",
            "Sci-fi-Mystery" : "Science fiction / Fantasy / Horror",
            "Neo-Noir-Thriller" : "Detective / Thriller",
            "Horrorepisoden" : "Science fiction / Fantasy / Horror",
            "Zombieaction" : "Science fiction / Fantasy / Horror",
            "Horror-Episodenfilm" : "Science fiction / Fantasy / Horror",
            "Steinzeitabenteuer" : "Adventure / Western / War",
            "Meta-Thriller" : "Detective / Thriller",
            "Episoden-Horror" : "Science fiction / Fantasy / Horror",
            "Vampirromanze" : "Science fiction / Fantasy / Horror",
            "Actionquatsch" : "Comedy",
            "Kampfkunstkitsch" : "Comedy",
            "Horrorschlock" : "Science fiction / Fantasy / Horror",
            "Gangsterklamauk" : "Comedy",
            "Slasher-Horrorkomödie" : "Comedy",
            "Horror-Slasher" : "Science fiction / Fantasy / Horror",
            "Noir-Thriller" : "Detective / Thriller",
            "Sci-Fi-Laienspiel" : "Science fiction / Fantasy / Horror",
            "Arztklamauk" : "Comedy",
            "Endzeit-Survivalaction" : "Science fiction / Fantasy / Horror",
            "Folterhorror" : "Science fiction / Fantasy / Horror",
            "Horror-Satire" : "Science fiction / Fantasy / Horror",
            "Horror-Western" : "Science fiction / Fantasy / Horror",
            "Horroranthologie" : "Science fiction / Fantasy / Horror",
            "Mutantenhorror" : "Science fiction / Fantasy / Horror",
            "Thriller-Trash" : "Detective / Thriller",
            "Zombiehorrorkomödie" : "Science fiction / Fantasy / Horror"
          }
  }
}
