{
  "channels": {
    "DE": {
      "Das Erste": "ARD.de",
      "ZDF": "ZDF.de",
      "Sport1": "Sport1HD.de",
      "Comedy Central": "ComedyCentral/VIVA.de",
      "WELT": "WELT.de",
      "TELE 5": "Tele5.de",
      "Servus TV Deutschland": "ServusHD.de",
      "Nick/CC+1": "Nickelodeon.de",
      "Nick/CC+1 HD": "Nickelodeon.de",
      "KiKA": "Kika.de",
      "Rocket Beans TV HD": "RocketBeans.de",
      "MTV Germany": "MTVGermany.de",
      "Deutsches Musik Fernsehen": "DeutschesMusikFernsehen.de",
      "3sat": "3sat.de",
      "ARTE": "ARTE.de",
      "VOXup HD": "VOXup.de",
      "N24 Doku": "N24Doku.de",
      "PHOENIX": "phoenix.de",
      "NDR Niedersachsen": "ndrnds.de",
      "MDR SACHSEN": "MDRSachsen.de",
      "WDR Köln": "WDR.de",
      "BR Fernsehen Süd": "BR.de",
      "SWR Fernsehen BW": "SWR.de",
      "HR": "HR.de",
      "rbb Berlin": "rbbBerlin.de",
      "SR Fernsehen": "SRFernsehen.de",
      "Radio Bremen TV": "RadioBremen.de",
      "Radio Bremen TV HD": "RadioBremen.de",
      "Al Jazeera English": "AlJazeera.nws",
      "Al Jazeera": "AlJazeeraArabe.nws",
      "ZDFneo": "ZDFneo.de",
      "tagesschau24": "tagesschau24.de",
      "Euronews [ger]": "EuronewsDE.nws",
      "France 24 [en]": "France24.fr",
      "France 24 [fr]": "France24fr.fr",
      "ONE": "One.de",
      "ZDFinfo": "ZDFinfo.de",
      "ARD-alpha": "ARD-alpha.de",
      "Welt der Wunder": "WeltDerWunder.de",
      "RiC": "RiC.de",
      "eoTV": "eoTV.de",
      "QS24": "QS24.ch",
      "QS24 HD": "QS24.ch",
      "Health.tv": "HealthTV.de",
      "Sonnenklar TV": "SonnenKlar.de",
      "Sonnenklar TV HD": "SonnenKlar.de",
      "Der Aktionär TV": "DAF.de",
      "Family TV": "FamilyTV.de",
      "Fashion TV": "FashionTV.eu",
      "DELUXE MUSIC": "DeLuxeMusic.de",
      "Folx TV": "FolxTV.de",
      "TIMM": "timm.de",
      "HSE": "HSE24.de",
      "HSE HD": "HSE24.de",
      "HSE Extra": "HSE24Extra.de",
      "HSE Extra HD": "HSE24Extra.de",
      "HSE Trend": "HSE24Trend.de",
      "1-2-3 TV": "123.tv.de",
      "CHANNEL21": "Channel21.de",
      "CHANNEL21 HD": "Channel21.de",
      "Juwelo HD": "JuweloTV.de",
      "QVC": "QVC.de",
      "QVC ZWEI": "QVCPlus.de",
      "QVC ZWEI HD": "QVCPlus.de",
      "QVC STYLE": "QVCBeauty.de",
      "QVC STYLE HD": "QVCBeauty.de",
      "Pearl.tv": "PearlTV.de",
      "Bibel TV": "BibelTV.de",
      "RTL Deutschland HD": "RTL.de",
      "Pro7 Deutschland HD": "Pro7.de",
      "Sat.1 Deutschland HD": "Sat1.de",
      "Vox Deutschland HD": "Vox.de",
      "Kabel Eins Deutschland HD": "Kabel.de",
      "RTL Zwei Deutschland HD": "RTL2.de",
      "Super RTL Deutschland HD": "SuperRTL.de",
      "Sixx HD": "Sixx.de",
      "ProSieben MAXX HD": "ProSiebenMaxx.de",
      "n-tv HD": "ntv.de",
      "NITRO HD": "RTLNitro.de",
      "SAT.1 Gold HD": "Sat1Gold.de",
      "TOGGO plus HD": "TOGGOplus.de",
      "RTLplus HD": "RTLPlus.de",
      "Kabel Eins Doku HD": "KabelEinsDoku.de",
      "DMAX HD": "DMax.de",
      "TLC HD": "TLC.de",
      "Eurosport 1 HD": "Eurosport1.de",
      "Servus TV Deutschland HD": "ServusHD.de",
      "Zee.One": "ZeeOne.de",
      "Sky Sport News HD": "SkySportNewsHD.de",
      "BR Fernsehen Nord": "BRNord.de",
      "MDR SACHSEN-ANHALT": "MDRS-Anhalt.de",
      "MDR THÜRINGEN": "MDRThuringen.de",
      "NDR Hamburg": "ndr.de",
      "NDR Mecklenburg-Vorpommern": "ndrmv.de",
      "NDR Schleswig-Holstein": "ndrsh.de",
      "rbb Brandenburg": "rbbBrandenburg.de",
      "SWR Fernsehen RP": "SWR-rp.de",
      "WDR Aachen": "WDRAachen.de",
      "WDR Bielefeld": "WDRBielefeld.de",
      "WDR Bonn": "WDRBonn.de",
      "WDR Dortmund": "WDRDortmund.de",
      "WDR Düsseldorf": "WDRDuesseldorf.de",
      "WDR Duisburg": "WDRDuisburg.de",
      "WDR Essen": "WDREssen.de",
      "WDR Muenster": "WDRMuenster.de",
      "WDR Siegen": "WDRSiegen.de",
      "WDR Wuppertal": "WDRWuppertal.de",
      "NRWision": "nrwision.de",
      "Saarland Fernsehen 1": "Saarland1.de",
      "Baden TV": "BadenTV.de",
      "Baden TV Süd HD": "BadenTVSud.de",
      "a.tv": "a.tv.de",
      "Franken Fernsehen": "FrankenTV.de",
      "München TV": "MünchenTV.de",
      "a.tv HD": "a.tv.de",
      "Franken Fernsehen HD": "FrankenTV.de",
      "München TV HD": "MünchenTV.de",
      "ORF 2 Europe": "ORF2Europe.at",
      "SRF info HD": "SRFinfo.nws",
      "CNN International": "CNN.nws",
      "France 24 HD [fr]": "France24fr.fr",
      "France 24 HD [en]": "France24.fr",
      "Bloomberg TV": "Bloomberg.nws",
      "EuroNews [en]": "Euronews.nws",
      "Deutsche Welle [en]": "DeutscheWelleEN.de",
      "Deutsche Welle Spanish": "DeutscheWelleES.de",
      "Deutsche Welle Arabic": "DeutscheWelleAR.de",
      "NETVIET": "NetViet.vn",
      "Arirang TV HD": "ArirangTv.kr",
      "R1": "R1.rs",
      "SONLife": "Sonlife.uk",
      "GOD Channel": "GODChannel.eu",
      "TVE": "TVE.sp",
      "24H": "Canal24Horas.es",
      "RT Documentary": "RTDocumentary.pl",
      "ProSieben FUN HD": "ProSiebenFun.de",
      "Sat.1 emotions": "Sat1Comedy.de",
      "Kabel Eins CLASSICS": "KabelEinsClassic.de",
      "TNT Comedy HD": "TNTComedy.de",
      "TNT Film HD": "TNTFilm.de",
      "TNT Serie HD": "TNTSerie.de",
      "sport1+ HD": "SPORT1plus.de",
      "eSports1 HD": "eSports1.de",
      "SPORTDIGITAL FUSSBALL HD": "sportdigital.de",
      "auto motor und sport Channel HD": "AutoMotorSport.de",
      "Motorvision TV HD": "MotorVision.de",
      "doxx HD": "PLANET.de",
      "Fuel TV HD": "FuelTV.pt",
      "Fix&amp;Foxi": "FixFoxi.de",
      "Blue Hustler": "BlueHustler.ero",
      "RCK.TV HD": "RCKTV.de",
      "C Music": "CMusic.eu",
      "Jukebox HD": "Jukebox.de",
      "Gute Laune TV HD": "GuteLauneTV.de",
      "Spiegel TV Wissen HD": "SpiegelTV.de",
      "wetter.com TV": "Wetterfernsehen.de",
      "GoldStar TV": "GoldstarTV.de",
      "Heimatkanal": "Heimatkanal.de",
      "Romance TV": "Romance.de",
      "VISIT-X.tv": "VisitX.de",
      "ITVN": "iTVN.pl",
      "ITVN Extra": "iTVNExtra.pl",
      "TVN24": "TVN24.pl",
      "Euro D": "EuroD.bg",
      "Euro Star": "EUROSTAR.il",
      "Kanal 7 Avrupa": "Kanal7.tr",
      "Kanal 7 Avrupa HD": "Kanal7.tr",
      "CNN TÜRK": "CNN.tr",
      "Bloomberg HT": "Bloomberg.tr",
      "Halk TV": "HalkTV.tr",
      "Show Turk": "15.Show TV.digiturk.com.tr",
      "Haber Türk TV": "31.HaberTURK.digiturk.com.tr",
      "TV8 Int": "TV8.tr",
      "PowerTürk TV": "PowerTurk.tr",
      "dream TÜRK": "DreamTurk.tr",
      "ÜLKE TV": "UlkeTV.tr",
      "Showmax": "Showmax.tr",
      "BN-TV HD": "BNTV.hr",
      "CMC - Croatian Music Channel": "CMC.hr",
      "DM Sat": "DMSat.hr",
      "HRT 1 HD": "HRTTV1.hr",
      "HRT 4 HD": "HRT4.hr",
      "HRT Int.": "HRT5.hr",
      "Pink Plus": "PINKPlus.hr",
      "Pink Extra": "PinkExtra.si",
      "Pink Reality": "PinkReality.rs",
      "Pink Film": "PinkFilm.rs",
      "Pink Serije": "PinkSerije.rs",
      "Pink World": "PinkWorld.rs",
      "Pink Kids": "PINKKids.rs",
      "Pink Koncert": "PinkLive.rs",
      "Pink Folk": "PinkFolk1.rs",
      "Pink Music": "PinkMusic.si",
      "Globo HD": "TVGlobo.pt",
      "ran FIGHTING HD": "ranFIGHTING.de",
      "Das Erste HD": "ARD.de",
      "ZDF HD": "ZDF.de",
      "Sport1 HD": "Sport1HD.de",
      "Comedy Central HD": "ComedyCentral/VIVA.de",
      "WELT HD": "WELT.de",
      "N24 Doku HD": "N24Doku.de",
      "TELE 5 HD": "Tele5.de",
      "Nick/MTV+ HD": "Nickelodeon.de",
      "Kika HD": "Kika.de",
      "MTV Germany HD": "MTVGermany.de",
      "3Sat HD": "3sat.de",
      "ARTE HD": "ARTE.de",
      "Phoenix HD": "phoenix.de",
      "NDR Niedersachsen HD": "ndrnds.de",
      "MDR SACHSEN HD": "MDRSachsen.de",
      "WDR Köln HD": "WDR.de",
      "BR Fernsehen Nord HD": "BRNord.de",
      "SWR RP HD": "SWR-rp.de",
      "HR HD": "HR.de",
      "rbb Berlin HD": "rbbBerlin.de",
      "SR Fernsehen HD": "SRFernsehen.de",
      "ZDFneo HD": "ZDFneo.de",
      "tagesschau24 HD": "tagesschau24.de",
      "ONE HD": "One.de",
      "ZDFinfo HD": "ZDFinfo.de",
      "ARD-alpha HD": "ARD-alpha.de",
      "Zee.One HD": "ZeeOne.de",
      "eoTV HD": "eoTV.de",
      "Der Aktionär TV HD": "DAF.de",
      "Fashion TV HD": "FashionTV.eu",
      "HSE 24 HD": "HSE24.de",
      "HSE24 Extra HD": "HSE24Extra.de",
      "1-2-3 TV HD": "123.tv.de",
      "QVC HD": "QVC.de",
      "QVC 2 HD": "QVCPlus.de",
      "QVC Style HD": "QVCBeauty.de",
      "Channel 21 HD": "Channel21.de",
      "Bibel TV HD": "BibelTV.de",
      "HGTV HD": "HGTV.de",
      "BR Fernsehen Süd HD": "BR.de",
      "MDR SACHSEN-ANHALT HD": "MDRS-Anhalt.de",
      "MDR THÜRINGEN HD": "MDRThuringen.de",
      "NDR Hamburg HD": "ndr.de",
      "NDR Mecklenburg-Vorpommern HD": "ndrmv.de",
      "NDR Schleswig-Holstein HD": "ndrsh.de",
      "rbb Brandenburg HD": "rbbBrandenburg.de",
      "SWR BW HD": "SWR.de",
      "WDR Aachen HD": "WDRAachen.de",
      "WDR Bielefeld HD": "WDRBielefeld.de",
      "WDR Bonn HD": "WDRBonn.de",
      "WDR Dortmund HD": "WDRDortmund.de",
      "WDR Düsseldorf HD": "WDRDuesseldorf.de",
      "WDR Duisburg HD": "WDRDuisburg.de",
      "WDR Essen HD": "WDREssen.de",
      "WDR Muenster HD": "WDRMuenster.de",
      "WDR Siegen HD": "WDRSiegen.de",
      "WDR Wuppertal HD": "WDRWuppertal.de",
      "NRWision HD": "nrwision.de",
      "CNN International HD": "CNN.nws",
      "CNNMoney Switzerland HD": "CNNMoney.ch",
      "Al Jazeera English HD": "AlJazeera.nws",
      "Al Jazeera HD": "AlJazeeraArabe.nws",
      "EuroNews [en] HD": "Euronews.nws",
      "GOD TV": "GODChannel.eu",
      "TVE HD": "TVE.sp",
      "24H HD": "Canal24Horas.es",
      "Fix&Foxi": "FixFoxi.de",
      "Stingray CMusic": "CMusic.eu",
      "Spiegel Geschichte HD": "SpiegelGeschichte.de",
      "Klasik TV": "Klassik.hr",
      "Cem TV": "cem.hr",
      "DMAX": "DMax.de",
      "Disney Channel": "disneychannel.de",
      "RTLplus": "RTLPlus.de",
      "TLC": "TLC.de",
      "Kabel Eins Doku": "KabelEinsDoku.de",
      "National Geographic Wild HD": "NatGeoWild.de",
      "TOGGO plus": "TOGGOplus.de",
      "BBC World News": "BBCWorldNews.nws",
      "Eurosport 1": "Eurosport1.de",
      "Rheinmain TV": "rheinmaintv.de",
      "Sat.1 Bayern": "Sat1Bayern.de",
      "Sat.1 Hamburg / Schleswig-Holstein": "Sat1HHSH.de",
      "Sat.1 Niedersachsen / Bremen": "Sat1HBNDS.de",
      "Sat.1 NRW": "Sat1NRW.de",
      "Sat.1 Rheinland-Pfalz / Hessen": "Sat1RPHessen.de",
      "Crime + Investigation": "CrimeInvestigation.de",
      "Discovery": "DiscoveryChannel.de",
      "GEO Television": "GEOTV.de",
      "History Channel": "History.de",
      "National Geographic": "NatGeo.de",
      "Planet": "PLANET.de",
      "13th Street": "13thStreet.de",
      "FOX": "FOX.de",
      "ProSieben FUN": "ProSiebenFun.de",
      "RTL Crime": "RTLCrime.de",
      "RTL Passion": "RTLPassion.de",
      "Syfy": "SciFi.de",
      "TNT Comedy": "TNTComedy.de",
      "TNT Film": "TNTFilm.de",
      "TNT Serie": "TNTSerie.de",
      "Universal TV":"Universal.de",
      "Baby TV": "BabyTV.uk",
      "Boomerang": "Boomerang.de",
      "Cartoon Network": "CartoonNetwork.de",
      "Nick Junior": "NickJr.de",
      "Nicktoons": "NickToons.de",
      "Bon Gusto": "BonGusto.de",
      "E!": "EEntertainment.de",
      "Gute Laune TV": "GuteLauneTV.de",
      "Jukebox": "Jukebox.de",
      "MTV Brand New": "MTVBrandNew.nl",
      "RCK.TV": "RCKTV.de",
      "RTL Living": "RTLLiving.de",
      "VH-1 Classic": "VH1Classic.eu",
      "VH1": "VH1.eu",
      "auto motor und sport Channel": "AutoMotorSport.de",
      "Eurosport 2": "Eurosport2.de",
      "eSports1": "Sport1US.de",
      "sport1+": "SPORT1Plus.de",
      "SPORTDIGITAL FUSSBALL": "sportdigital.de",
      "Euronews [it]": "EuronewsIT.nws",
      "Mediaset Italia": "Mediaset.it",
      "Rai Uno": "Rai1.it",
      "Rai Due": "Rai2.it",
      "Rai Tre": "Rai3.it",
      "TVP Polonia": "TVPolonia.pl",
      "Channel One Russia Worldwide": "CH1RUWW.nws",
      "Euronews [ru]": "EuronewsRU.nws",
      "Kinomir": "Kinomir",
      "RTR-Planeta ": "RTRPlaneta.pl",
      "OstWest": "OstWest.rs",
      "TeleBom/TeleDom": "TTelebomTeleDom.rs",
      "beIN Movies Türk": "beINMoviesTurk.fr",
      "Animal Planet": "AnimalPlanet.de"
    },
    "CH": {
      "SRF 1 HD": "SRF1.ch",
      "SRF zwei HD": "SRF2.ch",
      "SRF info HD": "SRFinfo.ch",
      "3+ HD": "3plus.ch",
      "4+ HD": "4plus.ch",
      "5+ HD": "5plus.ch",
      "6+ HD": "6plus.ch",
      "Das Erste HD": "ARD.de",
      "ZDF HD": "ZDF.de",
      "TV24 HD": "TV24.ch",
      "RTL HD": "RTL.ch",
      "Pro7 Schweiz HD": "Pro7.ch",
      "Sat.1 Schweiz HD": "Sat1.ch",
      "VOX HD": "Vox.ch",
      "RTL Zwei HD": "RTL2.ch",
      "Kabel Eins HD": "Kabel.ch",
      "Kabel Eins Doku HD": "KabelEinsDoku.de",
      "Telezüri HD": "TeleZuri.ch",
      "TV25 HD": "TV25.ch",
      "S1 HD": "S1.ch",
      "Puls 24 HD": "Puls24.at",
      "Puls 8 HD": "Puls8.ch",
      "Melodie TV": "MelodieTV.at",
      "Swiss 1 HD": "Swiss1.ch",
      "Star TV HD": "StarTV.ch",
      "ORF1 HD": "ORF1.at",
      "ORF2 HD": "ORF2.at",
      "DMAX": "DMax.ch",
      "DMAX HD": "DMax.ch",
      "HGTV": "HGTV.de",
      "HGTV HD": "HGTV.de",
      "VOXup HD": "VOXup.de",
      "ProSieben MAXX Schweiz HD": "ProSiebenMaxx.ch",
      "NITRO HD": "RTLNitro.ch",
      "Comedy Central HD": "ComedyCentral/VIVA.ch",
      "Rocket Beans TV HD": "RocketBeans.de",
      "N24 Doku": "N24Doku.de",
      "Welt der Wunder": "WeltDerWunder.de",
      "SAT.1 Gold HD": "Sat1Gold.de",
      "Sixx HD": "Sixx.ch",
      "TLC": "TLC.de",
      "TLC HD": "TLC.de",
      "TELE 5 HD": "Tele5.de",
      "RTLplus HD": "RTLPlus.de",
      "Anixe+": "AnixePlus.de",
      "Anixe+ HD": "AnixePlus.de",
      "ANIXE HD Serie": "AnixeHD.de",
      "ANIXE Serie": "AnixeHD.de",
      "Servus TV Deutschland HD": "ServusHD.de",
      "eoTV HD": "eoTV.de",
      "Channel 55": "Channel55.ch",
      "Super RTL Schweiz HD": "SuperRTL.ch",
      "Disney Channel": "disneychannel.de",
      "Nick HD": "Nickelodeon.ch",
      "Kika HD": "Kika.de",
      "RiC": "RiC.de",
      "TOGGO plus HD": "TOGGOplus.de",
      "ARTE HD": "ARTE.de",
      "3Sat HD": "3sat.de",
      "Phoenix HD": "phoenix.de",
      "BR Fernsehen Süd HD": "BR.de",
      "HR HD": "HR.de",
      "MDR SACHSEN HD": "MDRSachsen.de",
      "NDR Niedersachsen HD": "ndrnds.de",
      "rbb Berlin HD": "rbbBerlin.de",
      "SR Fernsehen HD": "SRFernsehen.de",
      "SWR BW HD": "SWR.de",
      "WDR Köln HD": "WDR.de",
      "Radio Bremen TV HD": "RadioBremen.de",
      "tagesschau24 HD": "tagesschau24.de",
      "ONE HD": "One.de",
      "ARD-alpha HD": "ARD-alpha.de",
      "ZDFinfo HD": "ZDFinfo.de",
      "ZDFneo HD": "ZDFneo.de",
      "HSE": "HSE24.de",
      "HSE HD": "HSE24.de",
      "HSE Extra": "HSE24Extra.de",
      "HSE Extra HD": "HSE24Extra.de",
      "HSE Trend": "HSE24Trend.de",
      "ProSieben FUN HD": "ProSiebenFun.de",
      "Kabel Eins CLASSICS": "KabelEinsClassic.de",
      "Sat.1 emotions": "Sat1Comedy.de",
      "auto motor und sport Channel HD": "AutoMotorSport.de",
      "Motorvision TV HD": "MotorVision.de",
      "doxx HD": "PLANET.de",
      "Kinowelt TV": "Kinowelt.de",
      "Fuel TV HD": "FuelTV.pt",
      "Blue Hustler": "BlueHustler.ero",
      "RCK.TV HD": "RCKTV.de",
      "Stingray CMusic": "CMusic.eu",
      "Fix&amp;Foxi": "FixFoxi.de",
      "Jukebox HD": "Jukebox.de",
      "Gute Laune TV HD": "GuteLauneTV.de",
      "Spiegel TV Wissen HD": "SpiegelTV.de",
      "GoldStar TV": "GoldstarTV.de",
      "Heimatkanal": "Heimatkanal.de",
      "Romance TV": "Romance.de",
      "Tele Top HD": "TeleTop.ch",
      "TeleBärn HD": "TeleBaern.ch",
      "TeleBasel HD": "TeleBasel.ch",
      "TeleBielingue HD": "TeleBielingue.ch",
      "Tele M1 HD": "TeleM1.ch",
      "Tele 1 HD": "Tele1.ch",
      "Tele Swizz HD": "BeCuriousTV.ch",
      "Canal9": "Canal9.ch",
      "LaTele": "LaTele.ch",
      "TeleZ": "TeleZ.ch",
      "Leman Bleu HD": "LemanBleu.ch",
      "Canal Alpha NE HD": "CanalAlpha.ch",
      "Booster TV HD": "BoosterTV.ch",
      "TVO": "TVO.ch",
      "TVO HD": "TVO.ch",
      "TV Oberwallis": "TVOberwallis.ch",
      "TV Oberwallis HD": "TVOberwallis.ch",
      "TeleSüdostschweiz HD": "TSO.ch",
      "TeleTicino HD": "TeleTicino.ch",
      "Kanal9": "Kanal9.ch",
      "TVM3": "TVM3.ch",
      "R9 Österreich HD": "R9Osterreich.at",
      "TV8 Mont-Blanc HD": "TV8MontBlanc.ch",
      "Sport1 HD": "Sport1HD.de",
      "Eurosport 1": "Eurosport1.de",
      "Sky Sport News HD": "SkySportNewsHD.de",
      "Teleclub Zoom HD": "TCZoom.ch",
      "Teleclub Zoom [fr] HD": "TCZoomFR.ch",
      "Hustler TV": "HustlerHD.ero",
      "Private TV": "PrivateTV.ero",
      "VISIT-X.TV": "VisitX.de",
      "Helvetia One TV HD": "HelvetiaOne.ch",
      "TV Suisse Plus HD": "TVSuissePlus.ch",
      "Al Jazeera English HD": "AlJazeera.nws",
      "Al Jazeera HD": "AlJazeeraArabe.nws",
      "Bloomberg TV": "Bloomberg.nws",
      "CNN International HD": "CNN.nws",
      "CNNMoney Switzerland HD": "CNNMoney.ch",
      "BBC World News HD": "BBCWorldNews.nws",
      "Sky News": "SkyNews.uk",
      "CNBC Europe": "CNBC.nws",
      "CNBC Europe HD": "CNBC.nws",
      "Euronews [ger]": "EuronewsDE.nws",
      "EuroNews [en] HD": "Euronews.nws",
      "France 24 HD [en]": "France24.fr",
      "France 24 HD [fr]": "France24fr.fr",
      "WELT HD": "WELT.de",
      "n-tv HD": "ntv.ch",
      "Der Aktionär TV HD": "DAF.de",
      "Deutsche Welle": "DeutscheWelleDE.de",
      "Deutsche Welle [en]": "DeutscheWelleEN.de",
      "Deutsche Welle Arabic": "DeutscheWelleAR.de",
      "wetter.tv": "Wetterfernsehen.ch",
      "i24NEWS [en]": "i24News.en.nws",
      "i24NEWS [fr]": "i24News.fr",
      "BVN": "BVN.be",
      "MTV HD": "MTV.ch",
      "VIVA HD": "ComedyCentral\/VIVA.ch",
      "DELUXE MUSIC HD": "DeLuxeMusic.de",
      "Deutsches Musik Fernsehen": "DeutschesMusikFernsehen.de",
      "Folx TV": "FolxTV.de",
      "GoTV": "go.tv",
      "Kiss TV": "KissTV.uk",
      "Clubland TV": "ClublandTV.uk",
      "Now 90s": "ChilledTV.uk",
      "Box Upfront": "BoxUpfront.uk",
      "Chart Show TV": "ChartShowTV.uk",
      "Zee.One HD": "ZeeOne.de",
      "QS24": "QS24.ch",
      "QS24 HD": "QS24.ch",
      "Health.tv": "HealthTV.de",
      "Fashion TV HD": "FashionTV.eu",
      "NASA TV": "NASA.us",
      "Bibel TV HD": "BibelTV.de",
      "GOD Channel": "GODChannel.eu",
      "SONLife": "Sonlife.uk",
      "K-TV": "KTV.de",
      "KTO": "KTO.fr",
      "NETVIET": "NetViet.vn",
      "Arirang TV HD": "ArirangTv.kr",
      "RT Documentary": "RTDocumentary.pl",
      "ITV 1 HD": "ITV1London.uk",
      "ITV 2": "ITV2.uk",
      "ITV 3": "ITV3.uk",
      "ITV 4": "ITV4.uk",
      "ITVBe": "ITVBe.uk",
      "BBC One HD": "BBC1London.uk",
      "BBC Two HD": "BBC2.uk",
      "BBC Four HD": "BBC4.uk",
      "BBC News HD": "BBCNews.nws",
      "BBC Parliament": "BBCParliament.uk",
      "BBC Arabic": "BBCArabic.net",
      "CBBC HD": "CBBC.uk",
      "CBeebies HD": "CBeebies.uk",
      "Channel 4 HD": "Channel4.uk",
      "Channel 5 HD": "Channel5.uk",
      "5USA": "FiveUSA.uk",
      "5Spike": "Spike.uk",
      "5SELECT": "My5.uk",
      "E4": "E4.uk",
      "Film 4": "Film4.uk",
      "More 4": "More4.uk",
      "4Seven": "4Seven.uk",
      "S4C HD": "S4C.uk",
      "4Music TV": "4MusicTV.ae",
      "Drama": "Drama.uk",
      "Paramount Network": "Paramount.uk",
      "Dave": "Dave.uk",
      "Yesterday": "Yesterday.uk",
      "Pick": "PickTV.uk",
      "Challenge": "Challenge.uk",
      "Food Network": "FoodNetwork.uk",
      "Travel Channel": "TravelChannel.uk",
      "PBS America": "PBS.uk",
      "FreeSports HD": "FreeSports.uk",
      "RTS un HD": "RTSUn.ch",
      "RTS deux HD": "RTSDeux.ch",
      "TF1 HD": "TF1.fr",
      "M6 Suisse HD": "M6.fr",
      "France 2 HD": "France2.fr",
      "France 3 HD": "France3.fr",
      "France 4 HD": "France4.fr",
      "France 5 HD": "France5.fr",
      "TMC": "TMC.fr",
      "C8 HD": "C8.fr",
      "W9 Suisse": "W9.fr",
      "ARTE [fr] HD": "ARTE.fr",
      "Gulli HD": "Gulli.fr",
      "NRJ 12 HD": "NRJ12.fr",
      "TV5 Monde FBS": "TV5MondeFBS.fr",
      "TV5 Monde": "TV5MondeEurope.fr",
      "BFM TV HD": "BFMTV.fr",
      "CNEWS HD": "CNews.fr",
      "CSTAR HD": "CStar.fr",
      "TFX HD": "TFX.fr",
      "TF1 Séries Films": "TF1SeriesFilms.fr",
      "TF1 Séries Films HD": "TF1SeriesFilms.fr",
      "L'Équipe": "EquipeTV.fr",
      "6ter": "6ter.fr",
      "RMC Story": "Numero23.fr",
      "RMC Découverte": "RMCdecouverte.fr",
      "Chérie 25": "Cherie25.fr",
      "LCI HD": "LCI.fr",
      "France Info": "Franceinfo.fr",
      "France Info HD": "Franceinfo.fr",
      "Rouge TV HD": "RougeTV.ch",
      "One TV HD": "OneTV.ch",
      "LFM TV HD": "LFMTV.ch",
      "Euronews [fr]": "EuronewsFR.nws",
      "RSI La1 HD": "RSILa1.ch",
      "RSI La2 HD": "RSILa2.ch",
      "Canale 5 HD": "Canale5.it",
      "Rai Uno HD": "Rai1.it",
      "Rai Due HD": "Rai2.it",
      "Rai Tre HD": "Rai3.it",
      "Rai 4": "Rai4.it",
      "Rai 5": "Rai5.it",
      "Rai Movie": "RaiMovie.it",
      "Rai Premium": "RaiPremium.it",
      "Rai Sport": "RaiSport.it",
      "Rai Sport + HD": "RaiSportPlus.it",
      "RAI News": "RaiNews.it",
      "Rai Gulp": "RaiGulp.it",
      "Rai Yoyo": "RaiYoyo.it",
      "Rai Scuola": "RaiScuola.it",
      "Rai Storia": "RaiStoria.it",
      "Paramount Channel Italy": "ParamountChannel.it",
      "Italia 1 HD": "Italia1.it",
      "Italia 2": "Italia2.it",
      "Rete 4 HD": "Rete4.it",
      "20 Mediaset": "20Mediaset.it",
      "Iris": "Iris.it",
      "La5": "LA5.it",
      "La 7 HD": "La7.it",
      "La 7 d HD": "La7d.it",
      "Real Time": "RealTime.it",
      "Class TV Moda": "ClassTVModa.it",
      "Alice": "Alice.it",
      "Alma TV HD": "Alma.it",
      "Cielo": "Cielo.it",
      "RTL 102.5": "RTL102.5TV.it",
      "NOVE": "Nove.it",
      "TV8": "Tv8.it",
      "TV2000": "TV2000.it",
      "DMAX Italia": "DMAX.it",
      "Spike Italia": "Spike.it",
      "Giallo": "Giallo.it",
      "Marcopolo": "Marcopolo.it",
      "Focus": "Focus.it",
      "SuperTennis HD": "SuperTennis.it",
      "Canale Italia": "CanaleItalia.it",
      "Euronews [it]": "EuronewsIT.nws",
      "Sky TG24": "SkyTG24.it",
      "UniNettuno University TV": "UNINETTUNOUniversityTV.it",
      "Telepace HD": "Telepace.it",
      "Boing": "Boing.it",
      "Boing Plus": "BoingPlus.it",
      "Frisbee": "Frisbee.it",
      "K2": "K2.it",
      "Cartoonito": "Cartoonito.it",
      "Super!": "Super!.it",
      "TVE HD": "TVE.sp",
      "24H": "Canal24Horas.es",
      "Deutsche Welle Spanish": "DeutscheWelleES.de",
      "BN-TV HD": "BNTV.hr",
      "CMC - Croatian Music Channel": "CMC.hr",
      "DM Sat": "DMSat.hr",
      "HRT 1 HD": "HRTTV1.hr",
      "HRT 4 HD": "HRT4.hr",
      "HRT Int.": "HRT5.hr",
      "ITVN": "iTVN.pl",
      "ITVN Extra": "iTVNExtra.pl",
      "TVN24": "TVN24.pl",
      "Euro D": "EuroD.bg",
      "Euro Star": "EUROSTAR.il",
      "Kanal 7 Avrupa": "Kanal7.tr",
      "Kanal 7 Avrupa HD": "Kanal7.tr",
      "CNN TÜRK": "CNN.tr",
      "Bloomberg HT": "Bloomberg.tr",
      "Halk TV": "HalkTV.tr",
      "Show Turk": "15.Show TV.digiturk.com.tr",
      "Showmax": "Showmax.tr",
      "Haber Türk TV": "31.HaberTURK.digiturk.com.tr",
      "TV8 Int": "TV8.tr",
      "PowerTürk TV": "PowerTurk.tr",
      "dream TÜRK": "DreamTurk.tr",
      "ÜLKE TV": "UlkeTV.tr",
      "RTP Internacional": "RTPi.pt",
      "RTP3": "RTP3.pt",
      "RecordTV HD": "tvrecord.pt",
      "Record News": "RecordNews.pt",
      "Kuriakos TV HD": "KURIAKOSTV.pt",
      "Pink Plus": "PINKPlus.hr",
      "Pink Extra": "PinkExtra.si",
      "Pink Reality": "PinkReality.rs",
      "Pink Film": "PinkFilm.rs",
      "Pink Serije": "PinkSerije.rs",
      "Pink World": "PinkWorld.rs",
      "Pink Kids": "PINKKids.rs",
      "Pink Koncert": "PinkLive.rs",
      "Pink Folk": "PinkFolk1.rs",
      "Pink Music": "PinkMusic.si",
      "ran FIGHTING HD": "ranFIGHTING.de",
      "Orf III": "ORF3.at",
      "Orf III HD": "ORF3.at",
      "N24 Doku HD": "N24Doku.de",
      "Fix&Foxi": "FixFoxi.de",
      "Spiegel Geschichte HD": "SpiegelGeschichte.de",
      "1FLTV HD": "1FLTV.de",
      "Canal Alpha JU HD": "CanalAlphaJU.ch",
      "Trace Urban": "TraceUrban.fr",
      "GOD TV": "GODChannel.eu",
      "24H HD": "Canal24Horas.es",
      "Klasik TV": "Klassik.hr",
      "Cem TV": "cem.hr",
      "Animal Planet": "AnimalPlanet.de"
    },
    "AT": {
      "Das Erste HD": "ARD.de",
      "ZDF HD": "ZDF.de",
      "Sport1 HD": "Sport1HD.de",
      "Comedy Central HD": "ComedyCentral/VIVA.de",
      "Nick Austria HD": "Nickelodeon.at",
      "Nick/CC+1 HD": "Nickelodeon.de",
      "WELT HD": "WELT.de",
      "Servus TV Österreich HD": "ServusHD.at",
      "Kika HD": "Kika.de",
      "Rocket Beans TV HD": "RocketBeans.de",
      "Welt der Wunder": "WeltDerWunder.de",
      "MTV Germany HD": "MTVGermany.de",
      "Bibel TV HD": "BibelTV.de",
      "3Sat HD": "3sat.de",
      "ARTE HD": "ARTE.de",
      "N24 Doku HD": "N24Doku.de",
      "Phoenix HD": "phoenix.de",
      "NDR Niedersachsen HD": "ndrnds.de",
      "MDR SACHSEN HD": "MDRSachsen.de",
      "WDR Köln HD": "WDR.de",
      "HR HD": "HR.de",
      "rbb Berlin HD": "rbbBerlin.de",
      "SR Fernsehen HD": "SRFernsehen.de",
      "Radio Bremen TV HD": "RadioBremen.de",
      "ZDFneo HD": "ZDFneo.de",
      "tagesschau24 HD": "tagesschau24.de",
      "ONE HD": "One.de",
      "ZDFinfo HD": "ZDFinfo.de",
      "ARD-alpha HD": "ARD-alpha.de",
      "RTL Österreich HD": "RTL.at",
      "Pro7 Österreich HD": "Pro7.at",
      "Sat1 Österreich HD": "Sat1.at",
      "VOX Österreich HD": "Vox.at",
      "Kabel Eins Österreich HD": "Kabel1.at",
      "RTL Zwei Österreich HD": "RTL2.at",
      "Super RTL Österreich HD": "SuperRTL.at",
      "Sixx Österreich HD": "SixxAustria.at",
      "Pro7 Maxx Österreich HD": "ProSiebenMaxx.at",
      "n-tv Österreich HD": "ntv.at",
      "NITRO Österreich HD": "RTLNitro.at",
      "Sat1 Gold Österreich HD": "Sat1Gold.at",
      "RTLplus Österreich HD": "RTLPlus.at",
      "Kabel Eins Doku HD": "KabelEinsDoku.de",
      "BR Fernsehen Nord HD": "BRNord.de",
      "SWR RP HD": "SWR-rp.de",
      "QVC HD": "QVC.de",
      "QVC ZWEI HD": "QVCPlus.de",
      "QVC STYLE HD": "QVCBeauty.de",
      "CHANNEL21 HD": "Channel21.de",
      "HSE HD": "HSE24.de",
      "HSE Extra HD": "HSE24Extra.de",
      "HSE Trend": "HSE24Trend.de",
      "eoTV HD": "eoTV.de",
      "RiC": "RiC.de",
      "Schau TV HD": "SchauTV.at",
      "France 24 HD [en]": "France24.fr",
      "France 24 HD [fr]": "France24fr.fr",
      "Arirang TV HD": "ArirangTv.kr",
      "ATV HD": "ATV.de",
      "ATV 2 HD": "ATV2.at",
      "Krone TV HD": "KroneTV.at",
      "Puls 4 HD": "Puls4.at",
      "Puls 24 HD": "Puls24.at",
      "oe24.TV HD": "oe24.TV",
      "W24 HD": "W24.at",
      "R9 Österreich HD": "R9.at",
      "SRF info HD": "SRFinfo.ch",
      "QS24 HD": "QS24.ch",
      "ORF1 HD": "ORF1.at",
      "ORF2 HD": "ORF2.at",
      "ORF2 Oberösterreich HD": "ORF2Oberösterreich.at",
      "ORF 2 Burgenland HD": "ORF2Burgenland.at",
      "ORF 2 Kärnten HD": "ORF2Kärnten.at",
      "ORF 2 Niederösterreich HD": "ORF2Nö.at",
      "ORF 2 Salzburg HD": "ORF2Salzburg.at",
      "ORF 2 Steiermark HD": "ORF2Steiermark.at",
      "ORF 2 Tirol HD": "ORF2Tirol.at",
      "ORF 2 Vorarlberg HD": "ORF2Vorarlberg.at",
      "Orf III HD": "ORF3.at",
      "ORF Sport+ HD": "ORFSport.at"
    },
    "IE": {
    },
    "XX": {
       "1-2-3 TV": "123.tv.de",
      "20 Mediaset": "20Mediaset.it",
      "24H": "Canal24Horas.es",
      "3+ HD": "3plus.ch",
      "3sat": "3sat.de",
      "3Sat HD": "3sat.de",
      "4+ HD": "4plus.ch",
      "4Music TV": "4MusicTV.ae",
      "4Seven": "4Seven.uk",
      "5+ HD": "5plus.ch",
      "5SELECT": "My5.uk",
      "5Spike": "Spike.uk",
      "5USA": "FiveUSA.uk",
      "6+ HD": "6plus.ch",
      "6ter": "6ter.fr",
      "Alice": "Alice.it",
      "Al Jazeera": "AlJazeeraArabe.nws",
      "Al Jazeera English": "AlJazeera.nws",
      "Al Jazeera English HD": "AlJazeera.nws",
      "Al Jazeera HD": "AlJazeeraArabe.nws",
      "Anixe+": "AnixePlus.de",
      "Anixe HD": "AnixeHD.de",
      "ARD-alpha": "ARD-alpha.de",
      "ARD-alpha HD": "ARD-alpha.de",
      "Arirang TV HD": "ArirangTv.kr",
      "ARTE": "ARTE.de",
      "ARTE [fr] HD": "ARTE.fr",
      "ARTE HD": "ARTE.de",
      "auto motor und sport Channel HD": "AutoMotorSport.de",
      "Baden TV": "BadenTV.de",
      "Baden TV Süd HD": "BadenTVSud.de",
      "BBC Arabic": "BBCArabic.net",
      "BBC Four HD": "BBC4.uk",
      "BBC News HD": "BBCNews.nws",
      "BBC One HD": "BBC1London.uk",
      "BBC Parliament": "BBCParliament.uk",
      "BBC Two HD": "BBC2.uk",
      "BBC World News": "BBCWorldNews.nws",
      "BBC World News HD": "BBCWorldNews.nws",
      "beCuriousTV": "BeCuriousTV.ch",
      "BFM TV": "BFMTV.fr",
      "Bibel TV": "BibelTV.de",
      "Bibel TV HD": "BibelTV.de",
      "Bloomberg TV": "Bloomberg.nws",
      "Blue Hustler": "BlueHustler.ero",
      "BN-TV HD": "BNTV.hr",
      "Boing": "Boing.it",
      "Booster TV HD": "BoosterTV.ch",
      "Box Upfront": "BoxUpfront.uk",
      "BR Fernsehen Nord": "BRNord.de",
      "BR Fernsehen Nord HD": "BRNord.de",
      "BR Fernsehen Süd": "BR.de",
      "BR Fernsehen Süd HD": "BR.de",
      "BVN": "BVN.be",
      "C8 HD": "C8.fr",
      "Canal9": "Canal9.ch",
      "Canal Alpha NE HD": "CanalAlpha.ch",
      "Canale 5 HD": "Canale5.it",
      "Canale Italia": "CanaleItalia.it",
      "Cartoonito": "Cartoonito.it",
      "CBBC HD": "CBBC.uk",
      "CBeebies HD": "CBeebies.uk",
      "Challenge": "Challenge.uk",
      "Channel 21": "Channel21.de",
      "Channel 4 HD": "Channel4.uk",
      "Channel 55": "Channel55.ch",
      "Channel 5 HD": "Channel5.uk",
      "Chart Show TV": "ChartShowTV.uk",
      "Chérie 25": "Cherie25.fr",
      "Cielo": "Cielo.it",
      "Class TV Moda": "ClassTVModa.it",
      "Clubland TV": "ClublandTV.uk",
      "CMC - Croatian Music Channel": "CMC.hr",
      "C Music": "CMusic.eu",
      "CNBC Europe": "CNBC.nws",
      "CNEWS HD": "CNews.fr",
      "CNN International": "CNN.nws",
      "CNN International HD": "CNN.nws",
      "CNNMoney Switzerland HD": "CNNMoney.ch",
      "CNN TÜRK": "CNN.tr",
      "Comedy Central": "ComedyCentral/VIVA.de",
      "Comedy Central HD": "ComedyCentral/VIVA.de",
      "CSTAR HD": "CStar.fr",
      "Das Erste": "ARD.de",
      "Das Erste HD": "ARD.de",
      "Dave": "Dave.uk",
      "DELUXE MUSIC": "DeLuxeMusic.de",
      "DELUXE MUSIC HD": "DeLuxeMusic.de",
      "Der Aktionär TV": "DAF.de",
      "Der Aktionär TV HD": "DAF.de",
      "Deutsches Musik Fernsehen": "DeutschesMusikFernsehen.de",
      "Deutsche Welle Arabic": "DeutscheWelleAR.de",
      "Deutsche Welle": "DeutscheWelleDE.de",
      "Deutsche Welle [en]": "DeutscheWelleEN.de",
      "Deutsche Welle Spanish": "DeutscheWelleES.de",
      "Disney Channel": "disneychannel.de",
      "DMAX": "DMax.ch",
      "DMAX HD": "DMax.de",
      "DMAX Italia": "DMAX.it",
      "DM Sat": "DMSat.hr",
      "Drama": "Drama.uk",
      "dream TÜRK": "DreamTurk.tr",
      "E4": "E4.uk",
      "eoTV": "eoTV.de",
      "eoTV HD": "eoTV.de",
      "eSports1 HD": "eSports1.de",
      "Euro D": "EuroD.bg",
      "EuroNews [en]": "Euronews.nws",
      "EuroNews [en] HD": "Euronews.nws",
      "Euronews [fr]": "EuronewsFR.nws",
      "Euronews [ger]": "EuronewsDE.nws",
      "Euronews [it]": "EuronewsIT.nws",
      "Eurosport 1": "Eurosport1.de",
      "Eurosport 1 HD": "Eurosport1.de",
      "Euro Star": "EUROSTAR.il",
      "Family TV": "FamilyTV.de",
      "Fashion TV": "FashionTV.eu",
      "Fashion TV HD": "FashionTV.eu",
      "Film 4": "Film4.uk",
      "Fix&amp;Foxi": "FixFoxi.de",
      "Focus": "Focus.it",
      "Folx TV": "FolxTV.de",
      "Food Network": "FoodNetwork.uk",
      "France 24 [en]": "France24.fr",
      "France 24 [fr]": "France24fr.fr",
      "France 24 HD [en]": "France24.fr",
      "France 24 HD [fr]": "France24fr.fr",
      "France 2 HD": "France2.fr",
      "France 3 HD": "France3.fr",
      "France 4 HD": "France4.fr",
      "France 5 HD": "France5.fr",
      "France Info": "Franceinfo.fr",
      "France Ô HD": "FranceO.fr",
      "FreeSports HD": "FreeSports.uk",
      "Frisbee": "Frisbee.it",
      "Fuel TV HD": "FuelTV.pt",
      "Giallo": "Giallo.it",
      "Globo HD": "TVGlobo.pt",
      "GOD Channel": "GODChannel.eu",
      "GoldStar TV": "GoldstarTV.de",
      "GoTV": "go.tv",
      "Gulli HD": "Gulli.fr",
      "Gute Laune TV HD": "GuteLauneTV.de",
      "Haber Türk TV": "31.HaberTURK.digiturk.com.tr",
      "Halk TV": "HalkTV.tr",
      "Health.tv": "HealthTV.de",
      "Heimatkanal": "Heimatkanal.de",
      "HGTV": "HGTV.de",
      "HGTV HD": "HGTV.de",
      "HR HD": "HR.de",
      "HR": "HR.de",
      "HRT 1 HD": "HRTTV1.hr",
      "HRT 4 HD": "HRT4.hr",
      "HRT Int.": "HRT5.hr",
      "HSE24 Extra HD": "HSE24Extra.de",
      "HSE24 Extra": "HSE24Extra.de",
      "HSE HD": "HSE24.de",
      "HSE": "HSE24.de",
      "HSE24 Trend": "HSE24Trend.de",
      "Hustler TV": "HustlerHD.ero",
      "i24NEWS [en]": "i24News.en.nws",
      "i24NEWS [fr]": "i24News.fr",
      "Iris": "Iris.it",
      "Italia 1 HD": "Italia1.it",
      "Italia 2": "Italia2.it",
      "ITV 1 HD": "ITV1London.uk",
      "ITV 2": "ITV2.uk",
      "ITV 3": "ITV3.uk",
      "ITV 4": "ITV4.uk",
      "ITVBe": "ITVBe.uk",
      "ITVN Extra": "iTVNExtra.pl",
      "ITVN": "iTVN.pl",
      "Jukebox HD": "Jukebox.de",
      "Juwelo HD": "JuweloTV.de",
      "K2": "K2.it",
      "Kabel 1 Doku": "KabelEinsDoku.de",
      "Kabel Eins CLASSICS": "KabelEinsClassic.de",
      "Kabel Eins Deutschland HD": "Kabel.de",
      "Kabel Eins Doku": "KabelEinsDoku.de",
      "Kabel Eins Doku HD": "KabelEinsDoku.de",
      "Kabel Eins HD": "Kabel.ch",
      "Kanal 7 Avrupa": "Kanal7.tr",
      "Kanal9": "Kanal9.ch",
      "Kika HD": "Kika.de",
      "KiKA": "Kika.de",
      "Kinowelt TV": "Kinowelt.de",
      "Kiss TV": "KissTV.uk",
      "KTO": "KTO.fr",
      "K-TV": "KTV.de",
      "Kuriakos TV HD": "KURIAKOSTV.pt",
      "La5": "LA5.it",
      "La 7 d HD": "La7d.it",
      "La 7 HD": "La7.it",
      "LaTele": "LaTele.ch",
      "LCI HD": "LCI.fr",
      "Leman Bleu HD": "LemanBleu.ch",
      "L'Équipe": "EquipeTV.fr",
      "LFM TV HD": "LFMTV.ch",
      "M6 Suisse HD": "M6.fr",
      "Marcopolo": "Marcopolo.it",
      "MDR SACHSEN-ANHALT": "MDRS-Anhalt.de",
      "MDR SACHSEN HD": "MDRSachsen.de",
      "MDR SACHSEN": "MDRSachsen.de",
      "MDR THÜRINGEN": "MDRThuringen.de",
      "MDR THÜRINGEN HD": "MDRThuringen.de",
      "MDR SACHSEN-ANHALT HD": "MDRS-Anhalt.de",
      "More 4": "More4.uk",
      "Motorvision TV HD": "MotorVision.de",
      "MTV Germany": "MTVGermany.de",
      "MTV Germany HD": "MTVGermany.de",
      "MTV HD": "MTV.ch",
      "N24 Doku": "N24Doku.de",
      "NASA TV": "NASA.us",
      "National Geographic Wild HD": "NatGeoWild.de",
      "NDR Hamburg": "ndr.de",
      "NDR Hamburg HD": "ndr.de",
      "NDR Mecklenburg-Vorpommern": "ndrmv.de",
      "NDR Mecklenburg-Vorpommern HD": "ndrmv.de",
      "NDR Niedersachsen HD": "ndrnds.de",
      "NDR Niedersachsen": "ndrnds.de",
      "NDR Schleswig-Holstein": "ndrsh.de",
      "NDR Schleswig-Holstein HD": "ndrsh.de",
      "NETVIET": "NetViet.vn",
      "Nick HD": "Nickelodeon.ch",
      "Nick/CC+1 HD": "Nickelodeon.de",
      "NITRO HD": "RTLNitro.de",
      "NOVE": "Nove.it",
      "Now 90s": "ChilledTV.uk",
      "NRJ 12 HD": "NRJ12.fr",
      "NRWision": "nrwision.de",
      "n-tv HD": "ntv.de",
      "ONE HD": "One.de",
      "ONE": "One.de",
      "One TV HD": "OneTV.ch",
      "ORF1 HD": "ORF1.at",
      "ORF 2 Europe": "ORF2Europe.at",
      "ORF2 HD": "ORF2.at",
      "Paramount Channel Italy": "ParamountChannel.it",
      "Paramount Network": "Paramount.uk",
      "PBS America": "PBS.uk",
      "Pearl.tv": "PearlTV.de",
      "Phoenix HD": "phoenix.de",
      "PHOENIX": "phoenix.de",
      "Pick": "PickTV.uk",
      "Pink Extra": "PinkExtra.si",
      "Pink Film": "PinkFilm.rs",
      "Pink Folk": "PinkFolk1.rs",
      "Pink Kids": "PINKKids.rs",
      "Pink Koncert": "PinkLive.rs",
      "Pink Music": "PinkMusic.si",
      "Pink Plus": "PINKPlus.hr",
      "Pink Reality": "PinkReality.rs",
      "Pink Serije": "PinkSerije.rs",
      "Pink World": "PinkWorld.rs",
      "Planet HD": "PLANET.de",
      "PowerTürk TV": "PowerTurk.tr",
      "Private TV": "PrivateTV.ero",
      "Pro7 Deutschland HD": "Pro7.de",
      "Pro7 Schweiz HD": "Pro7.ch",
      "ProSieben FUN HD": "ProSiebenFun.de",
      "ProSieben MAXX HD": "ProSiebenMaxx.de",
      "ProSieben MAXX Schweiz HD": "ProSiebenMaxx.ch",
      "Puls 8 HD": "Puls8.ch",
      "QS24": "QS24.ch",
      "QVC 2": "QVCPlus.de",
      "QVC": "QVC.de",
      "QVC Style": "QVCBeauty.de",
      "R1": "R1.rs",
      "R9 Österreich HD": "R9Osterreich.at",
      "Radio Bremen TV HD": "RadioBremen.de",
      "Radio Bremen TV": "RadioBremen.de",
      "Rai 4": "Rai4.it",
      "Rai 5": "Rai5.it",
      "Rai Due HD": "Rai2.it",
      "Rai Gulp": "RaiGulp.it",
      "Rai Movie": "RaiMovie.it",
      "RAI News": "RaiNews.it",
      "Rai Premium": "RaiPremium.it",
      "Rai Scuola": "RaiScuola.it",
      "Rai Sport + HD": "RaiSportPlus.it",
      "Rai Sport": "RaiSport.it",
      "Rai Storia": "RaiStoria.it",
      "Rai Tre HD": "Rai3.it",
      "Rai Uno HD": "Rai1.it",
      "Rai Yoyo": "RaiYoyo.it",
      "ran FIGHTING HD": "ranFIGHTING.de",
      "rbb Berlin HD": "rbbBerlin.de",
      "rbb Berlin": "rbbBerlin.de",
      "rbb Brandenburg": "rbbBrandenburg.de",
      "rbb Brandenburg HD": "rbbBrandenburg.de",
      "RCK.TV HD": "RCKTV.de",
      "Real Time": "RealTime.it",
      "Record News": "RecordNews.pt",
      "RecordTV HD": "tvrecord.pt",
      "Rete 4 HD": "Rete4.it",
      "Rheinmain TV": "rheinmaintv.de",
      "RiC": "RiC.de",
      "RMC Découverte": "RMCdecouverte.fr",
      "RMC Story": "Numero23.fr",
      "Rocket Beans TV HD": "RocketBeans.de",
      "Romance TV": "Romance.de",
      "Rouge TV HD": "RougeTV.ch",
      "RSI La1 HD": "RSILa1.ch",
      "RSI La2 HD": "RSILa2.ch",
      "RT Doc": "RTDocumentary.pl",
      "RTL 102.5": "RTL102.5TV.it",
      "RTL Deutschland HD": "RTL.de",
      "RTL HD": "RTL.ch",
      "RTLup HD": "RTLPlus.de",
      "RTLZWEI Deutschland HD": "RTL2.de",
      "RTL Zwei HD": "RTL2.ch",
      "RTP3": "RTP3.pt",
      "RTP Internacional": "RTPi.pt",
      "RTS deux HD": "RTSDeux.ch",
      "RTS un HD": "RTSUn.ch",
      "S1 HD": "S1.ch",
      "S4C HD": "S4C.uk",
      "Saarland Fernsehen 1": "Saarland1.de",
      "Sat.1 Bayern": "Sat1Bayern.de",
      "Sat.1 Deutschland HD": "Sat1.de",
      "Sat.1 emotions": "Sat1Comedy.de",
      "SAT.1 Gold HD": "Sat1Gold.de",
      "Sat.1 Hamburg / Schleswig-Holstein": "Sat1HHSH.de",
      "Sat.1 Niedersachsen / Bremen": "Sat1HBNDS.de",
      "Sat.1 NRW": "Sat1NRW.de",
      "Sat.1 Rheinland-Pfalz / Hessen": "Sat1RPHessen.de",
      "Sat.1 Schweiz HD": "Sat1.ch",
      "Servus TV Deutschland HD": "ServusHD.de",
      "Servus TV Deutschland": "ServusHD.de",
      "Showmax": "Showmax.tr",
      "Show Turk": "15.Show TV.digiturk.com.tr",
      "Sixx HD": "Sixx.de",
      "Sky News": "SkyNews.uk",
      "Sky Sport News HD": "SkySportNewsHD.de",
      "Sky TG24": "SkyTG24.it",
      "SONLife": "Sonlife.uk",
      "Sonnenklar TV": "SonnenKlar.de",
      "Spiegel TV Wissen HD": "SpiegelTV.de",
      "Spike Italia": "Spike.it",
      "Sport1 HD": "Sport1HD.de",
      "sport1+ HD": "SPORT1plus.de",
      "Sport1": "Sport1HD.de",
      "SPORTDIGITAL FUSSBALL HD": "sportdigital.de",
      "SRF 1 HD": "SRF1.ch",
      "SR Fernsehen HD": "SRFernsehen.de",
      "SR Fernsehen": "SRFernsehen.de",
      "SRF info HD": "SRFinfo.ch",
      "SRF zwei HD": "SRF2.ch",
      "Star TV HD": "StarTV.ch",
      "Stingray CMusic": "CMusic.eu",
      "Super RTL Deutschland HD": "SuperRTL.de",
      "Super RTL Schweiz HD": "SuperRTL.ch",
      "Super!": "Super!.it",
      "Swiss 1 HD": "Swiss1.ch",
      "SWR BW HD": "SWR.de",
      "SWR Fernsehen BW": "SWR.de",
      "SWR Fernsehen RP": "SWR-rp.de",
      "SWR RP HD": "SWR-rp.de",
      "tagesschau24 HD": "tagesschau24.de",
      "tagesschau24": "tagesschau24.de",
      "Tele 1 HD": "Tele1.ch",
      "TELE 5 HD": "Tele5.de",
      "TELE 5": "Tele5.de",
      "TeleBärn HD": "TeleBaern.ch",
      "TeleBasel HD": "TeleBasel.ch",
      "TeleBielingue HD": "TeleBielingue.ch",
      "Teleclub Zoom [fr] HD": "TCZoomFR.ch",
      "Teleclub Zoom HD": "TCZoom.ch",
      "Tele M1 HD": "TeleM1.ch",
      "Telepace HD": "Telepace.it",
      "TeleSüdostschweiz HD": "TSO.ch",
      "TeleTicino HD": "TeleTicino.ch",
      "Tele Top HD": "TeleTop.ch",
      "TeleZ": "TeleZ.ch",
      "Telezüri HD": "TeleZuri.ch",
      "TF1 HD": "TF1.fr",
      "TF1 Séries Films": "TF1SeriesFilms.fr",
      "TFX": "TFX.fr",
      "TIMM": "timm.de",
      "TLC HD": "TLC.de",
      "TLC": "TLC.de",
      "TMC": "TMC.fr",
      "TNT Comedy HD": "TNTComedy.de",
      "TNT Film HD": "TNTFilm.de",
      "TNT Serie HD": "TNTSerie.de",
      "TOGGO plus HD": "TOGGOplus.de",
      "Travel Channel": "TravelChannel.uk",
      "TV24 HD": "TV24.ch",
      "TV25 HD": "TV25.ch",
      "TV5 Monde FBS": "TV5MondeFBS.fr",
      "TV5 Monde": "TV5MondeEurope.fr",
      "TV8 Int": "TV8.tr",
      "TV8 Mont-Blanc HD": "TV8MontBlanc.ch",
      "TV8": "Tv8.it",
      "TVE HD": "TVE.sp",
      "TVE": "TVE.sp",
      "TVM3": "TVM3.ch",
      "TVN24": "TVN24.pl",
      "TVO": "TVO.ch",
      "UniNettuno University TV": "UNINETTUNOUniversityTV.it",
      "VISIT-X.tv": "VisitX.de",
      "VISIT-X.TV": "VisitX.de",
      "VIVA HD": "ComedyCentral\/VIVA.ch",
      "Vox Deutschland HD": "Vox.de",
      "VOX HD": "Vox.ch",
      "VOXup HD": "VOXup.de",
      "W9 Suisse": "W9.fr",
      "WDR Aachen": "WDRAachen.de",
      "WDR Bielefeld": "WDRBielefeld.de",
      "WDR Bonn": "WDRBonn.de",
      "WDR Dortmund": "WDRDortmund.de",
      "WDR Duisburg": "WDRDuisburg.de",
      "WDR Düsseldorf": "WDRDuesseldorf.de",
      "WDR Essen": "WDREssen.de",
      "WDR Köln HD": "WDR.de",
      "WDR Köln": "WDR.de",
      "WDR Muenster": "WDRMuenster.de",
      "WDR Siegen": "WDRSiegen.de",
      "WDR Wuppertal": "WDRWuppertal.de",
      "WDR Aachen HD": "WDRAachen.de",
      "WDR Bielefeld HD": "WDRBielefeld.de",
      "WDR Bonn HD": "WDRBonn.de",
      "WDR Dortmund HD": "WDRDortmund.de",
      "WDR Duisburg HD": "WDRDuisburg.de",
      "WDR Düsseldorf HD": "WDRDuesseldorf.de",
      "WDR Essen HD": "WDREssen.de",
      "WDR Muenster HD": "WDRMuenster.de",
      "WDR Siegen HD": "WDRSiegen.de",
      "WDR Wuppertal HD": "WDRWuppertal.de",
      "Welt der Wunder": "WeltDerWunder.de",
      "WELT HD": "WELT.de",
      "WELT": "WELT.de",
      "wetter.com TV": "Wetterfernsehen.de",
      "wetter.tv": "Wetterfernsehen.ch",
      "Yesterday": "Yesterday.uk",
      "ZDF HD": "ZDF.de",
      "ZDFinfo HD": "ZDFinfo.de",
      "ZDFinfo": "ZDFinfo.de",
      "ZDFneo HD": "ZDFneo.de",
      "ZDFneo": "ZDFneo.de",
      "ZDF": "ZDF.de",
      "Zee.One HD": "ZeeOne.de",
      "Zee.One": "ZeeOne.de"
    }
  }
}
